user_id,timestamp,prompt_idx,day,ema,true_sigma,true_rho,true_expected_mssd,ema_diff_squared,observed_mssd,send_prompt,decision_reason
005ec726-2fee-4093-81e7-82d981c93718,2026-06-01 00:00:00,0,0,4.0,0.8699969408572488,0.4721594999282198,0.7990393297252905,,,False,missing or insufficient EMA data
005ec726-2fee-4093-81e7-82d981c93718,2026-06-01 00:01:00,1,0,3.0,0.8699969408572488,0.4721594999282198,0.7990393297252905,1.0,1.0,True,below threshold
005ec726-2fee-4093-81e7-82d981c93718,2026-06-01 00:02:00,2,0,,0.8699969408572488,0.4721594999282198,0.7990393297252905,,1.0,True,below threshold
005ec726-2fee-4093-81e7-82d981c93718,2026-06-01 00:03:00,3,0,,0.8699969408572488,0.4721594999282198,0.7990393297252905,,1.0,True,below threshold
005ec726-2fee-4093-81e7-82d981c93718,2026-06-01 00:04:00,4,0,,0.8699969408572488,0.4721594999282198,0.7990393297252905,,,True,below threshold
005ec726-2fee-4093-81e7-82d981c93718,2026-06-01 00:05:00,5,1,,0.8699969408572488,0.4721594999282198,0.7990393297252905,,,True,below threshold
005ec726-2fee-4093-81e7-82d981c93718,2026-06-01 00:06:00,6,1,,0.8699969408572488,0.4721594999282198,0.7990393297252905,,,True,below threshold
005ec726-2fee-4093-81e7-82d981c93718,2026-06-01 00:07:00,7,1,,0.8699969408572488,0.4721594999282198,0.7990393297252905,,,True,below threshold
005ec726-2fee-4093-81e7-82d981c93718,2026-06-01 00:08:00,8,1,,0.8699969408572488,0.4721594999282198,0.7990393297252905,,,True,below threshold
005ec726-2fee-4093-81e7-82d981c93718,2026-06-01 00:09:00,9,1,4.0,0.8699969408572488,0.4721594999282198,0.7990393297252905,,,True,below threshold
005ec726-2fee-4093-81e7-82d981c93718,2026-06-01 00:10:00,10,2,3.0,0.8699969408572488,0.4721594999282198,0.7990393297252905,1.0,1.0,True,prompt sent
005ec726-2fee-4093-81e7-82d981c93718,2026-06-01 00:11:00,11,2,,0.8699969408572488,0.4721594999282198,0.7990393297252905,,1.0,True,cooldown active
005ec726-2fee-4093-81e7-82d981c93718,2026-06-01 00:12:00,12,2,,0.8699969408572488,0.4721594999282198,0.7990393297252905,,1.0,True,cooldown active
005ec726-2fee-4093-81e7-82d981c93718,2026-06-01 00:13:00,13,2,3.0,0.8699969408572488,0.4721594999282198,0.7990393297252905,,,True,cooldown active
005ec726-2fee-4093-81e7-82d981c93718,2026-06-01 00:14:00,14,2,4.0,0.8699969408572488,0.4721594999282198,0.7990393297252905,1.0,1.0,True,cooldown active
005ec726-2fee-4093-81e7-82d981c93718,2026-06-01 00:15:00,15,3,4.0,0.8699969408572488,0.4721594999282198,0.7990393297252905,0.0,0.5,True,below threshold
005ec726-2fee-4093-81e7-82d981c93718,2026-06-01 00:16:00,16,3,4.0,0.8699969408572488,0.4721594999282198,0.7990393297252905,0.0,0.3333333333333333,True,missing or insufficient EMA data
005ec726-2fee-4093-81e7-82d981c93718,2026-06-01 00:17:00,17,3,5.0,0.8699969408572488,0.4721594999282198,0.7990393297252905,1.0,0.3333333333333333,True,missing or insufficient EMA data
005ec726-2fee-4093-81e7-82d981c93718,2026-06-01 00:18:00,18,3,4.0,0.8699969408572488,0.4721594999282198,0.7990393297252905,1.0,0.6666666666666666,True,missing or insufficient EMA data
005ec726-2fee-4093-81e7-82d981c93718,2026-06-01 00:19:00,19,3,3.0,0.8699969408572488,0.4721594999282198,0.7990393297252905,1.0,1.0,True,below threshold
005ec726-2fee-4093-81e7-82d981c93718,2026-06-01 00:20:00,20,4,2.0,0.8699969408572488,0.4721594999282198,0.7990393297252905,1.0,1.0,True,below threshold
005ec726-2fee-4093-81e7-82d981c93718,2026-06-01 00:21:00,21,4,3.0,0.8699969408572488,0.4721594999282198,0.7990393297252905,1.0,1.0,True,prompt sent
005ec726-2fee-4093-81e7-82d981c93718,2026-06-01 00:22:00,22,4,1.0,0.8699969408572488,0.4721594999282198,0.7990393297252905,4.0,2.0,True,cooldown active
005ec726-2fee-4093-81e7-82d981c93718,2026-06-01 00:23:00,23,4,2.0,0.8699969408572488,0.4721594999282198,0.7990393297252905,1.0,2.0,True,cooldown active
005ec726-2fee-4093-81e7-82d981c93718,2026-06-01 00:24:00,24,4,2.0,0.8699969408572488,0.4721594999282198,0.7990393297252905,0.0,1.6666666666666667,True,below threshold
005ec726-2fee-4093-81e7-82d981c93718,2026-06-01 00:25:00,25,5,,0.8699969408572488,0.4721594999282198,0.7990393297252905,,0.5,True,below threshold
005ec726-2fee-4093-81e7-82d981c93718,2026-06-01 00:26:00,26,5,,0.8699969408572488,0.4721594999282198,0.7990393297252905,,0.0,True,below threshold
005ec726-2fee-4093-81e7-82d981c93718,2026-06-01 00:27:00,27,5,3.0,0.8699969408572488,0.4721594999282198,0.7990393297252905,,,True,below threshold
005ec726-2fee-4093-81e7-82d981c93718,2026-06-01 00:28:00,28,5,3.0,0.8699969408572488,0.4721594999282198,0.7990393297252905,0.0,0.0,True,below threshold
005ec726-2fee-4093-81e7-82d981c93718,2026-06-01 00:29:00,29,5,4.0,0.8699969408572488,0.4721594999282198,0.7990393297252905,1.0,0.5,True,below threshold
005ec726-2fee-4093-81e7-82d981c93718,2026-06-01 00:30:00,30,6,3.0,0.8699969408572488,0.4721594999282198,0.7990393297252905,1.0,0.6666666666666666,False,below threshold
005ec726-2fee-4093-81e7-82d981c93718,2026-06-01 00:31:00,31,6,3.0,0.8699969408572488,0.4721594999282198,0.7990393297252905,0.0,0.6666666666666666,True,below threshold
005ec726-2fee-4093-81e7-82d981c93718,2026-06-01 00:32:00,32,6,1.0,0.8699969408572488,0.4721594999282198,0.7990393297252905,4.0,1.6666666666666667,True,below threshold
005ec726-2fee-4093-81e7-82d981c93718,2026-06-01 00:33:00,33,6,1.0,0.8699969408572488,0.4721594999282198,0.7990393297252905,0.0,1.3333333333333333,True,below threshold
005ec726-2fee-4093-81e7-82d981c93718,2026-06-01 00:34:00,34,6,2.0,0.8699969408572488,0.4721594999282198,0.7990393297252905,1.0,1.6666666666666667,True,below threshold
05234f69-e0d6-4504-a266-37753227c0aa,2026-06-01 00:00:00,0,0,,0.4573304316314638,0.21401005038818843,0.328781362350493,,,False,missing or insufficient EMA data
05234f69-e0d6-4504-a266-37753227c0aa,2026-06-01 00:01:00,1,0,2.0,0.4573304316314638,0.21401005038818843,0.328781362350493,,,True,below threshold
05234f69-e0d6-4504-a266-37753227c0aa,2026-06-01 00:02:00,2,0,3.0,0.4573304316314638,0.21401005038818843,0.328781362350493,1.0,1.0,True,below threshold
05234f69-e0d6-4504-a266-37753227c0aa,2026-06-01 00:03:00,3,0,2.0,0.4573304316314638,0.21401005038818843,0.328781362350493,1.0,1.0,True,below threshold
05234f69-e0d6-4504-a266-37753227c0aa,2026-06-01 00:04:00,4,0,2.0,0.4573304316314638,0.21401005038818843,0.328781362350493,0.0,0.6666666666666666,True,below threshold
05234f69-e0d6-4504-a266-37753227c0aa,2026-06-01 00:05:00,5,1,3.0,0.4573304316314638,0.21401005038818843,0.328781362350493,1.0,0.6666666666666666,True,below threshold
05234f69-e0d6-4504-a266-37753227c0aa,2026-06-01 00:06:00,6,1,3.0,0.4573304316314638,0.21401005038818843,0.328781362350493,0.0,0.3333333333333333,True,below threshold
05234f69-e0d6-4504-a266-37753227c0aa,2026-06-01 00:07:00,7,1,2.0,0.4573304316314638,0.21401005038818843,0.328781362350493,1.0,0.6666666666666666,True,below threshold
05234f69-e0d6-4504-a266-37753227c0aa,2026-06-01 00:08:00,8,1,3.0,0.4573304316314638,0.21401005038818843,0.328781362350493,1.0,0.6666666666666666,True,below threshold
05234f69-e0d6-4504-a266-37753227c0aa,2026-06-01 00:09:00,9,1,2.0,0.4573304316314638,0.21401005038818843,0.328781362350493,1.0,1.0,True,below threshold
05234f69-e0d6-4504-a266-37753227c0aa,2026-06-01 00:10:00,10,2,2.0,0.4573304316314638,0.21401005038818843,0.328781362350493,0.0,0.6666666666666666,True,prompt sent
05234f69-e0d6-4504-a266-37753227c0aa,2026-06-01 00:11:00,11,2,2.0,0.4573304316314638,0.21401005038818843,0.328781362350493,0.0,0.3333333333333333,True,cooldown active
05234f69-e0d6-4504-a266-37753227c0aa,2026-06-01 00:12:00,12,2,3.0,0.4573304316314638,0.21401005038818843,0.328781362350493,1.0,0.3333333333333333,True,cooldown active
05234f69-e0d6-4504-a266-37753227c0aa,2026-06-01 00:13:00,13,2,3.0,0.4573304316314638,0.21401005038818843,0.328781362350493,0.0,0.3333333333333333,True,cooldown active
05234f69-e0d6-4504-a266-37753227c0aa,2026-06-01 00:14:00,14,2,2.0,0.4573304316314638,0.21401005038818843,0.328781362350493,1.0,0.6666666666666666,True,cooldown active
05234f69-e0d6-4504-a266-37753227c0aa,2026-06-01 00:15:00,15,3,3.0,0.4573304316314638,0.21401005038818843,0.328781362350493,1.0,0.6666666666666666,True,below threshold
05234f69-e0d6-4504-a266-37753227c0aa,2026-06-01 00:16:00,16,3,3.0,0.4573304316314638,0.21401005038818843,0.328781362350493,0.0,0.6666666666666666,True,missing or insufficient EMA data
05234f69-e0d6-4504-a266-37753227c0aa,2026-06-01 00:17:00,17,3,2.0,0.4573304316314638,0.21401005038818843,0.328781362350493,1.0,0.6666666666666666,True,missing or insufficient EMA data
05234f69-e0d6-4504-a266-37753227c0aa,2026-06-01 00:18:00,18,3,2.0,0.4573304316314638,0.21401005038818843,0.328781362350493,0.0,0.3333333333333333,True,missing or insufficient EMA data
05234f69-e0d6-4504-a266-37753227c0aa,2026-06-01 00:19:00,19,3,3.0,0.4573304316314638,0.21401005038818843,0.328781362350493,1.0,0.6666666666666666,True,below threshold
05234f69-e0d6-4504-a266-37753227c0aa,2026-06-01 00:20:00,20,4,3.0,0.4573304316314638,0.21401005038818843,0.328781362350493,0.0,0.3333333333333333,True,below threshold
05234f69-e0d6-4504-a266-37753227c0aa,2026-06-01 00:21:00,21,4,3.0,0.4573304316314638,0.21401005038818843,0.328781362350493,0.0,0.3333333333333333,True,prompt sent
05234f69-e0d6-4504-a266-37753227c0aa,2026-06-01 00:22:00,22,4,3.0,0.4573304316314638,0.21401005038818843,0.328781362350493,0.0,0.0,True,cooldown active
05234f69-e0d6-4504-a266-37753227c0aa,2026-06-01 00:23:00,23,4,3.0,0.4573304316314638,0.21401005038818843,0.328781362350493,0.0,0.0,True,cooldown active
05234f69-e0d6-4504-a266-37753227c0aa,2026-06-01 00:24:00,24,4,3.0,0.4573304316314638,0.21401005038818843,0.328781362350493,0.0,0.0,True,below threshold
05234f69-e0d6-4504-a266-37753227c0aa,2026-06-01 00:25:00,25,5,2.0,0.4573304316314638,0.21401005038818843,0.328781362350493,1.0,0.3333333333333333,True,below threshold
05234f69-e0d6-4504-a266-37753227c0aa,2026-06-01 00:26:00,26,5,2.0,0.4573304316314638,0.21401005038818843,0.328781362350493,0.0,0.3333333333333333,True,below threshold
05234f69-e0d6-4504-a266-37753227c0aa,2026-06-01 00:27:00,27,5,2.0,0.4573304316314638,0.21401005038818843,0.328781362350493,0.0,0.3333333333333333,True,below threshold
05234f69-e0d6-4504-a266-37753227c0aa,2026-06-01 00:28:00,28,5,3.0,0.4573304316314638,0.21401005038818843,0.328781362350493,1.0,0.3333333333333333,True,below threshold
05234f69-e0d6-4504-a266-37753227c0aa,2026-06-01 00:29:00,29,5,3.0,0.4573304316314638,0.21401005038818843,0.328781362350493,0.0,0.3333333333333333,True,below threshold
05234f69-e0d6-4504-a266-37753227c0aa,2026-06-01 00:30:00,30,6,3.0,0.4573304316314638,0.21401005038818843,0.328781362350493,0.0,0.3333333333333333,False,below threshold
05234f69-e0d6-4504-a266-37753227c0aa,2026-06-01 00:31:00,31,6,2.0,0.4573304316314638,0.21401005038818843,0.328781362350493,1.0,0.3333333333333333,True,below threshold
05234f69-e0d6-4504-a266-37753227c0aa,2026-06-01 00:32:00,32,6,2.0,0.4573304316314638,0.21401005038818843,0.328781362350493,0.0,0.3333333333333333,True,below threshold
05234f69-e0d6-4504-a266-37753227c0aa,2026-06-01 00:33:00,33,6,2.0,0.4573304316314638,0.21401005038818843,0.328781362350493,0.0,0.3333333333333333,True,below threshold
05234f69-e0d6-4504-a266-37753227c0aa,2026-06-01 00:34:00,34,6,2.0,0.4573304316314638,0.21401005038818843,0.328781362350493,0.0,0.0,True,below threshold
0606932c-cbc5-493b-b5ad-be50060ad7d7,2026-06-01 00:00:00,0,0,4.0,0.8266541277024628,0.7010185439379678,0.4086221697534436,,,False,missing or insufficient EMA data
0606932c-cbc5-493b-b5ad-be50060ad7d7,2026-06-01 00:01:00,1,0,3.0,0.8266541277024628,0.7010185439379678,0.4086221697534436,1.0,1.0,True,below threshold
0606932c-cbc5-493b-b5ad-be50060ad7d7,2026-06-01 00:02:00,2,0,2.0,0.8266541277024628,0.7010185439379678,0.4086221697534436,1.0,1.0,True,below threshold
0606932c-cbc5-493b-b5ad-be50060ad7d7,2026-06-01 00:03:00,3,0,3.0,0.8266541277024628,0.7010185439379678,0.4086221697534436,1.0,1.0,True,below threshold
0606932c-cbc5-493b-b5ad-be50060ad7d7,2026-06-01 00:04:00,4,0,3.0,0.8266541277024628,0.7010185439379678,0.4086221697534436,0.0,0.6666666666666666,True,below threshold
0606932c-cbc5-493b-b5ad-be50060ad7d7,2026-06-01 00:05:00,5,1,3.0,0.8266541277024628,0.7010185439379678,0.4086221697534436,0.0,0.3333333333333333,True,below threshold
0606932c-cbc5-493b-b5ad-be50060ad7d7,2026-06-01 00:06:00,6,1,3.0,0.8266541277024628,0.7010185439379678,0.4086221697534436,0.0,0.0,True,below threshold
0606932c-cbc5-493b-b5ad-be50060ad7d7,2026-06-01 00:07:00,7,1,3.0,0.8266541277024628,0.7010185439379678,0.4086221697534436,0.0,0.0,True,below threshold
0606932c-cbc5-493b-b5ad-be50060ad7d7,2026-06-01 00:08:00,8,1,4.0,0.8266541277024628,0.7010185439379678,0.4086221697534436,1.0,0.3333333333333333,True,below threshold
0606932c-cbc5-493b-b5ad-be50060ad7d7,2026-06-01 00:09:00,9,1,4.0,0.8266541277024628,0.7010185439379678,0.4086221697534436,0.0,0.3333333333333333,True,below threshold
0606932c-cbc5-493b-b5ad-be50060ad7d7,2026-06-01 00:10:00,10,2,4.0,0.8266541277024628,0.7010185439379678,0.4086221697534436,0.0,0.3333333333333333,True,prompt sent
0606932c-cbc5-493b-b5ad-be50060ad7d7,2026-06-01 00:11:00,11,2,4.0,0.8266541277024628,0.7010185439379678,0.4086221697534436,0.0,0.0,True,cooldown active
0606932c-cbc5-493b-b5ad-be50060ad7d7,2026-06-01 00:12:00,12,2,4.0,0.8266541277024628,0.7010185439379678,0.4086221697534436,0.0,0.0,True,cooldown active
0606932c-cbc5-493b-b5ad-be50060ad7d7,2026-06-01 00:13:00,13,2,,0.8266541277024628,0.7010185439379678,0.4086221697534436,,0.0,True,cooldown active
0606932c-cbc5-493b-b5ad-be50060ad7d7,2026-06-01 00:14:00,14,2,,0.8266541277024628,0.7010185439379678,0.4086221697534436,,0.0,True,cooldown active
0606932c-cbc5-493b-b5ad-be50060ad7d7,2026-06-01 00:15:00,15,3,,0.8266541277024628,0.7010185439379678,0.4086221697534436,,,True,below threshold
0606932c-cbc5-493b-b5ad-be50060ad7d7,2026-06-01 00:16:00,16,3,,0.8266541277024628,0.7010185439379678,0.4086221697534436,,,True,missing or insufficient EMA data
0606932c-cbc5-493b-b5ad-be50060ad7d7,2026-06-01 00:17:00,17,3,,0.8266541277024628,0.7010185439379678,0.4086221697534436,,,True,missing or insufficient EMA data
0606932c-cbc5-493b-b5ad-be50060ad7d7,2026-06-01 00:18:00,18,3,,0.8266541277024628,0.7010185439379678,0.4086221697534436,,,True,missing or insufficient EMA data
0606932c-cbc5-493b-b5ad-be50060ad7d7,2026-06-01 00:19:00,19,3,,0.8266541277024628,0.7010185439379678,0.4086221697534436,,,True,below threshold
0606932c-cbc5-493b-b5ad-be50060ad7d7,2026-06-01 00:20:00,20,4,4.0,0.8266541277024628,0.7010185439379678,0.4086221697534436,,,True,below threshold
0606932c-cbc5-493b-b5ad-be50060ad7d7,2026-06-01 00:21:00,21,4,3.0,0.8266541277024628,0.7010185439379678,0.4086221697534436,1.0,1.0,True,prompt sent
0606932c-cbc5-493b-b5ad-be50060ad7d7,2026-06-01 00:22:00,22,4,3.0,0.8266541277024628,0.7010185439379678,0.4086221697534436,0.0,0.5,True,cooldown active
0606932c-cbc5-493b-b5ad-be50060ad7d7,2026-06-01 00:23:00,23,4,4.0,0.8266541277024628,0.7010185439379678,0.4086221697534436,1.0,0.6666666666666666,True,cooldown active
0606932c-cbc5-493b-b5ad-be50060ad7d7,2026-06-01 00:24:00,24,4,4.0,0.8266541277024628,0.7010185439379678,0.4086221697534436,0.0,0.3333333333333333,True,below threshold
0606932c-cbc5-493b-b5ad-be50060ad7d7,2026-06-01 00:25:00,25,5,4.0,0.8266541277024628,0.7010185439379678,0.4086221697534436,0.0,0.3333333333333333,True,below threshold
0606932c-cbc5-493b-b5ad-be50060ad7d7,2026-06-01 00:26:00,26,5,4.0,0.8266541277024628,0.7010185439379678,0.4086221697534436,0.0,0.0,True,below threshold
0606932c-cbc5-493b-b5ad-be50060ad7d7,2026-06-01 00:27:00,27,5,5.0,0.8266541277024628,0.7010185439379678,0.4086221697534436,1.0,0.3333333333333333,True,below threshold
0606932c-cbc5-493b-b5ad-be50060ad7d7,2026-06-01 00:28:00,28,5,4.0,0.8266541277024628,0.7010185439379678,0.4086221697534436,1.0,0.6666666666666666,True,below threshold
0606932c-cbc5-493b-b5ad-be50060ad7d7,2026-06-01 00:29:00,29,5,4.0,0.8266541277024628,0.7010185439379678,0.4086221697534436,0.0,0.6666666666666666,True,below threshold
0606932c-cbc5-493b-b5ad-be50060ad7d7,2026-06-01 00:30:00,30,6,,0.8266541277024628,0.7010185439379678,0.4086221697534436,,0.5,False,below threshold
0606932c-cbc5-493b-b5ad-be50060ad7d7,2026-06-01 00:31:00,31,6,,0.8266541277024628,0.7010185439379678,0.4086221697534436,,0.0,True,below threshold
0606932c-cbc5-493b-b5ad-be50060ad7d7,2026-06-01 00:32:00,32,6,4.0,0.8266541277024628,0.7010185439379678,0.4086221697534436,,,True,below threshold
0606932c-cbc5-493b-b5ad-be50060ad7d7,2026-06-01 00:33:00,33,6,4.0,0.8266541277024628,0.7010185439379678,0.4086221697534436,0.0,0.0,True,below threshold
0606932c-cbc5-493b-b5ad-be50060ad7d7,2026-06-01 00:34:00,34,6,3.0,0.8266541277024628,0.7010185439379678,0.4086221697534436,1.0,0.5,True,below threshold
082b0493-2610-4057-88eb-7f2fb226ff5a,2026-06-01 00:00:00,0,0,4.0,1.0434831075723743,0.18537827494673603,1.774013128491735,,,False,missing or insufficient EMA data
082b0493-2610-4057-88eb-7f2fb226ff5a,2026-06-01 00:01:00,1,0,2.0,1.0434831075723743,0.18537827494673603,1.774013128491735,4.0,4.0,True,below threshold
082b0493-2610-4057-88eb-7f2fb226ff5a,2026-06-01 00:02:00,2,0,4.0,1.0434831075723743,0.18537827494673603,1.774013128491735,4.0,4.0,True,below threshold
082b0493-2610-4057-88eb-7f2fb226ff5a,2026-06-01 00:03:00,3,0,3.0,1.0434831075723743,0.18537827494673603,1.774013128491735,1.0,3.0,True,below threshold
082b0493-2610-4057-88eb-7f2fb226ff5a,2026-06-01 00:04:00,4,0,3.0,1.0434831075723743,0.18537827494673603,1.774013128491735,0.0,1.6666666666666667,True,below threshold
082b0493-2610-4057-88eb-7f2fb226ff5a,2026-06-01 00:05:00,5,1,1.0,1.0434831075723743,0.18537827494673603,1.774013128491735,4.0,1.6666666666666667,True,below threshold
082b0493-2610-4057-88eb-7f2fb226ff5a,2026-06-01 00:06:00,6,1,3.0,1.0434831075723743,0.18537827494673603,1.774013128491735,4.0,2.6666666666666665,True,below threshold
082b0493-2610-4057-88eb-7f2fb226ff5a,2026-06-01 00:07:00,7,1,3.0,1.0434831075723743,0.18537827494673603,1.774013128491735,0.0,2.6666666666666665,True,below threshold
082b0493-2610-4057-88eb-7f2fb226ff5a,2026-06-01 00:08:00,8,1,2.0,1.0434831075723743,0.18537827494673603,1.774013128491735,1.0,1.6666666666666667,True,below threshold
082b0493-2610-4057-88eb-7f2fb226ff5a,2026-06-01 00:09:00,9,1,3.0,1.0434831075723743,0.18537827494673603,1.774013128491735,1.0,0.6666666666666666,True,below threshold
082b0493-2610-4057-88eb-7f2fb226ff5a,2026-06-01 00:10:00,10,2,3.0,1.0434831075723743,0.18537827494673603,1.774013128491735,0.0,0.6666666666666666,True,prompt sent
082b0493-2610-4057-88eb-7f2fb226ff5a,2026-06-01 00:11:00,11,2,2.0,1.0434831075723743,0.18537827494673603,1.774013128491735,1.0,0.6666666666666666,True,cooldown active
082b0493-2610-4057-88eb-7f2fb226ff5a,2026-06-01 00:12:00,12,2,1.0,1.0434831075723743,0.18537827494673603,1.774013128491735,1.0,0.6666666666666666,True,cooldown active
082b0493-2610-4057-88eb-7f2fb226ff5a,2026-06-01 00:13:00,13,2,1.0,1.0434831075723743,0.18537827494673603,1.774013128491735,0.0,0.6666666666666666,True,cooldown active
082b0493-2610-4057-88eb-7f2fb226ff5a,2026-06-01 00:14:00,14,2,2.0,1.0434831075723743,0.18537827494673603,1.774013128491735,1.0,0.6666666666666666,True,cooldown active
082b0493-2610-4057-88eb-7f2fb226ff5a,2026-06-01 00:15:00,15,3,3.0,1.0434831075723743,0.18537827494673603,1.774013128491735,1.0,0.6666666666666666,True,below threshold
082b0493-2610-4057-88eb-7f2fb226ff5a,2026-06-01 00:16:00,16,3,,1.0434831075723743,0.18537827494673603,1.774013128491735,,1.0,True,missing or insufficient EMA data
082b0493-2610-4057-88eb-7f2fb226ff5a,2026-06-01 00:17:00,17,3,,1.0434831075723743,0.18537827494673603,1.774013128491735,,1.0,True,missing or insufficient EMA data
082b0493-2610-4057-88eb-7f2fb226ff5a,2026-06-01 00:18:00,18,3,,1.0434831075723743,0.18537827494673603,1.774013128491735,,,True,missing or insufficient EMA data
082b0493-2610-4057-88eb-7f2fb226ff5a,2026-06-01 00:19:00,19,3,,1.0434831075723743,0.18537827494673603,1.774013128491735,,,True,below threshold
082b0493-2610-4057-88eb-7f2fb226ff5a,2026-06-01 00:20:00,20,4,,1.0434831075723743,0.18537827494673603,1.774013128491735,,,True,below threshold
082b0493-2610-4057-88eb-7f2fb226ff5a,2026-06-01 00:21:00,21,4,4.0,1.0434831075723743,0.18537827494673603,1.774013128491735,,,True,prompt sent
082b0493-2610-4057-88eb-7f2fb226ff5a,2026-06-01 00:22:00,22,4,,1.0434831075723743,0.18537827494673603,1.774013128491735,,,True,cooldown active
082b0493-2610-4057-88eb-7f2fb226ff5a,2026-06-01 00:23:00,23,4,,1.0434831075723743,0.18537827494673603,1.774013128491735,,,True,cooldown active
082b0493-2610-4057-88eb-7f2fb226ff5a,2026-06-01 00:24:00,24,4,,1.0434831075723743,0.18537827494673603,1.774013128491735,,,True,below threshold
082b0493-2610-4057-88eb-7f2fb226ff5a,2026-06-01 00:25:00,25,5,3.0,1.0434831075723743,0.18537827494673603,1.774013128491735,,,True,below threshold
082b0493-2610-4057-88eb-7f2fb226ff5a,2026-06-01 00:26:00,26,5,2.0,1.0434831075723743,0.18537827494673603,1.774013128491735,1.0,1.0,True,below threshold
082b0493-2610-4057-88eb-7f2fb226ff5a,2026-06-01 00:27:00,27,5,2.0,1.0434831075723743,0.18537827494673603,1.774013128491735,0.0,0.5,True,below threshold
082b0493-2610-4057-88eb-7f2fb226ff5a,2026-06-01 00:28:00,28,5,1.0,1.0434831075723743,0.18537827494673603,1.774013128491735,1.0,0.6666666666666666,True,below threshold
082b0493-2610-4057-88eb-7f2fb226ff5a,2026-06-01 00:29:00,29,5,2.0,1.0434831075723743,0.18537827494673603,1.774013128491735,1.0,0.6666666666666666,True,below threshold
082b0493-2610-4057-88eb-7f2fb226ff5a,2026-06-01 00:30:00,30,6,,1.0434831075723743,0.18537827494673603,1.774013128491735,,1.0,False,below threshold
082b0493-2610-4057-88eb-7f2fb226ff5a,2026-06-01 00:31:00,31,6,,1.0434831075723743,0.18537827494673603,1.774013128491735,,1.0,True,below threshold
082b0493-2610-4057-88eb-7f2fb226ff5a,2026-06-01 00:32:00,32,6,4.0,1.0434831075723743,0.18537827494673603,1.774013128491735,,,True,below threshold
082b0493-2610-4057-88eb-7f2fb226ff5a,2026-06-01 00:33:00,33,6,2.0,1.0434831075723743,0.18537827494673603,1.774013128491735,4.0,4.0,True,below threshold
082b0493-2610-4057-88eb-7f2fb226ff5a,2026-06-01 00:34:00,34,6,2.0,1.0434831075723743,0.18537827494673603,1.774013128491735,0.0,2.0,True,below threshold
09001798-dfad-4280-b9d1-386f262f54df,2026-06-01 00:00:00,0,0,1.0,0.9098314977338937,0.40566724253718767,0.9839694137038146,,,False,missing or insufficient EMA data
09001798-dfad-4280-b9d1-386f262f54df,2026-06-01 00:01:00,1,0,1.0,0.9098314977338937,0.40566724253718767,0.9839694137038146,0.0,0.0,True,below threshold
09001798-dfad-4280-b9d1-386f262f54df,2026-06-01 00:02:00,2,0,3.0,0.9098314977338937,0.40566724253718767,0.9839694137038146,4.0,2.0,True,below threshold
09001798-dfad-4280-b9d1-386f262f54df,2026-06-01 00:03:00,3,0,3.0,0.9098314977338937,0.40566724253718767,0.9839694137038146,0.0,1.3333333333333333,True,below threshold
09001798-dfad-4280-b9d1-386f262f54df,2026-06-01 00:04:00,4,0,3.0,0.9098314977338937,0.40566724253718767,0.9839694137038146,0.0,1.3333333333333333,True,below threshold
09001798-dfad-4280-b9d1-386f262f54df,2026-06-01 00:05:00,5,1,2.0,0.9098314977338937,0.40566724253718767,0.9839694137038146,1.0,0.3333333333333333,True,below threshold
09001798-dfad-4280-b9d1-386f262f54df,2026-06-01 00:06:00,6,1,4.0,0.9098314977338937,0.40566724253718767,0.9839694137038146,4.0,1.6666666666666667,True,below threshold
09001798-dfad-4280-b9d1-386f262f54df,2026-06-01 00:07:00,7,1,3.0,0.9098314977338937,0.40566724253718767,0.9839694137038146,1.0,2.0,True,below threshold
09001798-dfad-4280-b9d1-386f262f54df,2026-06-01 00:08:00,8,1,3.0,0.9098314977338937,0.40566724253718767,0.9839694137038146,0.0,1.6666666666666667,True,below threshold
09001798-dfad-4280-b9d1-386f262f54df,2026-06-01 00:09:00,9,1,5.0,0.9098314977338937,0.40566724253718767,0.9839694137038146,4.0,1.6666666666666667,True,below threshold
09001798-dfad-4280-b9d1-386f262f54df,2026-06-01 00:10:00,10,2,5.0,0.9098314977338937,0.40566724253718767,0.9839694137038146,0.0,1.3333333333333333,True,prompt sent
09001798-dfad-4280-b9d1-386f262f54df,2026-06-01 00:11:00,11,2,4.0,0.9098314977338937,0.40566724253718767,0.9839694137038146,1.0,1.6666666666666667,True,cooldown active
09001798-dfad-4280-b9d1-386f262f54df,2026-06-01 00:12:00,12,2,3.0,0.9098314977338937,0.40566724253718767,0.9839694137038146,1.0,0.6666666666666666,True,cooldown active
09001798-dfad-4280-b9d1-386f262f54df,2026-06-01 00:13:00,13,2,3.0,0.9098314977338937,0.40566724253718767,0.9839694137038146,0.0,0.6666666666666666,True,cooldown active
09001798-dfad-4280-b9d1-386f262f54df,2026-06-01 00:14:00,14,2,3.0,0.9098314977338937,0.40566724253718767,0.9839694137038146,0.0,0.3333333333333333,True,cooldown active
09001798-dfad-4280-b9d1-386f262f54df,2026-06-01 00:15:00,15,3,3.0,0.9098314977338937,0.40566724253718767,0.9839694137038146,0.0,0.0,True,below threshold
09001798-dfad-4280-b9d1-386f262f54df,2026-06-01 00:16:00,16,3,3.0,0.9098314977338937,0.40566724253718767,0.9839694137038146,0.0,0.0,True,missing or insufficient EMA data
09001798-dfad-4280-b9d1-386f262f54df,2026-06-01 00:17:00,17,3,4.0,0.9098314977338937,0.40566724253718767,0.9839694137038146,1.0,0.3333333333333333,True,missing or insufficient EMA data
09001798-dfad-4280-b9d1-386f262f54df,2026-06-01 00:18:00,18,3,3.0,0.9098314977338937,0.40566724253718767,0.9839694137038146,1.0,0.6666666666666666,True,missing or insufficient EMA data
09001798-dfad-4280-b9d1-386f262f54df,2026-06-01 00:19:00,19,3,5.0,0.9098314977338937,0.40566724253718767,0.9839694137038146,4.0,2.0,True,below threshold
09001798-dfad-4280-b9d1-386f262f54df,2026-06-01 00:20:00,20,4,4.0,0.9098314977338937,0.40566724253718767,0.9839694137038146,1.0,2.0,True,below threshold
09001798-dfad-4280-b9d1-386f262f54df,2026-06-01 00:21:00,21,4,5.0,0.9098314977338937,0.40566724253718767,0.9839694137038146,1.0,2.0,True,prompt sent
09001798-dfad-4280-b9d1-386f262f54df,2026-06-01 00:22:00,22,4,,0.9098314977338937,0.40566724253718767,0.9839694137038146,,1.0,True,cooldown active
09001798-dfad-4280-b9d1-386f262f54df,2026-06-01 00:23:00,23,4,,0.9098314977338937,0.40566724253718767,0.9839694137038146,,1.0,True,cooldown active
09001798-dfad-4280-b9d1-386f262f54df,2026-06-01 00:24:00,24,4,,0.9098314977338937,0.40566724253718767,0.9839694137038146,,,True,below threshold
09001798-dfad-4280-b9d1-386f262f54df,2026-06-01 00:25:00,25,5,,0.9098314977338937,0.40566724253718767,0.9839694137038146,,,True,below threshold
09001798-dfad-4280-b9d1-386f262f54df,2026-06-01 00:26:00,26,5,,0.9098314977338937,0.40566724253718767,0.9839694137038146,,,True,below threshold
09001798-dfad-4280-b9d1-386f262f54df,2026-06-01 00:27:00,27,5,,0.9098314977338937,0.40566724253718767,0.9839694137038146,,,True,below threshold
09001798-dfad-4280-b9d1-386f262f54df,2026-06-01 00:28:00,28,5,,0.9098314977338937,0.40566724253718767,0.9839694137038146,,,True,below threshold
09001798-dfad-4280-b9d1-386f262f54df,2026-06-01 00:29:00,29,5,2.0,0.9098314977338937,0.40566724253718767,0.9839694137038146,,,True,below threshold
09001798-dfad-4280-b9d1-386f262f54df,2026-06-01 00:30:00,30,6,2.0,0.9098314977338937,0.40566724253718767,0.9839694137038146,0.0,0.0,False,below threshold
09001798-dfad-4280-b9d1-386f262f54df,2026-06-01 00:31:00,31,6,1.0,0.9098314977338937,0.40566724253718767,0.9839694137038146,1.0,0.5,True,below threshold
09001798-dfad-4280-b9d1-386f262f54df,2026-06-01 00:32:00,32,6,1.0,0.9098314977338937,0.40566724253718767,0.9839694137038146,0.0,0.3333333333333333,True,below threshold
09001798-dfad-4280-b9d1-386f262f54df,2026-06-01 00:33:00,33,6,2.0,0.9098314977338937,0.40566724253718767,0.9839694137038146,1.0,0.6666666666666666,True,below threshold
09001798-dfad-4280-b9d1-386f262f54df,2026-06-01 00:34:00,34,6,4.0,0.9098314977338937,0.40566724253718767,0.9839694137038146,4.0,1.6666666666666667,True,below threshold
0b100e45-68a9-442d-b13e-99a9bf76e20f,2026-06-01 00:00:00,0,0,3.0,1.215205030257015,0.3706937544585217,1.8586223479090878,,,False,missing or insufficient EMA data
0b100e45-68a9-442d-b13e-99a9bf76e20f,2026-06-01 00:01:00,1,0,4.0,1.215205030257015,0.3706937544585217,1.8586223479090878,1.0,1.0,True,below threshold
0b100e45-68a9-442d-b13e-99a9bf76e20f,2026-06-01 00:02:00,2,0,3.0,1.215205030257015,0.3706937544585217,1.8586223479090878,1.0,1.0,True,below threshold
0b100e45-68a9-442d-b13e-99a9bf76e20f,2026-06-01 00:03:00,3,0,3.0,1.215205030257015,0.3706937544585217,1.8586223479090878,0.0,0.6666666666666666,True,below threshold
0b100e45-68a9-442d-b13e-99a9bf76e20f,2026-06-01 00:04:00,4,0,,1.215205030257015,0.3706937544585217,1.8586223479090878,,0.5,True,below threshold
0b100e45-68a9-442d-b13e-99a9bf76e20f,2026-06-01 00:05:00,5,1,2.0,1.215205030257015,0.3706937544585217,1.8586223479090878,,0.0,True,below threshold
0b100e45-68a9-442d-b13e-99a9bf76e20f,2026-06-01 00:06:00,6,1,1.0,1.215205030257015,0.3706937544585217,1.8586223479090878,1.0,1.0,True,below threshold
0b100e45-68a9-442d-b13e-99a9bf76e20f,2026-06-01 00:07:00,7,1,1.0,1.215205030257015,0.3706937544585217,1.8586223479090878,0.0,0.5,True,below threshold
0b100e45-68a9-442d-b13e-99a9bf76e20f,2026-06-01 00:08:00,8,1,4.0,1.215205030257015,0.3706937544585217,1.8586223479090878,9.0,3.3333333333333335,True,below threshold
0b100e45-68a9-442d-b13e-99a9bf76e20f,2026-06-01 00:09:00,9,1,3.0,1.215205030257015,0.3706937544585217,1.8586223479090878,1.0,3.3333333333333335,True,below threshold
0b100e45-68a9-442d-b13e-99a9bf76e20f,2026-06-01 00:10:00,10,2,4.0,1.215205030257015,0.3706937544585217,1.8586223479090878,1.0,3.6666666666666665,True,prompt sent
0b100e45-68a9-442d-b13e-99a9bf76e20f,2026-06-01 00:11:00,11,2,1.0,1.215205030257015,0.3706937544585217,1.8586223479090878,9.0,3.6666666666666665,True,cooldown active
0b100e45-68a9-442d-b13e-99a9bf76e20f,2026-06-01 00:12:00,12,2,3.0,1.215205030257015,0.3706937544585217,1.8586223479090878,4.0,4.666666666666667,True,cooldown active
0b100e45-68a9-442d-b13e-99a9bf76e20f,2026-06-01 00:13:00,13,2,3.0,1.215205030257015,0.3706937544585217,1.8586223479090878,0.0,4.333333333333333,True,cooldown active
0b100e45-68a9-442d-b13e-99a9bf76e20f,2026-06-01 00:14:00,14,2,2.0,1.215205030257015,0.3706937544585217,1.8586223479090878,1.0,1.6666666666666667,True,cooldown active
0b100e45-68a9-442d-b13e-99a9bf76e20f,2026-06-01 00:15:00,15,3,3.0,1.215205030257015,0.3706937544585217,1.8586223479090878,1.0,0.6666666666666666,True,below threshold
0b100e45-68a9-442d-b13e-99a9bf76e20f,2026-06-01 00:16:00,16,3,2.0,1.215205030257015,0.3706937544585217,1.8586223479090878,1.0,1.0,True,missing or insufficient EMA data
0b100e45-68a9-442d-b13e-99a9bf76e20f,2026-06-01 00:17:00,17,3,1.0,1.215205030257015,0.3706937544585217,1.8586223479090878,1.0,1.0,True,missing or insufficient EMA data
0b100e45-68a9-442d-b13e-99a9bf76e20f,2026-06-01 00:18:00,18,3,3.0,1.215205030257015,0.3706937544585217,1.8586223479090878,4.0,2.0,True,missing or insufficient EMA data
0b100e45-68a9-442d-b13e-99a9bf76e20f,2026-06-01 00:19:00,19,3,3.0,1.215205030257015,0.3706937544585217,1.8586223479090878,0.0,1.6666666666666667,True,below threshold
0b100e45-68a9-442d-b13e-99a9bf76e20f,2026-06-01 00:20:00,20,4,3.0,1.215205030257015,0.3706937544585217,1.8586223479090878,0.0,1.3333333333333333,True,below threshold
0b100e45-68a9-442d-b13e-99a9bf76e20f,2026-06-01 00:21:00,21,4,2.0,1.215205030257015,0.3706937544585217,1.8586223479090878,1.0,0.3333333333333333,True,prompt sent
0b100e45-68a9-442d-b13e-99a9bf76e20f,2026-06-01 00:22:00,22,4,1.0,1.215205030257015,0.3706937544585217,1.8586223479090878,1.0,0.6666666666666666,True,cooldown active
0b100e45-68a9-442d-b13e-99a9bf76e20f,2026-06-01 00:23:00,23,4,2.0,1.215205030257015,0.3706937544585217,1.8586223479090878,1.0,1.0,True,cooldown active
0b100e45-68a9-442d-b13e-99a9bf76e20f,2026-06-01 00:24:00,24,4,4.0,1.215205030257015,0.3706937544585217,1.8586223479090878,4.0,2.0,True,below threshold
0b100e45-68a9-442d-b13e-99a9bf76e20f,2026-06-01 00:25:00,25,5,4.0,1.215205030257015,0.3706937544585217,1.8586223479090878,0.0,1.6666666666666667,True,below threshold
0b100e45-68a9-442d-b13e-99a9bf76e20f,2026-06-01 00:26:00,26,5,2.0,1.215205030257015,0.3706937544585217,1.8586223479090878,4.0,2.6666666666666665,True,below threshold
0b100e45-68a9-442d-b13e-99a9bf76e20f,2026-06-01 00:27:00,27,5,,1.215205030257015,0.3706937544585217,1.8586223479090878,,2.0,True,below threshold
0b100e45-68a9-442d-b13e-99a9bf76e20f,2026-06-01 00:28:00,28,5,,1.215205030257015,0.3706937544585217,1.8586223479090878,,4.0,True,below threshold
0b100e45-68a9-442d-b13e-99a9bf76e20f,2026-06-01 00:29:00,29,5,,1.215205030257015,0.3706937544585217,1.8586223479090878,,,True,below threshold
0b100e45-68a9-442d-b13e-99a9bf76e20f,2026-06-01 00:30:00,30,6,,1.215205030257015,0.3706937544585217,1.8586223479090878,,,False,below threshold
0b100e45-68a9-442d-b13e-99a9bf76e20f,2026-06-01 00:31:00,31,6,1.0,1.215205030257015,0.3706937544585217,1.8586223479090878,,,True,below threshold
0b100e45-68a9-442d-b13e-99a9bf76e20f,2026-06-01 00:32:00,32,6,2.0,1.215205030257015,0.3706937544585217,1.8586223479090878,1.0,1.0,True,below threshold
0b100e45-68a9-442d-b13e-99a9bf76e20f,2026-06-01 00:33:00,33,6,2.0,1.215205030257015,0.3706937544585217,1.8586223479090878,0.0,0.5,True,below threshold
0b100e45-68a9-442d-b13e-99a9bf76e20f,2026-06-01 00:34:00,34,6,1.0,1.215205030257015,0.3706937544585217,1.8586223479090878,1.0,0.6666666666666666,True,below threshold
0bf7ff5d-700a-4852-8323-58ff814cbc00,2026-06-01 00:00:00,0,0,,1.0398931482682188,0.7288396143417003,0.5864536207875889,,,False,missing or insufficient EMA data
0bf7ff5d-700a-4852-8323-58ff814cbc00,2026-06-01 00:01:00,1,0,3.0,1.0398931482682188,0.7288396143417003,0.5864536207875889,,,True,below threshold
0bf7ff5d-700a-4852-8323-58ff814cbc00,2026-06-01 00:02:00,2,0,3.0,1.0398931482682188,0.7288396143417003,0.5864536207875889,0.0,0.0,True,below threshold
0bf7ff5d-700a-4852-8323-58ff814cbc00,2026-06-01 00:03:00,3,0,2.0,1.0398931482682188,0.7288396143417003,0.5864536207875889,1.0,0.5,True,below threshold
0bf7ff5d-700a-4852-8323-58ff814cbc00,2026-06-01 00:04:00,4,0,2.0,1.0398931482682188,0.7288396143417003,0.5864536207875889,0.0,0.3333333333333333,True,below threshold
0bf7ff5d-700a-4852-8323-58ff814cbc00,2026-06-01 00:05:00,5,1,4.0,1.0398931482682188,0.7288396143417003,0.5864536207875889,4.0,1.6666666666666667,True,below threshold
0bf7ff5d-700a-4852-8323-58ff814cbc00,2026-06-01 00:06:00,6,1,3.0,1.0398931482682188,0.7288396143417003,0.5864536207875889,1.0,1.6666666666666667,True,below threshold
0bf7ff5d-700a-4852-8323-58ff814cbc00,2026-06-01 00:07:00,7,1,3.0,1.0398931482682188,0.7288396143417003,0.5864536207875889,0.0,1.6666666666666667,True,below threshold
0bf7ff5d-700a-4852-8323-58ff814cbc00,2026-06-01 00:08:00,8,1,2.0,1.0398931482682188,0.7288396143417003,0.5864536207875889,1.0,0.6666666666666666,True,below threshold
0bf7ff5d-700a-4852-8323-58ff814cbc00,2026-06-01 00:09:00,9,1,1.0,1.0398931482682188,0.7288396143417003,0.5864536207875889,1.0,0.6666666666666666,True,below threshold
0bf7ff5d-700a-4852-8323-58ff814cbc00,2026-06-01 00:10:00,10,2,1.0,1.0398931482682188,0.7288396143417003,0.5864536207875889,0.0,0.6666666666666666,True,prompt sent
0bf7ff5d-700a-4852-8323-58ff814cbc00,2026-06-01 00:11:00,11,2,3.0,1.0398931482682188,0.7288396143417003,0.5864536207875889,4.0,1.6666666666666667,True,cooldown active
0bf7ff5d-700a-4852-8323-58ff814cbc00,2026-06-01 00:12:00,12,2,3.0,1.0398931482682188,0.7288396143417003,0.5864536207875889,0.0,1.3333333333333333,True,cooldown active
0bf7ff5d-700a-4852-8323-58ff814cbc00,2026-06-01 00:13:00,13,2,4.0,1.0398931482682188,0.7288396143417003,0.5864536207875889,1.0,1.6666666666666667,True,cooldown active
0bf7ff5d-700a-4852-8323-58ff814cbc00,2026-06-01 00:14:00,14,2,,1.0398931482682188,0.7288396143417003,0.5864536207875889,,0.5,True,cooldown active
0bf7ff5d-700a-4852-8323-58ff814cbc00,2026-06-01 00:15:00,15,3,,1.0398931482682188,0.7288396143417003,0.5864536207875889,,1.0,True,below threshold
0bf7ff5d-700a-4852-8323-58ff814cbc00,2026-06-01 00:16:00,16,3,4.0,1.0398931482682188,0.7288396143417003,0.5864536207875889,,,True,missing or insufficient EMA data
0bf7ff5d-700a-4852-8323-58ff814cbc00,2026-06-01 00:17:00,17,3,2.0,1.0398931482682188,0.7288396143417003,0.5864536207875889,4.0,4.0,True,missing or insufficient EMA data
0bf7ff5d-700a-4852-8323-58ff814cbc00,2026-06-01 00:18:00,18,3,2.0,1.0398931482682188,0.7288396143417003,0.5864536207875889,0.0,2.0,True,missing or insufficient EMA data
0bf7ff5d-700a-4852-8323-58ff814cbc00,2026-06-01 00:19:00,19,3,2.0,1.0398931482682188,0.7288396143417003,0.5864536207875889,0.0,1.3333333333333333,True,below threshold
0bf7ff5d-700a-4852-8323-58ff814cbc00,2026-06-01 00:20:00,20,4,4.0,1.0398931482682188,0.7288396143417003,0.5864536207875889,4.0,1.3333333333333333,True,below threshold
0bf7ff5d-700a-4852-8323-58ff814cbc00,2026-06-01 00:21:00,21,4,4.0,1.0398931482682188,0.7288396143417003,0.5864536207875889,0.0,1.3333333333333333,True,prompt sent
0bf7ff5d-700a-4852-8323-58ff814cbc00,2026-06-01 00:22:00,22,4,3.0,1.0398931482682188,0.7288396143417003,0.5864536207875889,1.0,1.6666666666666667,True,cooldown active
0bf7ff5d-700a-4852-8323-58ff814cbc00,2026-06-01 00:23:00,23,4,,1.0398931482682188,0.7288396143417003,0.5864536207875889,,0.5,True,cooldown active
0bf7ff5d-700a-4852-8323-58ff814cbc00,2026-06-01 00:24:00,24,4,,1.0398931482682188,0.7288396143417003,0.5864536207875889,,1.0,True,below threshold
0bf7ff5d-700a-4852-8323-58ff814cbc00,2026-06-01 00:25:00,25,5,,1.0398931482682188,0.7288396143417003,0.5864536207875889,,,True,below threshold
0bf7ff5d-700a-4852-8323-58ff814cbc00,2026-06-01 00:26:00,26,5,,1.0398931482682188,0.7288396143417003,0.5864536207875889,,,True,below threshold
0bf7ff5d-700a-4852-8323-58ff814cbc00,2026-06-01 00:27:00,27,5,3.0,1.0398931482682188,0.7288396143417003,0.5864536207875889,,,True,below threshold
0bf7ff5d-700a-4852-8323-58ff814cbc00,2026-06-01 00:28:00,28,5,4.0,1.0398931482682188,0.7288396143417003,0.5864536207875889,1.0,1.0,True,below threshold
0bf7ff5d-700a-4852-8323-58ff814cbc00,2026-06-01 00:29:00,29,5,4.0,1.0398931482682188,0.7288396143417003,0.5864536207875889,0.0,0.5,True,below threshold
0bf7ff5d-700a-4852-8323-58ff814cbc00,2026-06-01 00:30:00,30,6,4.0,1.0398931482682188,0.7288396143417003,0.5864536207875889,0.0,0.3333333333333333,False,below threshold
0bf7ff5d-700a-4852-8323-58ff814cbc00,2026-06-01 00:31:00,31,6,4.0,1.0398931482682188,0.7288396143417003,0.5864536207875889,0.0,0.0,True,below threshold
0bf7ff5d-700a-4852-8323-58ff814cbc00,2026-06-01 00:32:00,32,6,,1.0398931482682188,0.7288396143417003,0.5864536207875889,,0.0,True,below threshold
0bf7ff5d-700a-4852-8323-58ff814cbc00,2026-06-01 00:33:00,33,6,,1.0398931482682188,0.7288396143417003,0.5864536207875889,,0.0,True,below threshold
0bf7ff5d-700a-4852-8323-58ff814cbc00,2026-06-01 00:34:00,34,6,5.0,1.0398931482682188,0.7288396143417003,0.5864536207875889,,,True,below threshold
0eb6aedd-6338-4000-bf8a-a944def54f30,2026-06-01 00:00:00,0,0,3.0,1.0331388397463233,0.6878513366993271,0.6663598972455087,,,False,missing or insufficient EMA data
0eb6aedd-6338-4000-bf8a-a944def54f30,2026-06-01 00:01:00,1,0,4.0,1.0331388397463233,0.6878513366993271,0.6663598972455087,1.0,1.0,True,below threshold
0eb6aedd-6338-4000-bf8a-a944def54f30,2026-06-01 00:02:00,2,0,3.0,1.0331388397463233,0.6878513366993271,0.6663598972455087,1.0,1.0,True,below threshold
0eb6aedd-6338-4000-bf8a-a944def54f30,2026-06-01 00:03:00,3,0,4.0,1.0331388397463233,0.6878513366993271,0.6663598972455087,1.0,1.0,True,below threshold
0eb6aedd-6338-4000-bf8a-a944def54f30,2026-06-01 00:04:00,4,0,4.0,1.0331388397463233,0.6878513366993271,0.6663598972455087,0.0,0.6666666666666666,True,below threshold
0eb6aedd-6338-4000-bf8a-a944def54f30,2026-06-01 00:05:00,5,1,,1.0331388397463233,0.6878513366993271,0.6663598972455087,,0.5,True,below threshold
0eb6aedd-6338-4000-bf8a-a944def54f30,2026-06-01 00:06:00,6,1,,1.0331388397463233,0.6878513366993271,0.6663598972455087,,0.0,True,below threshold
0eb6aedd-6338-4000-bf8a-a944def54f30,2026-06-01 00:07:00,7,1,,1.0331388397463233,0.6878513366993271,0.6663598972455087,,,True,below threshold
0eb6aedd-6338-4000-bf8a-a944def54f30,2026-06-01 00:08:00,8,1,,1.0331388397463233,0.6878513366993271,0.6663598972455087,,,True,below threshold
0eb6aedd-6338-4000-bf8a-a944def54f30,2026-06-01 00:09:00,9,1,,1.0331388397463233,0.6878513366993271,0.6663598972455087,,,True,below threshold
0eb6aedd-6338-4000-bf8a-a944def54f30,2026-06-01 00:10:00,10,2,,1.0331388397463233,0.6878513366993271,0.6663598972455087,,,True,prompt sent
0eb6aedd-6338-4000-bf8a-a944def54f30,2026-06-01 00:11:00,11,2,3.0,1.0331388397463233,0.6878513366993271,0.6663598972455087,,,True,cooldown active
0eb6aedd-6338-4000-bf8a-a944def54f30,2026-06-01 00:12:00,12,2,,1.0331388397463233,0.6878513366993271,0.6663598972455087,,,True,cooldown active
0eb6aedd-6338-4000-bf8a-a944def54f30,2026-06-01 00:13:00,13,2,,1.0331388397463233,0.6878513366993271,0.6663598972455087,,,True,cooldown active
0eb6aedd-6338-4000-bf8a-a944def54f30,2026-06-01 00:14:00,14,2,4.0,1.0331388397463233,0.6878513366993271,0.6663598972455087,,,True,cooldown active
0eb6aedd-6338-4000-bf8a-a944def54f30,2026-06-01 00:15:00,15,3,3.0,1.0331388397463233,0.6878513366993271,0.6663598972455087,1.0,1.0,True,below threshold
0eb6aedd-6338-4000-bf8a-a944def54f30,2026-06-01 00:16:00,16,3,2.0,1.0331388397463233,0.6878513366993271,0.6663598972455087,1.0,1.0,True,missing or insufficient EMA data
0eb6aedd-6338-4000-bf8a-a944def54f30,2026-06-01 00:17:00,17,3,3.0,1.0331388397463233,0.6878513366993271,0.6663598972455087,1.0,1.0,True,missing or insufficient EMA data
0eb6aedd-6338-4000-bf8a-a944def54f30,2026-06-01 00:18:00,18,3,3.0,1.0331388397463233,0.6878513366993271,0.6663598972455087,0.0,0.6666666666666666,True,missing or insufficient EMA data
0eb6aedd-6338-4000-bf8a-a944def54f30,2026-06-01 00:19:00,19,3,5.0,1.0331388397463233,0.6878513366993271,0.6663598972455087,4.0,1.6666666666666667,True,below threshold
0eb6aedd-6338-4000-bf8a-a944def54f30,2026-06-01 00:20:00,20,4,4.0,1.0331388397463233,0.6878513366993271,0.6663598972455087,1.0,1.6666666666666667,True,below threshold
0eb6aedd-6338-4000-bf8a-a944def54f30,2026-06-01 00:21:00,21,4,5.0,1.0331388397463233,0.6878513366993271,0.6663598972455087,1.0,2.0,True,prompt sent
0eb6aedd-6338-4000-bf8a-a944def54f30,2026-06-01 00:22:00,22,4,5.0,1.0331388397463233,0.6878513366993271,0.6663598972455087,0.0,0.6666666666666666,True,cooldown active
0eb6aedd-6338-4000-bf8a-a944def54f30,2026-06-01 00:23:00,23,4,3.0,1.0331388397463233,0.6878513366993271,0.6663598972455087,4.0,1.6666666666666667,True,cooldown active
0eb6aedd-6338-4000-bf8a-a944def54f30,2026-06-01 00:24:00,24,4,3.0,1.0331388397463233,0.6878513366993271,0.6663598972455087,0.0,1.3333333333333333,True,below threshold
0eb6aedd-6338-4000-bf8a-a944def54f30,2026-06-01 00:25:00,25,5,2.0,1.0331388397463233,0.6878513366993271,0.6663598972455087,1.0,1.6666666666666667,True,below threshold
0eb6aedd-6338-4000-bf8a-a944def54f30,2026-06-01 00:26:00,26,5,1.0,1.0331388397463233,0.6878513366993271,0.6663598972455087,1.0,0.6666666666666666,True,below threshold
0eb6aedd-6338-4000-bf8a-a944def54f30,2026-06-01 00:27:00,27,5,3.0,1.0331388397463233,0.6878513366993271,0.6663598972455087,4.0,2.0,True,below threshold
0eb6aedd-6338-4000-bf8a-a944def54f30,2026-06-01 00:28:00,28,5,3.0,1.0331388397463233,0.6878513366993271,0.6663598972455087,0.0,1.6666666666666667,True,below threshold
0eb6aedd-6338-4000-bf8a-a944def54f30,2026-06-01 00:29:00,29,5,3.0,1.0331388397463233,0.6878513366993271,0.6663598972455087,0.0,1.3333333333333333,True,below threshold
0eb6aedd-6338-4000-bf8a-a944def54f30,2026-06-01 00:30:00,30,6,1.0,1.0331388397463233,0.6878513366993271,0.6663598972455087,4.0,1.3333333333333333,False,below threshold
0eb6aedd-6338-4000-bf8a-a944def54f30,2026-06-01 00:31:00,31,6,3.0,1.0331388397463233,0.6878513366993271,0.6663598972455087,4.0,2.6666666666666665,True,below threshold
0eb6aedd-6338-4000-bf8a-a944def54f30,2026-06-01 00:32:00,32,6,,1.0331388397463233,0.6878513366993271,0.6663598972455087,,4.0,True,below threshold
0eb6aedd-6338-4000-bf8a-a944def54f30,2026-06-01 00:33:00,33,6,,1.0331388397463233,0.6878513366993271,0.6663598972455087,,4.0,True,below threshold
0eb6aedd-6338-4000-bf8a-a944def54f30,2026-06-01 00:34:00,34,6,,1.0331388397463233,0.6878513366993271,0.6663598972455087,,,True,below threshold
143a15f5-2d86-4d2a-95ff-f77660f2ab50,2026-06-01 00:00:00,0,0,3.0,0.3895555574031741,0.6607532928254898,0.10296377227226021,,,False,missing or insufficient EMA data
143a15f5-2d86-4d2a-95ff-f77660f2ab50,2026-06-01 00:01:00,1,0,3.0,0.3895555574031741,0.6607532928254898,0.10296377227226021,0.0,0.0,True,below threshold
143a15f5-2d86-4d2a-95ff-f77660f2ab50,2026-06-01 00:02:00,2,0,4.0,0.3895555574031741,0.6607532928254898,0.10296377227226021,1.0,0.5,True,below threshold
143a15f5-2d86-4d2a-95ff-f77660f2ab50,2026-06-01 00:03:00,3,0,4.0,0.3895555574031741,0.6607532928254898,0.10296377227226021,0.0,0.3333333333333333,True,below threshold
143a15f5-2d86-4d2a-95ff-f77660f2ab50,2026-06-01 00:04:00,4,0,4.0,0.3895555574031741,0.6607532928254898,0.10296377227226021,0.0,0.3333333333333333,True,below threshold
143a15f5-2d86-4d2a-95ff-f77660f2ab50,2026-06-01 00:05:00,5,1,4.0,0.3895555574031741,0.6607532928254898,0.10296377227226021,0.0,0.0,True,below threshold
143a15f5-2d86-4d2a-95ff-f77660f2ab50,2026-06-01 00:06:00,6,1,4.0,0.3895555574031741,0.6607532928254898,0.10296377227226021,0.0,0.0,True,below threshold
143a15f5-2d86-4d2a-95ff-f77660f2ab50,2026-06-01 00:07:00,7,1,3.0,0.3895555574031741,0.6607532928254898,0.10296377227226021,1.0,0.3333333333333333,True,below threshold
143a15f5-2d86-4d2a-95ff-f77660f2ab50,2026-06-01 00:08:00,8,1,4.0,0.3895555574031741,0.6607532928254898,0.10296377227226021,1.0,0.6666666666666666,True,below threshold
143a15f5-2d86-4d2a-95ff-f77660f2ab50,2026-06-01 00:09:00,9,1,4.0,0.3895555574031741,0.6607532928254898,0.10296377227226021,0.0,0.6666666666666666,True,below threshold
143a15f5-2d86-4d2a-95ff-f77660f2ab50,2026-06-01 00:10:00,10,2,4.0,0.3895555574031741,0.6607532928254898,0.10296377227226021,0.0,0.3333333333333333,True,prompt sent
143a15f5-2d86-4d2a-95ff-f77660f2ab50,2026-06-01 00:11:00,11,2,4.0,0.3895555574031741,0.6607532928254898,0.10296377227226021,0.0,0.0,True,cooldown active
143a15f5-2d86-4d2a-95ff-f77660f2ab50,2026-06-01 00:12:00,12,2,4.0,0.3895555574031741,0.6607532928254898,0.10296377227226021,0.0,0.0,True,cooldown active
143a15f5-2d86-4d2a-95ff-f77660f2ab50,2026-06-01 00:13:00,13,2,4.0,0.3895555574031741,0.6607532928254898,0.10296377227226021,0.0,0.0,True,cooldown active
143a15f5-2d86-4d2a-95ff-f77660f2ab50,2026-06-01 00:14:00,14,2,4.0,0.3895555574031741,0.6607532928254898,0.10296377227226021,0.0,0.0,True,cooldown active
143a15f5-2d86-4d2a-95ff-f77660f2ab50,2026-06-01 00:15:00,15,3,3.0,0.3895555574031741,0.6607532928254898,0.10296377227226021,1.0,0.3333333333333333,True,below threshold
143a15f5-2d86-4d2a-95ff-f77660f2ab50,2026-06-01 00:16:00,16,3,4.0,0.3895555574031741,0.6607532928254898,0.10296377227226021,1.0,0.6666666666666666,True,missing or insufficient EMA data
143a15f5-2d86-4d2a-95ff-f77660f2ab50,2026-06-01 00:17:00,17,3,4.0,0.3895555574031741,0.6607532928254898,0.10296377227226021,0.0,0.6666666666666666,True,missing or insufficient EMA data
143a15f5-2d86-4d2a-95ff-f77660f2ab50,2026-06-01 00:18:00,18,3,3.0,0.3895555574031741,0.6607532928254898,0.10296377227226021,1.0,0.6666666666666666,True,missing or insufficient EMA data
143a15f5-2d86-4d2a-95ff-f77660f2ab50,2026-06-01 00:19:00,19,3,3.0,0.3895555574031741,0.6607532928254898,0.10296377227226021,0.0,0.3333333333333333,True,below threshold
143a15f5-2d86-4d2a-95ff-f77660f2ab50,2026-06-01 00:20:00,20,4,3.0,0.3895555574031741,0.6607532928254898,0.10296377227226021,0.0,0.3333333333333333,True,below threshold
143a15f5-2d86-4d2a-95ff-f77660f2ab50,2026-06-01 00:21:00,21,4,4.0,0.3895555574031741,0.6607532928254898,0.10296377227226021,1.0,0.3333333333333333,True,prompt sent
143a15f5-2d86-4d2a-95ff-f77660f2ab50,2026-06-01 00:22:00,22,4,4.0,0.3895555574031741,0.6607532928254898,0.10296377227226021,0.0,0.3333333333333333,True,cooldown active
143a15f5-2d86-4d2a-95ff-f77660f2ab50,2026-06-01 00:23:00,23,4,4.0,0.3895555574031741,0.6607532928254898,0.10296377227226021,0.0,0.3333333333333333,True,cooldown active
143a15f5-2d86-4d2a-95ff-f77660f2ab50,2026-06-01 00:24:00,24,4,5.0,0.3895555574031741,0.6607532928254898,0.10296377227226021,1.0,0.3333333333333333,True,below threshold
143a15f5-2d86-4d2a-95ff-f77660f2ab50,2026-06-01 00:25:00,25,5,4.0,0.3895555574031741,0.6607532928254898,0.10296377227226021,1.0,0.6666666666666666,True,below threshold
143a15f5-2d86-4d2a-95ff-f77660f2ab50,2026-06-01 00:26:00,26,5,4.0,0.3895555574031741,0.6607532928254898,0.10296377227226021,0.0,0.6666666666666666,True,below threshold
143a15f5-2d86-4d2a-95ff-f77660f2ab50,2026-06-01 00:27:00,27,5,4.0,0.3895555574031741,0.6607532928254898,0.10296377227226021,0.0,0.3333333333333333,True,below threshold
143a15f5-2d86-4d2a-95ff-f77660f2ab50,2026-06-01 00:28:00,28,5,4.0,0.3895555574031741,0.6607532928254898,0.10296377227226021,0.0,0.0,True,below threshold
143a15f5-2d86-4d2a-95ff-f77660f2ab50,2026-06-01 00:29:00,29,5,4.0,0.3895555574031741,0.6607532928254898,0.10296377227226021,0.0,0.0,True,below threshold
143a15f5-2d86-4d2a-95ff-f77660f2ab50,2026-06-01 00:30:00,30,6,3.0,0.3895555574031741,0.6607532928254898,0.10296377227226021,1.0,0.3333333333333333,False,below threshold
143a15f5-2d86-4d2a-95ff-f77660f2ab50,2026-06-01 00:31:00,31,6,4.0,0.3895555574031741,0.6607532928254898,0.10296377227226021,1.0,0.6666666666666666,True,below threshold
143a15f5-2d86-4d2a-95ff-f77660f2ab50,2026-06-01 00:32:00,32,6,3.0,0.3895555574031741,0.6607532928254898,0.10296377227226021,1.0,1.0,True,below threshold
143a15f5-2d86-4d2a-95ff-f77660f2ab50,2026-06-01 00:33:00,33,6,3.0,0.3895555574031741,0.6607532928254898,0.10296377227226021,0.0,0.6666666666666666,True,below threshold
143a15f5-2d86-4d2a-95ff-f77660f2ab50,2026-06-01 00:34:00,34,6,3.0,0.3895555574031741,0.6607532928254898,0.10296377227226021,0.0,0.3333333333333333,True,below threshold
1630249f-d306-4bd6-859e-47b0d85ec396,2026-06-01 00:00:00,0,0,3.0,0.8429368790615441,0.15081399842656568,1.2067656284517823,,,False,missing or insufficient EMA data
1630249f-d306-4bd6-859e-47b0d85ec396,2026-06-01 00:01:00,1,0,,0.8429368790615441,0.15081399842656568,1.2067656284517823,,,True,below threshold
1630249f-d306-4bd6-859e-47b0d85ec396,2026-06-01 00:02:00,2,0,3.0,0.8429368790615441,0.15081399842656568,1.2067656284517823,,,True,below threshold
1630249f-d306-4bd6-859e-47b0d85ec396,2026-06-01 00:03:00,3,0,3.0,0.8429368790615441,0.15081399842656568,1.2067656284517823,0.0,0.0,True,below threshold
1630249f-d306-4bd6-859e-47b0d85ec396,2026-06-01 00:04:00,4,0,3.0,0.8429368790615441,0.15081399842656568,1.2067656284517823,0.0,0.0,True,below threshold
1630249f-d306-4bd6-859e-47b0d85ec396,2026-06-01 00:05:00,5,1,3.0,0.8429368790615441,0.15081399842656568,1.2067656284517823,0.0,0.0,True,below threshold
1630249f-d306-4bd6-859e-47b0d85ec396,2026-06-01 00:06:00,6,1,5.0,0.8429368790615441,0.15081399842656568,1.2067656284517823,4.0,1.3333333333333333,True,below threshold
1630249f-d306-4bd6-859e-47b0d85ec396,2026-06-01 00:07:00,7,1,3.0,0.8429368790615441,0.15081399842656568,1.2067656284517823,4.0,2.6666666666666665,True,below threshold
1630249f-d306-4bd6-859e-47b0d85ec396,2026-06-01 00:08:00,8,1,,0.8429368790615441,0.15081399842656568,1.2067656284517823,,4.0,True,below threshold
1630249f-d306-4bd6-859e-47b0d85ec396,2026-06-01 00:09:00,9,1,5.0,0.8429368790615441,0.15081399842656568,1.2067656284517823,,4.0,True,below threshold
1630249f-d306-4bd6-859e-47b0d85ec396,2026-06-01 00:10:00,10,2,4.0,0.8429368790615441,0.15081399842656568,1.2067656284517823,1.0,1.0,True,prompt sent
1630249f-d306-4bd6-859e-47b0d85ec396,2026-06-01 00:11:00,11,2,2.0,0.8429368790615441,0.15081399842656568,1.2067656284517823,4.0,2.5,True,cooldown active
1630249f-d306-4bd6-859e-47b0d85ec396,2026-06-01 00:12:00,12,2,4.0,0.8429368790615441,0.15081399842656568,1.2067656284517823,4.0,3.0,True,cooldown active
1630249f-d306-4bd6-859e-47b0d85ec396,2026-06-01 00:13:00,13,2,2.0,0.8429368790615441,0.15081399842656568,1.2067656284517823,4.0,4.0,True,cooldown active
1630249f-d306-4bd6-859e-47b0d85ec396,2026-06-01 00:14:00,14,2,4.0,0.8429368790615441,0.15081399842656568,1.2067656284517823,4.0,4.0,True,cooldown active
1630249f-d306-4bd6-859e-47b0d85ec396,2026-06-01 00:15:00,15,3,3.0,0.8429368790615441,0.15081399842656568,1.2067656284517823,1.0,3.0,True,below threshold
1630249f-d306-4bd6-859e-47b0d85ec396,2026-06-01 00:16:00,16,3,3.0,0.8429368790615441,0.15081399842656568,1.2067656284517823,0.0,1.6666666666666667,True,missing or insufficient EMA data
1630249f-d306-4bd6-859e-47b0d85ec396,2026-06-01 00:17:00,17,3,4.0,0.8429368790615441,0.15081399842656568,1.2067656284517823,1.0,0.6666666666666666,True,missing or insufficient EMA data
1630249f-d306-4bd6-859e-47b0d85ec396,2026-06-01 00:18:00,18,3,4.0,0.8429368790615441,0.15081399842656568,1.2067656284517823,0.0,0.3333333333333333,True,missing or insufficient EMA data
1630249f-d306-4bd6-859e-47b0d85ec396,2026-06-01 00:19:00,19,3,4.0,0.8429368790615441,0.15081399842656568,1.2067656284517823,0.0,0.3333333333333333,True,below threshold
1630249f-d306-4bd6-859e-47b0d85ec396,2026-06-01 00:20:00,20,4,4.0,0.8429368790615441,0.15081399842656568,1.2067656284517823,0.0,0.0,True,below threshold
1630249f-d306-4bd6-859e-47b0d85ec396,2026-06-01 00:21:00,21,4,3.0,0.8429368790615441,0.15081399842656568,1.2067656284517823,1.0,0.3333333333333333,True,prompt sent
1630249f-d306-4bd6-859e-47b0d85ec396,2026-06-01 00:22:00,22,4,4.0,0.8429368790615441,0.15081399842656568,1.2067656284517823,1.0,0.6666666666666666,True,cooldown active
1630249f-d306-4bd6-859e-47b0d85ec396,2026-06-01 00:23:00,23,4,4.0,0.8429368790615441,0.15081399842656568,1.2067656284517823,0.0,0.6666666666666666,True,cooldown active
1630249f-d306-4bd6-859e-47b0d85ec396,2026-06-01 00:24:00,24,4,3.0,0.8429368790615441,0.15081399842656568,1.2067656284517823,1.0,0.6666666666666666,True,below threshold
1630249f-d306-4bd6-859e-47b0d85ec396,2026-06-01 00:25:00,25,5,5.0,0.8429368790615441,0.15081399842656568,1.2067656284517823,4.0,1.6666666666666667,True,below threshold
1630249f-d306-4bd6-859e-47b0d85ec396,2026-06-01 00:26:00,26,5,4.0,0.8429368790615441,0.15081399842656568,1.2067656284517823,1.0,2.0,True,below threshold
1630249f-d306-4bd6-859e-47b0d85ec396,2026-06-01 00:27:00,27,5,3.0,0.8429368790615441,0.15081399842656568,1.2067656284517823,1.0,2.0,True,below threshold
1630249f-d306-4bd6-859e-47b0d85ec396,2026-06-01 00:28:00,28,5,3.0,0.8429368790615441,0.15081399842656568,1.2067656284517823,0.0,0.6666666666666666,True,below threshold
1630249f-d306-4bd6-859e-47b0d85ec396,2026-06-01 00:29:00,29,5,3.0,0.8429368790615441,0.15081399842656568,1.2067656284517823,0.0,0.3333333333333333,True,below threshold
1630249f-d306-4bd6-859e-47b0d85ec396,2026-06-01 00:30:00,30,6,2.0,0.8429368790615441,0.15081399842656568,1.2067656284517823,1.0,0.3333333333333333,False,below threshold
1630249f-d306-4bd6-859e-47b0d85ec396,2026-06-01 00:31:00,31,6,3.0,0.8429368790615441,0.15081399842656568,1.2067656284517823,1.0,0.6666666666666666,True,below threshold
1630249f-d306-4bd6-859e-47b0d85ec396,2026-06-01 00:32:00,32,6,3.0,0.8429368790615441,0.15081399842656568,1.2067656284517823,0.0,0.6666666666666666,True,below threshold
1630249f-d306-4bd6-859e-47b0d85ec396,2026-06-01 00:33:00,33,6,3.0,0.8429368790615441,0.15081399842656568,1.2067656284517823,0.0,0.3333333333333333,True,below threshold
1630249f-d306-4bd6-859e-47b0d85ec396,2026-06-01 00:34:00,34,6,,0.8429368790615441,0.15081399842656568,1.2067656284517823,,0.0,True,below threshold
169484ca-4c63-4a21-b703-a6976e87ca44,2026-06-01 00:00:00,0,0,,0.4522919706222157,0.7281115398278656,0.11123937155402656,,,False,missing or insufficient EMA data
169484ca-4c63-4a21-b703-a6976e87ca44,2026-06-01 00:01:00,1,0,,0.4522919706222157,0.7281115398278656,0.11123937155402656,,,True,below threshold
169484ca-4c63-4a21-b703-a6976e87ca44,2026-06-01 00:02:00,2,0,,0.4522919706222157,0.7281115398278656,0.11123937155402656,,,True,below threshold
169484ca-4c63-4a21-b703-a6976e87ca44,2026-06-01 00:03:00,3,0,3.0,0.4522919706222157,0.7281115398278656,0.11123937155402656,,,True,below threshold
169484ca-4c63-4a21-b703-a6976e87ca44,2026-06-01 00:04:00,4,0,3.0,0.4522919706222157,0.7281115398278656,0.11123937155402656,0.0,0.0,True,below threshold
169484ca-4c63-4a21-b703-a6976e87ca44,2026-06-01 00:05:00,5,1,2.0,0.4522919706222157,0.7281115398278656,0.11123937155402656,1.0,0.5,True,below threshold
169484ca-4c63-4a21-b703-a6976e87ca44,2026-06-01 00:06:00,6,1,3.0,0.4522919706222157,0.7281115398278656,0.11123937155402656,1.0,0.6666666666666666,True,below threshold
169484ca-4c63-4a21-b703-a6976e87ca44,2026-06-01 00:07:00,7,1,3.0,0.4522919706222157,0.7281115398278656,0.11123937155402656,0.0,0.6666666666666666,True,below threshold
169484ca-4c63-4a21-b703-a6976e87ca44,2026-06-01 00:08:00,8,1,3.0,0.4522919706222157,0.7281115398278656,0.11123937155402656,0.0,0.3333333333333333,True,below threshold
169484ca-4c63-4a21-b703-a6976e87ca44,2026-06-01 00:09:00,9,1,3.0,0.4522919706222157,0.7281115398278656,0.11123937155402656,0.0,0.0,True,below threshold
169484ca-4c63-4a21-b703-a6976e87ca44,2026-06-01 00:10:00,10,2,3.0,0.4522919706222157,0.7281115398278656,0.11123937155402656,0.0,0.0,True,prompt sent
169484ca-4c63-4a21-b703-a6976e87ca44,2026-06-01 00:11:00,11,2,3.0,0.4522919706222157,0.7281115398278656,0.11123937155402656,0.0,0.0,True,cooldown active
169484ca-4c63-4a21-b703-a6976e87ca44,2026-06-01 00:12:00,12,2,4.0,0.4522919706222157,0.7281115398278656,0.11123937155402656,1.0,0.3333333333333333,True,cooldown active
169484ca-4c63-4a21-b703-a6976e87ca44,2026-06-01 00:13:00,13,2,4.0,0.4522919706222157,0.7281115398278656,0.11123937155402656,0.0,0.3333333333333333,True,cooldown active
169484ca-4c63-4a21-b703-a6976e87ca44,2026-06-01 00:14:00,14,2,3.0,0.4522919706222157,0.7281115398278656,0.11123937155402656,1.0,0.6666666666666666,True,cooldown active
169484ca-4c63-4a21-b703-a6976e87ca44,2026-06-01 00:15:00,15,3,3.0,0.4522919706222157,0.7281115398278656,0.11123937155402656,0.0,0.3333333333333333,True,below threshold
169484ca-4c63-4a21-b703-a6976e87ca44,2026-06-01 00:16:00,16,3,3.0,0.4522919706222157,0.7281115398278656,0.11123937155402656,0.0,0.3333333333333333,True,missing or insufficient EMA data
169484ca-4c63-4a21-b703-a6976e87ca44,2026-06-01 00:17:00,17,3,3.0,0.4522919706222157,0.7281115398278656,0.11123937155402656,0.0,0.0,True,missing or insufficient EMA data
169484ca-4c63-4a21-b703-a6976e87ca44,2026-06-01 00:18:00,18,3,4.0,0.4522919706222157,0.7281115398278656,0.11123937155402656,1.0,0.3333333333333333,True,missing or insufficient EMA data
169484ca-4c63-4a21-b703-a6976e87ca44,2026-06-01 00:19:00,19,3,4.0,0.4522919706222157,0.7281115398278656,0.11123937155402656,0.0,0.3333333333333333,True,below threshold
169484ca-4c63-4a21-b703-a6976e87ca44,2026-06-01 00:20:00,20,4,,0.4522919706222157,0.7281115398278656,0.11123937155402656,,0.5,True,below threshold
169484ca-4c63-4a21-b703-a6976e87ca44,2026-06-01 00:21:00,21,4,,0.4522919706222157,0.7281115398278656,0.11123937155402656,,0.0,True,prompt sent
169484ca-4c63-4a21-b703-a6976e87ca44,2026-06-01 00:22:00,22,4,,0.4522919706222157,0.7281115398278656,0.11123937155402656,,,True,cooldown active
169484ca-4c63-4a21-b703-a6976e87ca44,2026-06-01 00:23:00,23,4,,0.4522919706222157,0.7281115398278656,0.11123937155402656,,,True,cooldown active
169484ca-4c63-4a21-b703-a6976e87ca44,2026-06-01 00:24:00,24,4,,0.4522919706222157,0.7281115398278656,0.11123937155402656,,,True,below threshold
169484ca-4c63-4a21-b703-a6976e87ca44,2026-06-01 00:25:00,25,5,,0.4522919706222157,0.7281115398278656,0.11123937155402656,,,True,below threshold
169484ca-4c63-4a21-b703-a6976e87ca44,2026-06-01 00:26:00,26,5,3.0,0.4522919706222157,0.7281115398278656,0.11123937155402656,,,True,below threshold
169484ca-4c63-4a21-b703-a6976e87ca44,2026-06-01 00:27:00,27,5,3.0,0.4522919706222157,0.7281115398278656,0.11123937155402656,0.0,0.0,True,below threshold
169484ca-4c63-4a21-b703-a6976e87ca44,2026-06-01 00:28:00,28,5,3.0,0.4522919706222157,0.7281115398278656,0.11123937155402656,0.0,0.0,True,below threshold
169484ca-4c63-4a21-b703-a6976e87ca44,2026-06-01 00:29:00,29,5,3.0,0.4522919706222157,0.7281115398278656,0.11123937155402656,0.0,0.0,True,below threshold
169484ca-4c63-4a21-b703-a6976e87ca44,2026-06-01 00:30:00,30,6,3.0,0.4522919706222157,0.7281115398278656,0.11123937155402656,0.0,0.0,False,below threshold
169484ca-4c63-4a21-b703-a6976e87ca44,2026-06-01 00:31:00,31,6,3.0,0.4522919706222157,0.7281115398278656,0.11123937155402656,0.0,0.0,True,below threshold
169484ca-4c63-4a21-b703-a6976e87ca44,2026-06-01 00:32:00,32,6,3.0,0.4522919706222157,0.7281115398278656,0.11123937155402656,0.0,0.0,True,below threshold
169484ca-4c63-4a21-b703-a6976e87ca44,2026-06-01 00:33:00,33,6,3.0,0.4522919706222157,0.7281115398278656,0.11123937155402656,0.0,0.0,True,below threshold
169484ca-4c63-4a21-b703-a6976e87ca44,2026-06-01 00:34:00,34,6,3.0,0.4522919706222157,0.7281115398278656,0.11123937155402656,0.0,0.0,True,below threshold
185cbe9e-d7d3-4c6d-80f0-1c9664d3a315,2026-06-01 00:00:00,0,0,4.0,1.1970070653167435,0.2221866685026899,2.228942195898604,,,False,missing or insufficient EMA data
185cbe9e-d7d3-4c6d-80f0-1c9664d3a315,2026-06-01 00:01:00,1,0,4.0,1.1970070653167435,0.2221866685026899,2.228942195898604,0.0,0.0,True,below threshold
185cbe9e-d7d3-4c6d-80f0-1c9664d3a315,2026-06-01 00:02:00,2,0,4.0,1.1970070653167435,0.2221866685026899,2.228942195898604,0.0,0.0,True,below threshold
185cbe9e-d7d3-4c6d-80f0-1c9664d3a315,2026-06-01 00:03:00,3,0,4.0,1.1970070653167435,0.2221866685026899,2.228942195898604,0.0,0.0,True,below threshold
185cbe9e-d7d3-4c6d-80f0-1c9664d3a315,2026-06-01 00:04:00,4,0,4.0,1.1970070653167435,0.2221866685026899,2.228942195898604,0.0,0.0,True,below threshold
185cbe9e-d7d3-4c6d-80f0-1c9664d3a315,2026-06-01 00:05:00,5,1,5.0,1.1970070653167435,0.2221866685026899,2.228942195898604,1.0,0.3333333333333333,True,below threshold
185cbe9e-d7d3-4c6d-80f0-1c9664d3a315,2026-06-01 00:06:00,6,1,5.0,1.1970070653167435,0.2221866685026899,2.228942195898604,0.0,0.3333333333333333,True,below threshold
185cbe9e-d7d3-4c6d-80f0-1c9664d3a315,2026-06-01 00:07:00,7,1,2.0,1.1970070653167435,0.2221866685026899,2.228942195898604,9.0,3.3333333333333335,True,below threshold
185cbe9e-d7d3-4c6d-80f0-1c9664d3a315,2026-06-01 00:08:00,8,1,,1.1970070653167435,0.2221866685026899,2.228942195898604,,4.5,True,below threshold
185cbe9e-d7d3-4c6d-80f0-1c9664d3a315,2026-06-01 00:09:00,9,1,4.0,1.1970070653167435,0.2221866685026899,2.228942195898604,,9.0,True,below threshold
185cbe9e-d7d3-4c6d-80f0-1c9664d3a315,2026-06-01 00:10:00,10,2,4.0,1.1970070653167435,0.2221866685026899,2.228942195898604,0.0,0.0,True,prompt sent
185cbe9e-d7d3-4c6d-80f0-1c9664d3a315,2026-06-01 00:11:00,11,2,5.0,1.1970070653167435,0.2221866685026899,2.228942195898604,1.0,0.5,True,cooldown active
185cbe9e-d7d3-4c6d-80f0-1c9664d3a315,2026-06-01 00:12:00,12,2,4.0,1.1970070653167435,0.2221866685026899,2.228942195898604,1.0,0.6666666666666666,True,cooldown active
185cbe9e-d7d3-4c6d-80f0-1c9664d3a315,2026-06-01 00:13:00,13,2,4.0,1.1970070653167435,0.2221866685026899,2.228942195898604,0.0,0.6666666666666666,True,cooldown active
185cbe9e-d7d3-4c6d-80f0-1c9664d3a315,2026-06-01 00:14:00,14,2,3.0,1.1970070653167435,0.2221866685026899,2.228942195898604,1.0,0.6666666666666666,True,cooldown active
185cbe9e-d7d3-4c6d-80f0-1c9664d3a315,2026-06-01 00:15:00,15,3,1.0,1.1970070653167435,0.2221866685026899,2.228942195898604,4.0,1.6666666666666667,True,below threshold
185cbe9e-d7d3-4c6d-80f0-1c9664d3a315,2026-06-01 00:16:00,16,3,3.0,1.1970070653167435,0.2221866685026899,2.228942195898604,4.0,3.0,True,missing or insufficient EMA data
185cbe9e-d7d3-4c6d-80f0-1c9664d3a315,2026-06-01 00:17:00,17,3,2.0,1.1970070653167435,0.2221866685026899,2.228942195898604,1.0,3.0,True,missing or insufficient EMA data
185cbe9e-d7d3-4c6d-80f0-1c9664d3a315,2026-06-01 00:18:00,18,3,2.0,1.1970070653167435,0.2221866685026899,2.228942195898604,0.0,1.6666666666666667,True,missing or insufficient EMA data
185cbe9e-d7d3-4c6d-80f0-1c9664d3a315,2026-06-01 00:19:00,19,3,4.0,1.1970070653167435,0.2221866685026899,2.228942195898604,4.0,1.6666666666666667,True,below threshold
185cbe9e-d7d3-4c6d-80f0-1c9664d3a315,2026-06-01 00:20:00,20,4,4.0,1.1970070653167435,0.2221866685026899,2.228942195898604,0.0,1.3333333333333333,True,below threshold
185cbe9e-d7d3-4c6d-80f0-1c9664d3a315,2026-06-01 00:21:00,21,4,3.0,1.1970070653167435,0.2221866685026899,2.228942195898604,1.0,1.6666666666666667,True,prompt sent
185cbe9e-d7d3-4c6d-80f0-1c9664d3a315,2026-06-01 00:22:00,22,4,3.0,1.1970070653167435,0.2221866685026899,2.228942195898604,0.0,0.3333333333333333,True,cooldown active
185cbe9e-d7d3-4c6d-80f0-1c9664d3a315,2026-06-01 00:23:00,23,4,3.0,1.1970070653167435,0.2221866685026899,2.228942195898604,0.0,0.3333333333333333,True,cooldown active
185cbe9e-d7d3-4c6d-80f0-1c9664d3a315,2026-06-01 00:24:00,24,4,4.0,1.1970070653167435,0.2221866685026899,2.228942195898604,1.0,0.3333333333333333,True,below threshold
185cbe9e-d7d3-4c6d-80f0-1c9664d3a315,2026-06-01 00:25:00,25,5,2.0,1.1970070653167435,0.2221866685026899,2.228942195898604,4.0,1.6666666666666667,True,below threshold
185cbe9e-d7d3-4c6d-80f0-1c9664d3a315,2026-06-01 00:26:00,26,5,3.0,1.1970070653167435,0.2221866685026899,2.228942195898604,1.0,2.0,True,below threshold
185cbe9e-d7d3-4c6d-80f0-1c9664d3a315,2026-06-01 00:27:00,27,5,4.0,1.1970070653167435,0.2221866685026899,2.228942195898604,1.0,2.0,True,below threshold
185cbe9e-d7d3-4c6d-80f0-1c9664d3a315,2026-06-01 00:28:00,28,5,1.0,1.1970070653167435,0.2221866685026899,2.228942195898604,9.0,3.6666666666666665,True,below threshold
185cbe9e-d7d3-4c6d-80f0-1c9664d3a315,2026-06-01 00:29:00,29,5,3.0,1.1970070653167435,0.2221866685026899,2.228942195898604,4.0,4.666666666666667,True,below threshold
185cbe9e-d7d3-4c6d-80f0-1c9664d3a315,2026-06-01 00:30:00,30,6,3.0,1.1970070653167435,0.2221866685026899,2.228942195898604,0.0,4.333333333333333,False,below threshold
185cbe9e-d7d3-4c6d-80f0-1c9664d3a315,2026-06-01 00:31:00,31,6,3.0,1.1970070653167435,0.2221866685026899,2.228942195898604,0.0,1.3333333333333333,True,below threshold
185cbe9e-d7d3-4c6d-80f0-1c9664d3a315,2026-06-01 00:32:00,32,6,2.0,1.1970070653167435,0.2221866685026899,2.228942195898604,1.0,0.3333333333333333,True,below threshold
185cbe9e-d7d3-4c6d-80f0-1c9664d3a315,2026-06-01 00:33:00,33,6,3.0,1.1970070653167435,0.2221866685026899,2.228942195898604,1.0,0.6666666666666666,True,below threshold
185cbe9e-d7d3-4c6d-80f0-1c9664d3a315,2026-06-01 00:34:00,34,6,5.0,1.1970070653167435,0.2221866685026899,2.228942195898604,4.0,2.0,True,below threshold
1f4a12c5-50c3-4294-be85-7f4a862e0064,2026-06-01 00:00:00,0,0,2.0,1.0521192771925927,0.3473026846058628,1.445013078853297,,,False,missing or insufficient EMA data
1f4a12c5-50c3-4294-be85-7f4a862e0064,2026-06-01 00:01:00,1,0,3.0,1.0521192771925927,0.3473026846058628,1.445013078853297,1.0,1.0,True,below threshold
1f4a12c5-50c3-4294-be85-7f4a862e0064,2026-06-01 00:02:00,2,0,5.0,1.0521192771925927,0.3473026846058628,1.445013078853297,4.0,2.5,True,below threshold
1f4a12c5-50c3-4294-be85-7f4a862e0064,2026-06-01 00:03:00,3,0,5.0,1.0521192771925927,0.3473026846058628,1.445013078853297,0.0,1.6666666666666667,True,below threshold
1f4a12c5-50c3-4294-be85-7f4a862e0064,2026-06-01 00:04:00,4,0,3.0,1.0521192771925927,0.3473026846058628,1.445013078853297,4.0,2.6666666666666665,True,below threshold
1f4a12c5-50c3-4294-be85-7f4a862e0064,2026-06-01 00:05:00,5,1,,1.0521192771925927,0.3473026846058628,1.445013078853297,,2.0,True,below threshold
1f4a12c5-50c3-4294-be85-7f4a862e0064,2026-06-01 00:06:00,6,1,,1.0521192771925927,0.3473026846058628,1.445013078853297,,4.0,True,below threshold
1f4a12c5-50c3-4294-be85-7f4a862e0064,2026-06-01 00:07:00,7,1,,1.0521192771925927,0.3473026846058628,1.445013078853297,,,True,below threshold
1f4a12c5-50c3-4294-be85-7f4a862e0064,2026-06-01 00:08:00,8,1,,1.0521192771925927,0.3473026846058628,1.445013078853297,,,True,below threshold
1f4a12c5-50c3-4294-be85-7f4a862e0064,2026-06-01 00:09:00,9,1,4.0,1.0521192771925927,0.3473026846058628,1.445013078853297,,,True,below threshold
1f4a12c5-50c3-4294-be85-7f4a862e0064,2026-06-01 00:10:00,10,2,5.0,1.0521192771925927,0.3473026846058628,1.445013078853297,1.0,1.0,True,prompt sent
1f4a12c5-50c3-4294-be85-7f4a862e0064,2026-06-01 00:11:00,11,2,3.0,1.0521192771925927,0.3473026846058628,1.445013078853297,4.0,2.5,True,cooldown active
1f4a12c5-50c3-4294-be85-7f4a862e0064,2026-06-01 00:12:00,12,2,3.0,1.0521192771925927,0.3473026846058628,1.445013078853297,0.0,1.6666666666666667,True,cooldown active
1f4a12c5-50c3-4294-be85-7f4a862e0064,2026-06-01 00:13:00,13,2,,1.0521192771925927,0.3473026846058628,1.445013078853297,,2.0,True,cooldown active
1f4a12c5-50c3-4294-be85-7f4a862e0064,2026-06-01 00:14:00,14,2,,1.0521192771925927,0.3473026846058628,1.445013078853297,,0.0,True,cooldown active
1f4a12c5-50c3-4294-be85-7f4a862e0064,2026-06-01 00:15:00,15,3,,1.0521192771925927,0.3473026846058628,1.445013078853297,,,True,below threshold
1f4a12c5-50c3-4294-be85-7f4a862e0064,2026-06-01 00:16:00,16,3,,1.0521192771925927,0.3473026846058628,1.445013078853297,,,True,missing or insufficient EMA data
1f4a12c5-50c3-4294-be85-7f4a862e0064,2026-06-01 00:17:00,17,3,,1.0521192771925927,0.3473026846058628,1.445013078853297,,,True,missing or insufficient EMA data
1f4a12c5-50c3-4294-be85-7f4a862e0064,2026-06-01 00:18:00,18,3,,1.0521192771925927,0.3473026846058628,1.445013078853297,,,True,missing or insufficient EMA data
1f4a12c5-50c3-4294-be85-7f4a862e0064,2026-06-01 00:19:00,19,3,2.0,1.0521192771925927,0.3473026846058628,1.445013078853297,,,True,below threshold
1f4a12c5-50c3-4294-be85-7f4a862e0064,2026-06-01 00:20:00,20,4,3.0,1.0521192771925927,0.3473026846058628,1.445013078853297,1.0,1.0,True,below threshold
1f4a12c5-50c3-4294-be85-7f4a862e0064,2026-06-01 00:21:00,21,4,4.0,1.0521192771925927,0.3473026846058628,1.445013078853297,1.0,1.0,True,prompt sent
1f4a12c5-50c3-4294-be85-7f4a862e0064,2026-06-01 00:22:00,22,4,4.0,1.0521192771925927,0.3473026846058628,1.445013078853297,0.0,0.6666666666666666,True,cooldown active
1f4a12c5-50c3-4294-be85-7f4a862e0064,2026-06-01 00:23:00,23,4,4.0,1.0521192771925927,0.3473026846058628,1.445013078853297,0.0,0.3333333333333333,True,cooldown active
1f4a12c5-50c3-4294-be85-7f4a862e0064,2026-06-01 00:24:00,24,4,3.0,1.0521192771925927,0.3473026846058628,1.445013078853297,1.0,0.3333333333333333,True,below threshold
1f4a12c5-50c3-4294-be85-7f4a862e0064,2026-06-01 00:25:00,25,5,1.0,1.0521192771925927,0.3473026846058628,1.445013078853297,4.0,1.6666666666666667,True,below threshold
1f4a12c5-50c3-4294-be85-7f4a862e0064,2026-06-01 00:26:00,26,5,2.0,1.0521192771925927,0.3473026846058628,1.445013078853297,1.0,2.0,True,below threshold
1f4a12c5-50c3-4294-be85-7f4a862e0064,2026-06-01 00:27:00,27,5,4.0,1.0521192771925927,0.3473026846058628,1.445013078853297,4.0,3.0,True,below threshold
1f4a12c5-50c3-4294-be85-7f4a862e0064,2026-06-01 00:28:00,28,5,3.0,1.0521192771925927,0.3473026846058628,1.445013078853297,1.0,2.0,True,below threshold
1f4a12c5-50c3-4294-be85-7f4a862e0064,2026-06-01 00:29:00,29,5,2.0,1.0521192771925927,0.3473026846058628,1.445013078853297,1.0,2.0,True,below threshold
1f4a12c5-50c3-4294-be85-7f4a862e0064,2026-06-01 00:30:00,30,6,1.0,1.0521192771925927,0.3473026846058628,1.445013078853297,1.0,1.0,False,below threshold
1f4a12c5-50c3-4294-be85-7f4a862e0064,2026-06-01 00:31:00,31,6,4.0,1.0521192771925927,0.3473026846058628,1.445013078853297,9.0,3.6666666666666665,True,below threshold
1f4a12c5-50c3-4294-be85-7f4a862e0064,2026-06-01 00:32:00,32,6,4.0,1.0521192771925927,0.3473026846058628,1.445013078853297,0.0,3.3333333333333335,True,below threshold
1f4a12c5-50c3-4294-be85-7f4a862e0064,2026-06-01 00:33:00,33,6,4.0,1.0521192771925927,0.3473026846058628,1.445013078853297,0.0,3.0,True,below threshold
1f4a12c5-50c3-4294-be85-7f4a862e0064,2026-06-01 00:34:00,34,6,5.0,1.0521192771925927,0.3473026846058628,1.445013078853297,1.0,0.3333333333333333,True,below threshold
21379ecd-a850-47d4-bb0d-db2717f4b64f,2026-06-01 00:00:00,0,0,4.0,0.5361237881990575,0.3616970333624433,0.3669332045876433,,,False,missing or insufficient EMA data
21379ecd-a850-47d4-bb0d-db2717f4b64f,2026-06-01 00:01:00,1,0,3.0,0.5361237881990575,0.3616970333624433,0.3669332045876433,1.0,1.0,True,below threshold
21379ecd-a850-47d4-bb0d-db2717f4b64f,2026-06-01 00:02:00,2,0,3.0,0.5361237881990575,0.3616970333624433,0.3669332045876433,0.0,0.5,True,below threshold
21379ecd-a850-47d4-bb0d-db2717f4b64f,2026-06-01 00:03:00,3,0,,0.5361237881990575,0.3616970333624433,0.3669332045876433,,0.5,True,below threshold
21379ecd-a850-47d4-bb0d-db2717f4b64f,2026-06-01 00:04:00,4,0,3.0,0.5361237881990575,0.3616970333624433,0.3669332045876433,,0.0,True,below threshold
21379ecd-a850-47d4-bb0d-db2717f4b64f,2026-06-01 00:05:00,5,1,2.0,0.5361237881990575,0.3616970333624433,0.3669332045876433,1.0,1.0,True,below threshold
21379ecd-a850-47d4-bb0d-db2717f4b64f,2026-06-01 00:06:00,6,1,3.0,0.5361237881990575,0.3616970333624433,0.3669332045876433,1.0,1.0,True,below threshold
21379ecd-a850-47d4-bb0d-db2717f4b64f,2026-06-01 00:07:00,7,1,2.0,0.5361237881990575,0.3616970333624433,0.3669332045876433,1.0,1.0,True,below threshold
21379ecd-a850-47d4-bb0d-db2717f4b64f,2026-06-01 00:08:00,8,1,3.0,0.5361237881990575,0.3616970333624433,0.3669332045876433,1.0,1.0,True,below threshold
21379ecd-a850-47d4-bb0d-db2717f4b64f,2026-06-01 00:09:00,9,1,3.0,0.5361237881990575,0.3616970333624433,0.3669332045876433,0.0,0.6666666666666666,True,below threshold
21379ecd-a850-47d4-bb0d-db2717f4b64f,2026-06-01 00:10:00,10,2,3.0,0.5361237881990575,0.3616970333624433,0.3669332045876433,0.0,0.3333333333333333,True,prompt sent
21379ecd-a850-47d4-bb0d-db2717f4b64f,2026-06-01 00:11:00,11,2,2.0,0.5361237881990575,0.3616970333624433,0.3669332045876433,1.0,0.3333333333333333,True,cooldown active
21379ecd-a850-47d4-bb0d-db2717f4b64f,2026-06-01 00:12:00,12,2,2.0,0.5361237881990575,0.3616970333624433,0.3669332045876433,0.0,0.3333333333333333,True,cooldown active
21379ecd-a850-47d4-bb0d-db2717f4b64f,2026-06-01 00:13:00,13,2,3.0,0.5361237881990575,0.3616970333624433,0.3669332045876433,1.0,0.6666666666666666,True,cooldown active
21379ecd-a850-47d4-bb0d-db2717f4b64f,2026-06-01 00:14:00,14,2,3.0,0.5361237881990575,0.3616970333624433,0.3669332045876433,0.0,0.3333333333333333,True,cooldown active
21379ecd-a850-47d4-bb0d-db2717f4b64f,2026-06-01 00:15:00,15,3,3.0,0.5361237881990575,0.3616970333624433,0.3669332045876433,0.0,0.3333333333333333,True,below threshold
21379ecd-a850-47d4-bb0d-db2717f4b64f,2026-06-01 00:16:00,16,3,2.0,0.5361237881990575,0.3616970333624433,0.3669332045876433,1.0,0.3333333333333333,True,missing or insufficient EMA data
21379ecd-a850-47d4-bb0d-db2717f4b64f,2026-06-01 00:17:00,17,3,2.0,0.5361237881990575,0.3616970333624433,0.3669332045876433,0.0,0.3333333333333333,True,missing or insufficient EMA data
21379ecd-a850-47d4-bb0d-db2717f4b64f,2026-06-01 00:18:00,18,3,3.0,0.5361237881990575,0.3616970333624433,0.3669332045876433,1.0,0.6666666666666666,True,missing or insufficient EMA data
21379ecd-a850-47d4-bb0d-db2717f4b64f,2026-06-01 00:19:00,19,3,2.0,0.5361237881990575,0.3616970333624433,0.3669332045876433,1.0,0.6666666666666666,True,below threshold
21379ecd-a850-47d4-bb0d-db2717f4b64f,2026-06-01 00:20:00,20,4,2.0,0.5361237881990575,0.3616970333624433,0.3669332045876433,0.0,0.6666666666666666,True,below threshold
21379ecd-a850-47d4-bb0d-db2717f4b64f,2026-06-01 00:21:00,21,4,2.0,0.5361237881990575,0.3616970333624433,0.3669332045876433,0.0,0.3333333333333333,True,prompt sent
21379ecd-a850-47d4-bb0d-db2717f4b64f,2026-06-01 00:22:00,22,4,2.0,0.5361237881990575,0.3616970333624433,0.3669332045876433,0.0,0.0,True,cooldown active
21379ecd-a850-47d4-bb0d-db2717f4b64f,2026-06-01 00:23:00,23,4,2.0,0.5361237881990575,0.3616970333624433,0.3669332045876433,0.0,0.0,True,cooldown active
21379ecd-a850-47d4-bb0d-db2717f4b64f,2026-06-01 00:24:00,24,4,3.0,0.5361237881990575,0.3616970333624433,0.3669332045876433,1.0,0.3333333333333333,True,below threshold
21379ecd-a850-47d4-bb0d-db2717f4b64f,2026-06-01 00:25:00,25,5,3.0,0.5361237881990575,0.3616970333624433,0.3669332045876433,0.0,0.3333333333333333,True,below threshold
21379ecd-a850-47d4-bb0d-db2717f4b64f,2026-06-01 00:26:00,26,5,3.0,0.5361237881990575,0.3616970333624433,0.3669332045876433,0.0,0.3333333333333333,True,below threshold
21379ecd-a850-47d4-bb0d-db2717f4b64f,2026-06-01 00:27:00,27,5,3.0,0.5361237881990575,0.3616970333624433,0.3669332045876433,0.0,0.0,True,below threshold
21379ecd-a850-47d4-bb0d-db2717f4b64f,2026-06-01 00:28:00,28,5,,0.5361237881990575,0.3616970333624433,0.3669332045876433,,0.0,True,below threshold
21379ecd-a850-47d4-bb0d-db2717f4b64f,2026-06-01 00:29:00,29,5,,0.5361237881990575,0.3616970333624433,0.3669332045876433,,0.0,True,below threshold
21379ecd-a850-47d4-bb0d-db2717f4b64f,2026-06-01 00:30:00,30,6,,0.5361237881990575,0.3616970333624433,0.3669332045876433,,,False,below threshold
21379ecd-a850-47d4-bb0d-db2717f4b64f,2026-06-01 00:31:00,31,6,,0.5361237881990575,0.3616970333624433,0.3669332045876433,,,True,below threshold
21379ecd-a850-47d4-bb0d-db2717f4b64f,2026-06-01 00:32:00,32,6,,0.5361237881990575,0.3616970333624433,0.3669332045876433,,,True,below threshold
21379ecd-a850-47d4-bb0d-db2717f4b64f,2026-06-01 00:33:00,33,6,,0.5361237881990575,0.3616970333624433,0.3669332045876433,,,True,below threshold
21379ecd-a850-47d4-bb0d-db2717f4b64f,2026-06-01 00:34:00,34,6,,0.5361237881990575,0.3616970333624433,0.3669332045876433,,,True,below threshold
25c70395-1536-4390-a348-847283d977e2,2026-06-01 00:00:00,0,0,3.0,0.9542458814671682,0.5339411861288736,0.848772518622328,,,False,missing or insufficient EMA data
25c70395-1536-4390-a348-847283d977e2,2026-06-01 00:01:00,1,0,5.0,0.9542458814671682,0.5339411861288736,0.848772518622328,4.0,4.0,True,below threshold
25c70395-1536-4390-a348-847283d977e2,2026-06-01 00:02:00,2,0,4.0,0.9542458814671682,0.5339411861288736,0.848772518622328,1.0,2.5,True,below threshold
25c70395-1536-4390-a348-847283d977e2,2026-06-01 00:03:00,3,0,2.0,0.9542458814671682,0.5339411861288736,0.848772518622328,4.0,3.0,True,below threshold
25c70395-1536-4390-a348-847283d977e2,2026-06-01 00:04:00,4,0,5.0,0.9542458814671682,0.5339411861288736,0.848772518622328,9.0,4.666666666666667,True,below threshold
25c70395-1536-4390-a348-847283d977e2,2026-06-01 00:05:00,5,1,5.0,0.9542458814671682,0.5339411861288736,0.848772518622328,0.0,4.333333333333333,True,below threshold
25c70395-1536-4390-a348-847283d977e2,2026-06-01 00:06:00,6,1,4.0,0.9542458814671682,0.5339411861288736,0.848772518622328,1.0,3.3333333333333335,True,below threshold
25c70395-1536-4390-a348-847283d977e2,2026-06-01 00:07:00,7,1,4.0,0.9542458814671682,0.5339411861288736,0.848772518622328,0.0,0.3333333333333333,True,below threshold
25c70395-1536-4390-a348-847283d977e2,2026-06-01 00:08:00,8,1,5.0,0.9542458814671682,0.5339411861288736,0.848772518622328,1.0,0.6666666666666666,True,below threshold
25c70395-1536-4390-a348-847283d977e2,2026-06-01 00:09:00,9,1,4.0,0.9542458814671682,0.5339411861288736,0.848772518622328,1.0,0.6666666666666666,True,below threshold
25c70395-1536-4390-a348-847283d977e2,2026-06-01 00:10:00,10,2,5.0,0.9542458814671682,0.5339411861288736,0.848772518622328,1.0,1.0,True,prompt sent
25c70395-1536-4390-a348-847283d977e2,2026-06-01 00:11:00,11,2,5.0,0.9542458814671682,0.5339411861288736,0.848772518622328,0.0,0.6666666666666666,True,cooldown active
25c70395-1536-4390-a348-847283d977e2,2026-06-01 00:12:00,12,2,4.0,0.9542458814671682,0.5339411861288736,0.848772518622328,1.0,0.6666666666666666,True,cooldown active
25c70395-1536-4390-a348-847283d977e2,2026-06-01 00:13:00,13,2,4.0,0.9542458814671682,0.5339411861288736,0.848772518622328,0.0,0.3333333333333333,True,cooldown active
25c70395-1536-4390-a348-847283d977e2,2026-06-01 00:14:00,14,2,4.0,0.9542458814671682,0.5339411861288736,0.848772518622328,0.0,0.3333333333333333,True,cooldown active
25c70395-1536-4390-a348-847283d977e2,2026-06-01 00:15:00,15,3,5.0,0.9542458814671682,0.5339411861288736,0.848772518622328,1.0,0.3333333333333333,True,below threshold
25c70395-1536-4390-a348-847283d977e2,2026-06-01 00:16:00,16,3,,0.9542458814671682,0.5339411861288736,0.848772518622328,,0.5,True,missing or insufficient EMA data
25c70395-1536-4390-a348-847283d977e2,2026-06-01 00:17:00,17,3,,0.9542458814671682,0.5339411861288736,0.848772518622328,,1.0,True,missing or insufficient EMA data
25c70395-1536-4390-a348-847283d977e2,2026-06-01 00:18:00,18,3,,0.9542458814671682,0.5339411861288736,0.848772518622328,,,True,missing or insufficient EMA data
25c70395-1536-4390-a348-847283d977e2,2026-06-01 00:19:00,19,3,,0.9542458814671682,0.5339411861288736,0.848772518622328,,,True,below threshold
25c70395-1536-4390-a348-847283d977e2,2026-06-01 00:20:00,20,4,,0.9542458814671682,0.5339411861288736,0.848772518622328,,,True,below threshold
25c70395-1536-4390-a348-847283d977e2,2026-06-01 00:21:00,21,4,,0.9542458814671682,0.5339411861288736,0.848772518622328,,,True,prompt sent
25c70395-1536-4390-a348-847283d977e2,2026-06-01 00:22:00,22,4,,0.9542458814671682,0.5339411861288736,0.848772518622328,,,True,cooldown active
25c70395-1536-4390-a348-847283d977e2,2026-06-01 00:23:00,23,4,4.0,0.9542458814671682,0.5339411861288736,0.848772518622328,,,True,cooldown active
25c70395-1536-4390-a348-847283d977e2,2026-06-01 00:24:00,24,4,4.0,0.9542458814671682,0.5339411861288736,0.848772518622328,0.0,0.0,True,below threshold
25c70395-1536-4390-a348-847283d977e2,2026-06-01 00:25:00,25,5,3.0,0.9542458814671682,0.5339411861288736,0.848772518622328,1.0,0.5,True,below threshold
25c70395-1536-4390-a348-847283d977e2,2026-06-01 00:26:00,26,5,3.0,0.9542458814671682,0.5339411861288736,0.848772518622328,0.0,0.3333333333333333,True,below threshold
25c70395-1536-4390-a348-847283d977e2,2026-06-01 00:27:00,27,5,5.0,0.9542458814671682,0.5339411861288736,0.848772518622328,4.0,1.6666666666666667,True,below threshold
25c70395-1536-4390-a348-847283d977e2,2026-06-01 00:28:00,28,5,3.0,0.9542458814671682,0.5339411861288736,0.848772518622328,4.0,2.6666666666666665,True,below threshold
25c70395-1536-4390-a348-847283d977e2,2026-06-01 00:29:00,29,5,4.0,0.9542458814671682,0.5339411861288736,0.848772518622328,1.0,3.0,True,below threshold
25c70395-1536-4390-a348-847283d977e2,2026-06-01 00:30:00,30,6,2.0,0.9542458814671682,0.5339411861288736,0.848772518622328,4.0,3.0,False,below threshold
25c70395-1536-4390-a348-847283d977e2,2026-06-01 00:31:00,31,6,3.0,0.9542458814671682,0.5339411861288736,0.848772518622328,1.0,2.0,True,below threshold
25c70395-1536-4390-a348-847283d977e2,2026-06-01 00:32:00,32,6,3.0,0.9542458814671682,0.5339411861288736,0.848772518622328,0.0,1.6666666666666667,True,below threshold
25c70395-1536-4390-a348-847283d977e2,2026-06-01 00:33:00,33,6,2.0,0.9542458814671682,0.5339411861288736,0.848772518622328,1.0,0.6666666666666666,True,below threshold
25c70395-1536-4390-a348-847283d977e2,2026-06-01 00:34:00,34,6,3.0,0.9542458814671682,0.5339411861288736,0.848772518622328,1.0,0.6666666666666666,True,below threshold
2b045d89-3e0b-471b-9cb6-15dd290734a1,2026-06-01 00:00:00,0,0,4.0,0.7871332769855637,0.3835187085506845,0.7639174723023874,,,False,missing or insufficient EMA data
2b045d89-3e0b-471b-9cb6-15dd290734a1,2026-06-01 00:01:00,1,0,4.0,0.7871332769855637,0.3835187085506845,0.7639174723023874,0.0,0.0,True,below threshold
2b045d89-3e0b-471b-9cb6-15dd290734a1,2026-06-01 00:02:00,2,0,4.0,0.7871332769855637,0.3835187085506845,0.7639174723023874,0.0,0.0,True,below threshold
2b045d89-3e0b-471b-9cb6-15dd290734a1,2026-06-01 00:03:00,3,0,5.0,0.7871332769855637,0.3835187085506845,0.7639174723023874,1.0,0.3333333333333333,True,below threshold
2b045d89-3e0b-471b-9cb6-15dd290734a1,2026-06-01 00:04:00,4,0,5.0,0.7871332769855637,0.3835187085506845,0.7639174723023874,0.0,0.3333333333333333,True,below threshold
2b045d89-3e0b-471b-9cb6-15dd290734a1,2026-06-01 00:05:00,5,1,5.0,0.7871332769855637,0.3835187085506845,0.7639174723023874,0.0,0.3333333333333333,True,below threshold
2b045d89-3e0b-471b-9cb6-15dd290734a1,2026-06-01 00:06:00,6,1,4.0,0.7871332769855637,0.3835187085506845,0.7639174723023874,1.0,0.3333333333333333,True,below threshold
2b045d89-3e0b-471b-9cb6-15dd290734a1,2026-06-01 00:07:00,7,1,3.0,0.7871332769855637,0.3835187085506845,0.7639174723023874,1.0,0.6666666666666666,True,below threshold
2b045d89-3e0b-471b-9cb6-15dd290734a1,2026-06-01 00:08:00,8,1,4.0,0.7871332769855637,0.3835187085506845,0.7639174723023874,1.0,1.0,True,below threshold
2b045d89-3e0b-471b-9cb6-15dd290734a1,2026-06-01 00:09:00,9,1,4.0,0.7871332769855637,0.3835187085506845,0.7639174723023874,0.0,0.6666666666666666,True,below threshold
2b045d89-3e0b-471b-9cb6-15dd290734a1,2026-06-01 00:10:00,10,2,3.0,0.7871332769855637,0.3835187085506845,0.7639174723023874,1.0,0.6666666666666666,True,prompt sent
2b045d89-3e0b-471b-9cb6-15dd290734a1,2026-06-01 00:11:00,11,2,3.0,0.7871332769855637,0.3835187085506845,0.7639174723023874,0.0,0.3333333333333333,True,cooldown active
2b045d89-3e0b-471b-9cb6-15dd290734a1,2026-06-01 00:12:00,12,2,4.0,0.7871332769855637,0.3835187085506845,0.7639174723023874,1.0,0.6666666666666666,True,cooldown active
2b045d89-3e0b-471b-9cb6-15dd290734a1,2026-06-01 00:13:00,13,2,3.0,0.7871332769855637,0.3835187085506845,0.7639174723023874,1.0,0.6666666666666666,True,cooldown active
2b045d89-3e0b-471b-9cb6-15dd290734a1,2026-06-01 00:14:00,14,2,5.0,0.7871332769855637,0.3835187085506845,0.7639174723023874,4.0,2.0,True,cooldown active
2b045d89-3e0b-471b-9cb6-15dd290734a1,2026-06-01 00:15:00,15,3,5.0,0.7871332769855637,0.3835187085506845,0.7639174723023874,0.0,1.6666666666666667,True,below threshold
2b045d89-3e0b-471b-9cb6-15dd290734a1,2026-06-01 00:16:00,16,3,5.0,0.7871332769855637,0.3835187085506845,0.7639174723023874,0.0,1.3333333333333333,True,missing or insufficient EMA data
2b045d89-3e0b-471b-9cb6-15dd290734a1,2026-06-01 00:17:00,17,3,5.0,0.7871332769855637,0.3835187085506845,0.7639174723023874,0.0,0.0,True,missing or insufficient EMA data
2b045d89-3e0b-471b-9cb6-15dd290734a1,2026-06-01 00:18:00,18,3,4.0,0.7871332769855637,0.3835187085506845,0.7639174723023874,1.0,0.3333333333333333,True,missing or insufficient EMA data
2b045d89-3e0b-471b-9cb6-15dd290734a1,2026-06-01 00:19:00,19,3,3.0,0.7871332769855637,0.3835187085506845,0.7639174723023874,1.0,0.6666666666666666,True,below threshold
2b045d89-3e0b-471b-9cb6-15dd290734a1,2026-06-01 00:20:00,20,4,4.0,0.7871332769855637,0.3835187085506845,0.7639174723023874,1.0,1.0,True,below threshold
2b045d89-3e0b-471b-9cb6-15dd290734a1,2026-06-01 00:21:00,21,4,4.0,0.7871332769855637,0.3835187085506845,0.7639174723023874,0.0,0.6666666666666666,True,prompt sent
2b045d89-3e0b-471b-9cb6-15dd290734a1,2026-06-01 00:22:00,22,4,3.0,0.7871332769855637,0.3835187085506845,0.7639174723023874,1.0,0.6666666666666666,True,cooldown active
2b045d89-3e0b-471b-9cb6-15dd290734a1,2026-06-01 00:23:00,23,4,3.0,0.7871332769855637,0.3835187085506845,0.7639174723023874,0.0,0.3333333333333333,True,cooldown active
2b045d89-3e0b-471b-9cb6-15dd290734a1,2026-06-01 00:24:00,24,4,3.0,0.7871332769855637,0.3835187085506845,0.7639174723023874,0.0,0.3333333333333333,True,below threshold
2b045d89-3e0b-471b-9cb6-15dd290734a1,2026-06-01 00:25:00,25,5,4.0,0.7871332769855637,0.3835187085506845,0.7639174723023874,1.0,0.3333333333333333,True,below threshold
2b045d89-3e0b-471b-9cb6-15dd290734a1,2026-06-01 00:26:00,26,5,4.0,0.7871332769855637,0.3835187085506845,0.7639174723023874,0.0,0.3333333333333333,True,below threshold
2b045d89-3e0b-471b-9cb6-15dd290734a1,2026-06-01 00:27:00,27,5,4.0,0.7871332769855637,0.3835187085506845,0.7639174723023874,0.0,0.3333333333333333,True,below threshold
2b045d89-3e0b-471b-9cb6-15dd290734a1,2026-06-01 00:28:00,28,5,4.0,0.7871332769855637,0.3835187085506845,0.7639174723023874,0.0,0.0,True,below threshold
2b045d89-3e0b-471b-9cb6-15dd290734a1,2026-06-01 00:29:00,29,5,4.0,0.7871332769855637,0.3835187085506845,0.7639174723023874,0.0,0.0,True,below threshold
2b045d89-3e0b-471b-9cb6-15dd290734a1,2026-06-01 00:30:00,30,6,2.0,0.7871332769855637,0.3835187085506845,0.7639174723023874,4.0,1.3333333333333333,False,below threshold
2b045d89-3e0b-471b-9cb6-15dd290734a1,2026-06-01 00:31:00,31,6,3.0,0.7871332769855637,0.3835187085506845,0.7639174723023874,1.0,1.6666666666666667,True,below threshold
2b045d89-3e0b-471b-9cb6-15dd290734a1,2026-06-01 00:32:00,32,6,4.0,0.7871332769855637,0.3835187085506845,0.7639174723023874,1.0,2.0,True,below threshold
2b045d89-3e0b-471b-9cb6-15dd290734a1,2026-06-01 00:33:00,33,6,3.0,0.7871332769855637,0.3835187085506845,0.7639174723023874,1.0,1.0,True,below threshold
2b045d89-3e0b-471b-9cb6-15dd290734a1,2026-06-01 00:34:00,34,6,3.0,0.7871332769855637,0.3835187085506845,0.7639174723023874,0.0,0.6666666666666666,True,below threshold
2ea03089-afd5-4951-b353-d20bea280fec,2026-06-01 00:00:00,0,0,5.0,1.3866564581225507,0.49442864724373703,1.9442415067760919,,,False,missing or insufficient EMA data
2ea03089-afd5-4951-b353-d20bea280fec,2026-06-01 00:01:00,1,0,,1.3866564581225507,0.49442864724373703,1.9442415067760919,,,True,below threshold
2ea03089-afd5-4951-b353-d20bea280fec,2026-06-01 00:02:00,2,0,,1.3866564581225507,0.49442864724373703,1.9442415067760919,,,True,below threshold
2ea03089-afd5-4951-b353-d20bea280fec,2026-06-01 00:03:00,3,0,3.0,1.3866564581225507,0.49442864724373703,1.9442415067760919,,,True,below threshold
2ea03089-afd5-4951-b353-d20bea280fec,2026-06-01 00:04:00,4,0,4.0,1.3866564581225507,0.49442864724373703,1.9442415067760919,1.0,1.0,True,below threshold
2ea03089-afd5-4951-b353-d20bea280fec,2026-06-01 00:05:00,5,1,5.0,1.3866564581225507,0.49442864724373703,1.9442415067760919,1.0,1.0,True,below threshold
2ea03089-afd5-4951-b353-d20bea280fec,2026-06-01 00:06:00,6,1,5.0,1.3866564581225507,0.49442864724373703,1.9442415067760919,0.0,0.6666666666666666,True,below threshold
2ea03089-afd5-4951-b353-d20bea280fec,2026-06-01 00:07:00,7,1,4.0,1.3866564581225507,0.49442864724373703,1.9442415067760919,1.0,0.6666666666666666,True,below threshold
2ea03089-afd5-4951-b353-d20bea280fec,2026-06-01 00:08:00,8,1,2.0,1.3866564581225507,0.49442864724373703,1.9442415067760919,4.0,1.6666666666666667,True,below threshold
2ea03089-afd5-4951-b353-d20bea280fec,2026-06-01 00:09:00,9,1,4.0,1.3866564581225507,0.49442864724373703,1.9442415067760919,4.0,3.0,True,below threshold
2ea03089-afd5-4951-b353-d20bea280fec,2026-06-01 00:10:00,10,2,3.0,1.3866564581225507,0.49442864724373703,1.9442415067760919,1.0,3.0,True,prompt sent
2ea03089-afd5-4951-b353-d20bea280fec,2026-06-01 00:11:00,11,2,3.0,1.3866564581225507,0.49442864724373703,1.9442415067760919,0.0,1.6666666666666667,True,cooldown active
2ea03089-afd5-4951-b353-d20bea280fec,2026-06-01 00:12:00,12,2,2.0,1.3866564581225507,0.49442864724373703,1.9442415067760919,1.0,0.6666666666666666,True,cooldown active
2ea03089-afd5-4951-b353-d20bea280fec,2026-06-01 00:13:00,13,2,,1.3866564581225507,0.49442864724373703,1.9442415067760919,,0.5,True,cooldown active
2ea03089-afd5-4951-b353-d20bea280fec,2026-06-01 00:14:00,14,2,5.0,1.3866564581225507,0.49442864724373703,1.9442415067760919,,1.0,True,cooldown active
2ea03089-afd5-4951-b353-d20bea280fec,2026-06-01 00:15:00,15,3,,1.3866564581225507,0.49442864724373703,1.9442415067760919,,,True,below threshold
2ea03089-afd5-4951-b353-d20bea280fec,2026-06-01 00:16:00,16,3,2.0,1.3866564581225507,0.49442864724373703,1.9442415067760919,,,True,missing or insufficient EMA data
2ea03089-afd5-4951-b353-d20bea280fec,2026-06-01 00:17:00,17,3,5.0,1.3866564581225507,0.49442864724373703,1.9442415067760919,9.0,9.0,True,missing or insufficient EMA data
2ea03089-afd5-4951-b353-d20bea280fec,2026-06-01 00:18:00,18,3,4.0,1.3866564581225507,0.49442864724373703,1.9442415067760919,1.0,5.0,True,missing or insufficient EMA data
2ea03089-afd5-4951-b353-d20bea280fec,2026-06-01 00:19:00,19,3,2.0,1.3866564581225507,0.49442864724373703,1.9442415067760919,4.0,4.666666666666667,True,below threshold
2ea03089-afd5-4951-b353-d20bea280fec,2026-06-01 00:20:00,20,4,1.0,1.3866564581225507,0.49442864724373703,1.9442415067760919,1.0,2.0,True,below threshold
2ea03089-afd5-4951-b353-d20bea280fec,2026-06-01 00:21:00,21,4,1.0,1.3866564581225507,0.49442864724373703,1.9442415067760919,0.0,1.6666666666666667,True,prompt sent
2ea03089-afd5-4951-b353-d20bea280fec,2026-06-01 00:22:00,22,4,1.0,1.3866564581225507,0.49442864724373703,1.9442415067760919,0.0,0.3333333333333333,True,cooldown active
2ea03089-afd5-4951-b353-d20bea280fec,2026-06-01 00:23:00,23,4,1.0,1.3866564581225507,0.49442864724373703,1.9442415067760919,0.0,0.0,True,cooldown active
2ea03089-afd5-4951-b353-d20bea280fec,2026-06-01 00:24:00,24,4,3.0,1.3866564581225507,0.49442864724373703,1.9442415067760919,4.0,1.3333333333333333,True,below threshold
2ea03089-afd5-4951-b353-d20bea280fec,2026-06-01 00:25:00,25,5,3.0,1.3866564581225507,0.49442864724373703,1.9442415067760919,0.0,1.3333333333333333,True,below threshold
2ea03089-afd5-4951-b353-d20bea280fec,2026-06-01 00:26:00,26,5,4.0,1.3866564581225507,0.49442864724373703,1.9442415067760919,1.0,1.6666666666666667,True,below threshold
2ea03089-afd5-4951-b353-d20bea280fec,2026-06-01 00:27:00,27,5,3.0,1.3866564581225507,0.49442864724373703,1.9442415067760919,1.0,0.6666666666666666,True,below threshold
2ea03089-afd5-4951-b353-d20bea280fec,2026-06-01 00:28:00,28,5,3.0,1.3866564581225507,0.49442864724373703,1.9442415067760919,0.0,0.6666666666666666,True,below threshold
2ea03089-afd5-4951-b353-d20bea280fec,2026-06-01 00:29:00,29,5,5.0,1.3866564581225507,0.49442864724373703,1.9442415067760919,4.0,1.6666666666666667,True,below threshold
2ea03089-afd5-4951-b353-d20bea280fec,2026-06-01 00:30:00,30,6,4.0,1.3866564581225507,0.49442864724373703,1.9442415067760919,1.0,1.6666666666666667,False,below threshold
2ea03089-afd5-4951-b353-d20bea280fec,2026-06-01 00:31:00,31,6,4.0,1.3866564581225507,0.49442864724373703,1.9442415067760919,0.0,1.6666666666666667,True,below threshold
2ea03089-afd5-4951-b353-d20bea280fec,2026-06-01 00:32:00,32,6,2.0,1.3866564581225507,0.49442864724373703,1.9442415067760919,4.0,1.6666666666666667,True,below threshold
2ea03089-afd5-4951-b353-d20bea280fec,2026-06-01 00:33:00,33,6,,1.3866564581225507,0.49442864724373703,1.9442415067760919,,2.0,True,below threshold
2ea03089-afd5-4951-b353-d20bea280fec,2026-06-01 00:34:00,34,6,3.0,1.3866564581225507,0.49442864724373703,1.9442415067760919,,4.0,True,below threshold
2edbc8d3-f842-4d70-9175-528d7fee6305,2026-06-01 00:00:00,0,0,3.0,0.5197684150197363,0.7677847275869589,0.12547018688502753,,,False,missing or insufficient EMA data
2edbc8d3-f842-4d70-9175-528d7fee6305,2026-06-01 00:01:00,1,0,3.0,0.5197684150197363,0.7677847275869589,0.12547018688502753,0.0,0.0,True,below threshold
2edbc8d3-f842-4d70-9175-528d7fee6305,2026-06-01 00:02:00,2,0,3.0,0.5197684150197363,0.7677847275869589,0.12547018688502753,0.0,0.0,True,below threshold
2edbc8d3-f842-4d70-9175-528d7fee6305,2026-06-01 00:03:00,3,0,2.0,0.5197684150197363,0.7677847275869589,0.12547018688502753,1.0,0.3333333333333333,True,below threshold
2edbc8d3-f842-4d70-9175-528d7fee6305,2026-06-01 00:04:00,4,0,2.0,0.5197684150197363,0.7677847275869589,0.12547018688502753,0.0,0.3333333333333333,True,below threshold
2edbc8d3-f842-4d70-9175-528d7fee6305,2026-06-01 00:05:00,5,1,2.0,0.5197684150197363,0.7677847275869589,0.12547018688502753,0.0,0.3333333333333333,True,below threshold
2edbc8d3-f842-4d70-9175-528d7fee6305,2026-06-01 00:06:00,6,1,2.0,0.5197684150197363,0.7677847275869589,0.12547018688502753,0.0,0.0,True,below threshold
2edbc8d3-f842-4d70-9175-528d7fee6305,2026-06-01 00:07:00,7,1,3.0,0.5197684150197363,0.7677847275869589,0.12547018688502753,1.0,0.3333333333333333,True,below threshold
2edbc8d3-f842-4d70-9175-528d7fee6305,2026-06-01 00:08:00,8,1,3.0,0.5197684150197363,0.7677847275869589,0.12547018688502753,0.0,0.3333333333333333,True,below threshold
2edbc8d3-f842-4d70-9175-528d7fee6305,2026-06-01 00:09:00,9,1,3.0,0.5197684150197363,0.7677847275869589,0.12547018688502753,0.0,0.3333333333333333,True,below threshold
2edbc8d3-f842-4d70-9175-528d7fee6305,2026-06-01 00:10:00,10,2,2.0,0.5197684150197363,0.7677847275869589,0.12547018688502753,1.0,0.3333333333333333,True,prompt sent
2edbc8d3-f842-4d70-9175-528d7fee6305,2026-06-01 00:11:00,11,2,2.0,0.5197684150197363,0.7677847275869589,0.12547018688502753,0.0,0.3333333333333333,True,cooldown active
2edbc8d3-f842-4d70-9175-528d7fee6305,2026-06-01 00:12:00,12,2,2.0,0.5197684150197363,0.7677847275869589,0.12547018688502753,0.0,0.3333333333333333,True,cooldown active
2edbc8d3-f842-4d70-9175-528d7fee6305,2026-06-01 00:13:00,13,2,3.0,0.5197684150197363,0.7677847275869589,0.12547018688502753,1.0,0.3333333333333333,True,cooldown active
2edbc8d3-f842-4d70-9175-528d7fee6305,2026-06-01 00:14:00,14,2,1.0,0.5197684150197363,0.7677847275869589,0.12547018688502753,4.0,1.6666666666666667,True,cooldown active
2edbc8d3-f842-4d70-9175-528d7fee6305,2026-06-01 00:15:00,15,3,1.0,0.5197684150197363,0.7677847275869589,0.12547018688502753,0.0,1.6666666666666667,True,below threshold
2edbc8d3-f842-4d70-9175-528d7fee6305,2026-06-01 00:16:00,16,3,2.0,0.5197684150197363,0.7677847275869589,0.12547018688502753,1.0,1.6666666666666667,True,missing or insufficient EMA data
2edbc8d3-f842-4d70-9175-528d7fee6305,2026-06-01 00:17:00,17,3,2.0,0.5197684150197363,0.7677847275869589,0.12547018688502753,0.0,0.3333333333333333,True,missing or insufficient EMA data
2edbc8d3-f842-4d70-9175-528d7fee6305,2026-06-01 00:18:00,18,3,2.0,0.5197684150197363,0.7677847275869589,0.12547018688502753,0.0,0.3333333333333333,True,missing or insufficient EMA data
2edbc8d3-f842-4d70-9175-528d7fee6305,2026-06-01 00:19:00,19,3,1.0,0.5197684150197363,0.7677847275869589,0.12547018688502753,1.0,0.3333333333333333,True,below threshold
2edbc8d3-f842-4d70-9175-528d7fee6305,2026-06-01 00:20:00,20,4,2.0,0.5197684150197363,0.7677847275869589,0.12547018688502753,1.0,0.6666666666666666,True,below threshold
2edbc8d3-f842-4d70-9175-528d7fee6305,2026-06-01 00:21:00,21,4,2.0,0.5197684150197363,0.7677847275869589,0.12547018688502753,0.0,0.6666666666666666,True,prompt sent
2edbc8d3-f842-4d70-9175-528d7fee6305,2026-06-01 00:22:00,22,4,1.0,0.5197684150197363,0.7677847275869589,0.12547018688502753,1.0,0.6666666666666666,True,cooldown active
2edbc8d3-f842-4d70-9175-528d7fee6305,2026-06-01 00:23:00,23,4,,0.5197684150197363,0.7677847275869589,0.12547018688502753,,0.5,True,cooldown active
2edbc8d3-f842-4d70-9175-528d7fee6305,2026-06-01 00:24:00,24,4,,0.5197684150197363,0.7677847275869589,0.12547018688502753,,1.0,True,below threshold
2edbc8d3-f842-4d70-9175-528d7fee6305,2026-06-01 00:25:00,25,5,,0.5197684150197363,0.7677847275869589,0.12547018688502753,,,True,below threshold
2edbc8d3-f842-4d70-9175-528d7fee6305,2026-06-01 00:26:00,26,5,2.0,0.5197684150197363,0.7677847275869589,0.12547018688502753,,,True,below threshold
2edbc8d3-f842-4d70-9175-528d7fee6305,2026-06-01 00:27:00,27,5,2.0,0.5197684150197363,0.7677847275869589,0.12547018688502753,0.0,0.0,True,below threshold
2edbc8d3-f842-4d70-9175-528d7fee6305,2026-06-01 00:28:00,28,5,2.0,0.5197684150197363,0.7677847275869589,0.12547018688502753,0.0,0.0,True,below threshold
2edbc8d3-f842-4d70-9175-528d7fee6305,2026-06-01 00:29:00,29,5,2.0,0.5197684150197363,0.7677847275869589,0.12547018688502753,0.0,0.0,True,below threshold
2edbc8d3-f842-4d70-9175-528d7fee6305,2026-06-01 00:30:00,30,6,3.0,0.5197684150197363,0.7677847275869589,0.12547018688502753,1.0,0.3333333333333333,False,below threshold
2edbc8d3-f842-4d70-9175-528d7fee6305,2026-06-01 00:31:00,31,6,3.0,0.5197684150197363,0.7677847275869589,0.12547018688502753,0.0,0.3333333333333333,True,below threshold
2edbc8d3-f842-4d70-9175-528d7fee6305,2026-06-01 00:32:00,32,6,2.0,0.5197684150197363,0.7677847275869589,0.12547018688502753,1.0,0.6666666666666666,True,below threshold
2edbc8d3-f842-4d70-9175-528d7fee6305,2026-06-01 00:33:00,33,6,2.0,0.5197684150197363,0.7677847275869589,0.12547018688502753,0.0,0.3333333333333333,True,below threshold
2edbc8d3-f842-4d70-9175-528d7fee6305,2026-06-01 00:34:00,34,6,1.0,0.5197684150197363,0.7677847275869589,0.12547018688502753,1.0,0.6666666666666666,True,below threshold
3324f497-cf51-476b-b70f-e6f3c7c65046,2026-06-01 00:00:00,0,0,,1.0249610462604855,0.7906137530943638,0.4399394107988994,,,False,missing or insufficient EMA data
3324f497-cf51-476b-b70f-e6f3c7c65046,2026-06-01 00:01:00,1,0,3.0,1.0249610462604855,0.7906137530943638,0.4399394107988994,,,True,below threshold
3324f497-cf51-476b-b70f-e6f3c7c65046,2026-06-01 00:02:00,2,0,3.0,1.0249610462604855,0.7906137530943638,0.4399394107988994,0.0,0.0,True,below threshold
3324f497-cf51-476b-b70f-e6f3c7c65046,2026-06-01 00:03:00,3,0,2.0,1.0249610462604855,0.7906137530943638,0.4399394107988994,1.0,0.5,True,below threshold
3324f497-cf51-476b-b70f-e6f3c7c65046,2026-06-01 00:04:00,4,0,2.0,1.0249610462604855,0.7906137530943638,0.4399394107988994,0.0,0.3333333333333333,True,below threshold
3324f497-cf51-476b-b70f-e6f3c7c65046,2026-06-01 00:05:00,5,1,2.0,1.0249610462604855,0.7906137530943638,0.4399394107988994,0.0,0.3333333333333333,True,below threshold
3324f497-cf51-476b-b70f-e6f3c7c65046,2026-06-01 00:06:00,6,1,3.0,1.0249610462604855,0.7906137530943638,0.4399394107988994,1.0,0.3333333333333333,True,below threshold
3324f497-cf51-476b-b70f-e6f3c7c65046,2026-06-01 00:07:00,7,1,3.0,1.0249610462604855,0.7906137530943638,0.4399394107988994,0.0,0.3333333333333333,True,below threshold
3324f497-cf51-476b-b70f-e6f3c7c65046,2026-06-01 00:08:00,8,1,3.0,1.0249610462604855,0.7906137530943638,0.4399394107988994,0.0,0.3333333333333333,True,below threshold
3324f497-cf51-476b-b70f-e6f3c7c65046,2026-06-01 00:09:00,9,1,3.0,1.0249610462604855,0.7906137530943638,0.4399394107988994,0.0,0.0,True,below threshold
3324f497-cf51-476b-b70f-e6f3c7c65046,2026-06-01 00:10:00,10,2,3.0,1.0249610462604855,0.7906137530943638,0.4399394107988994,0.0,0.0,True,prompt sent
3324f497-cf51-476b-b70f-e6f3c7c65046,2026-06-01 00:11:00,11,2,,1.0249610462604855,0.7906137530943638,0.4399394107988994,,0.0,True,cooldown active
3324f497-cf51-476b-b70f-e6f3c7c65046,2026-06-01 00:12:00,12,2,2.0,1.0249610462604855,0.7906137530943638,0.4399394107988994,,0.0,True,cooldown active
3324f497-cf51-476b-b70f-e6f3c7c65046,2026-06-01 00:13:00,13,2,2.0,1.0249610462604855,0.7906137530943638,0.4399394107988994,0.0,0.0,True,cooldown active
3324f497-cf51-476b-b70f-e6f3c7c65046,2026-06-01 00:14:00,14,2,3.0,1.0249610462604855,0.7906137530943638,0.4399394107988994,1.0,0.5,True,cooldown active
3324f497-cf51-476b-b70f-e6f3c7c65046,2026-06-01 00:15:00,15,3,4.0,1.0249610462604855,0.7906137530943638,0.4399394107988994,1.0,0.6666666666666666,True,below threshold
3324f497-cf51-476b-b70f-e6f3c7c65046,2026-06-01 00:16:00,16,3,4.0,1.0249610462604855,0.7906137530943638,0.4399394107988994,0.0,0.6666666666666666,True,missing or insufficient EMA data
3324f497-cf51-476b-b70f-e6f3c7c65046,2026-06-01 00:17:00,17,3,4.0,1.0249610462604855,0.7906137530943638,0.4399394107988994,0.0,0.3333333333333333,True,missing or insufficient EMA data
3324f497-cf51-476b-b70f-e6f3c7c65046,2026-06-01 00:18:00,18,3,4.0,1.0249610462604855,0.7906137530943638,0.4399394107988994,0.0,0.0,True,missing or insufficient EMA data
3324f497-cf51-476b-b70f-e6f3c7c65046,2026-06-01 00:19:00,19,3,3.0,1.0249610462604855,0.7906137530943638,0.4399394107988994,1.0,0.3333333333333333,True,below threshold
3324f497-cf51-476b-b70f-e6f3c7c65046,2026-06-01 00:20:00,20,4,3.0,1.0249610462604855,0.7906137530943638,0.4399394107988994,0.0,0.3333333333333333,True,below threshold
3324f497-cf51-476b-b70f-e6f3c7c65046,2026-06-01 00:21:00,21,4,2.0,1.0249610462604855,0.7906137530943638,0.4399394107988994,1.0,0.6666666666666666,True,prompt sent
3324f497-cf51-476b-b70f-e6f3c7c65046,2026-06-01 00:22:00,22,4,1.0,1.0249610462604855,0.7906137530943638,0.4399394107988994,1.0,0.6666666666666666,True,cooldown active
3324f497-cf51-476b-b70f-e6f3c7c65046,2026-06-01 00:23:00,23,4,2.0,1.0249610462604855,0.7906137530943638,0.4399394107988994,1.0,1.0,True,cooldown active
3324f497-cf51-476b-b70f-e6f3c7c65046,2026-06-01 00:24:00,24,4,2.0,1.0249610462604855,0.7906137530943638,0.4399394107988994,0.0,0.6666666666666666,True,below threshold
3324f497-cf51-476b-b70f-e6f3c7c65046,2026-06-01 00:25:00,25,5,2.0,1.0249610462604855,0.7906137530943638,0.4399394107988994,0.0,0.3333333333333333,True,below threshold
3324f497-cf51-476b-b70f-e6f3c7c65046,2026-06-01 00:26:00,26,5,3.0,1.0249610462604855,0.7906137530943638,0.4399394107988994,1.0,0.3333333333333333,True,below threshold
3324f497-cf51-476b-b70f-e6f3c7c65046,2026-06-01 00:27:00,27,5,3.0,1.0249610462604855,0.7906137530943638,0.4399394107988994,0.0,0.3333333333333333,True,below threshold
3324f497-cf51-476b-b70f-e6f3c7c65046,2026-06-01 00:28:00,28,5,3.0,1.0249610462604855,0.7906137530943638,0.4399394107988994,0.0,0.3333333333333333,True,below threshold
3324f497-cf51-476b-b70f-e6f3c7c65046,2026-06-01 00:29:00,29,5,3.0,1.0249610462604855,0.7906137530943638,0.4399394107988994,0.0,0.0,True,below threshold
3324f497-cf51-476b-b70f-e6f3c7c65046,2026-06-01 00:30:00,30,6,3.0,1.0249610462604855,0.7906137530943638,0.4399394107988994,0.0,0.0,False,below threshold
3324f497-cf51-476b-b70f-e6f3c7c65046,2026-06-01 00:31:00,31,6,2.0,1.0249610462604855,0.7906137530943638,0.4399394107988994,1.0,0.3333333333333333,True,below threshold
3324f497-cf51-476b-b70f-e6f3c7c65046,2026-06-01 00:32:00,32,6,2.0,1.0249610462604855,0.7906137530943638,0.4399394107988994,0.0,0.3333333333333333,True,below threshold
3324f497-cf51-476b-b70f-e6f3c7c65046,2026-06-01 00:33:00,33,6,3.0,1.0249610462604855,0.7906137530943638,0.4399394107988994,1.0,0.6666666666666666,True,below threshold
3324f497-cf51-476b-b70f-e6f3c7c65046,2026-06-01 00:34:00,34,6,2.0,1.0249610462604855,0.7906137530943638,0.4399394107988994,1.0,0.6666666666666666,True,below threshold
33fe8e13-2f17-4d21-a919-31b9695fecf2,2026-06-01 00:00:00,0,0,4.0,0.7964907899827884,0.4291275912421114,0.7243201475282246,,,False,missing or insufficient EMA data
33fe8e13-2f17-4d21-a919-31b9695fecf2,2026-06-01 00:01:00,1,0,3.0,0.7964907899827884,0.4291275912421114,0.7243201475282246,1.0,1.0,True,below threshold
33fe8e13-2f17-4d21-a919-31b9695fecf2,2026-06-01 00:02:00,2,0,4.0,0.7964907899827884,0.4291275912421114,0.7243201475282246,1.0,1.0,True,below threshold
33fe8e13-2f17-4d21-a919-31b9695fecf2,2026-06-01 00:03:00,3,0,3.0,0.7964907899827884,0.4291275912421114,0.7243201475282246,1.0,1.0,True,below threshold
33fe8e13-2f17-4d21-a919-31b9695fecf2,2026-06-01 00:04:00,4,0,3.0,0.7964907899827884,0.4291275912421114,0.7243201475282246,0.0,0.6666666666666666,True,below threshold
33fe8e13-2f17-4d21-a919-31b9695fecf2,2026-06-01 00:05:00,5,1,,0.7964907899827884,0.4291275912421114,0.7243201475282246,,0.5,True,below threshold
33fe8e13-2f17-4d21-a919-31b9695fecf2,2026-06-01 00:06:00,6,1,,0.7964907899827884,0.4291275912421114,0.7243201475282246,,0.0,True,below threshold
33fe8e13-2f17-4d21-a919-31b9695fecf2,2026-06-01 00:07:00,7,1,3.0,0.7964907899827884,0.4291275912421114,0.7243201475282246,,,True,below threshold
33fe8e13-2f17-4d21-a919-31b9695fecf2,2026-06-01 00:08:00,8,1,3.0,0.7964907899827884,0.4291275912421114,0.7243201475282246,0.0,0.0,True,below threshold
33fe8e13-2f17-4d21-a919-31b9695fecf2,2026-06-01 00:09:00,9,1,3.0,0.7964907899827884,0.4291275912421114,0.7243201475282246,0.0,0.0,True,below threshold
33fe8e13-2f17-4d21-a919-31b9695fecf2,2026-06-01 00:10:00,10,2,2.0,0.7964907899827884,0.4291275912421114,0.7243201475282246,1.0,0.3333333333333333,True,prompt sent
33fe8e13-2f17-4d21-a919-31b9695fecf2,2026-06-01 00:11:00,11,2,3.0,0.7964907899827884,0.4291275912421114,0.7243201475282246,1.0,0.6666666666666666,True,cooldown active
33fe8e13-2f17-4d21-a919-31b9695fecf2,2026-06-01 00:12:00,12,2,2.0,0.7964907899827884,0.4291275912421114,0.7243201475282246,1.0,1.0,True,cooldown active
33fe8e13-2f17-4d21-a919-31b9695fecf2,2026-06-01 00:13:00,13,2,2.0,0.7964907899827884,0.4291275912421114,0.7243201475282246,0.0,0.6666666666666666,True,cooldown active
33fe8e13-2f17-4d21-a919-31b9695fecf2,2026-06-01 00:14:00,14,2,,0.7964907899827884,0.4291275912421114,0.7243201475282246,,0.5,True,cooldown active
33fe8e13-2f17-4d21-a919-31b9695fecf2,2026-06-01 00:15:00,15,3,,0.7964907899827884,0.4291275912421114,0.7243201475282246,,0.0,True,below threshold
33fe8e13-2f17-4d21-a919-31b9695fecf2,2026-06-01 00:16:00,16,3,,0.7964907899827884,0.4291275912421114,0.7243201475282246,,,True,missing or insufficient EMA data
33fe8e13-2f17-4d21-a919-31b9695fecf2,2026-06-01 00:17:00,17,3,,0.7964907899827884,0.4291275912421114,0.7243201475282246,,,True,missing or insufficient EMA data
33fe8e13-2f17-4d21-a919-31b9695fecf2,2026-06-01 00:18:00,18,3,4.0,0.7964907899827884,0.4291275912421114,0.7243201475282246,,,True,missing or insufficient EMA data
33fe8e13-2f17-4d21-a919-31b9695fecf2,2026-06-01 00:19:00,19,3,4.0,0.7964907899827884,0.4291275912421114,0.7243201475282246,0.0,0.0,True,below threshold
33fe8e13-2f17-4d21-a919-31b9695fecf2,2026-06-01 00:20:00,20,4,4.0,0.7964907899827884,0.4291275912421114,0.7243201475282246,0.0,0.0,True,below threshold
33fe8e13-2f17-4d21-a919-31b9695fecf2,2026-06-01 00:21:00,21,4,4.0,0.7964907899827884,0.4291275912421114,0.7243201475282246,0.0,0.0,True,prompt sent
33fe8e13-2f17-4d21-a919-31b9695fecf2,2026-06-01 00:22:00,22,4,4.0,0.7964907899827884,0.4291275912421114,0.7243201475282246,0.0,0.0,True,cooldown active
33fe8e13-2f17-4d21-a919-31b9695fecf2,2026-06-01 00:23:00,23,4,3.0,0.7964907899827884,0.4291275912421114,0.7243201475282246,1.0,0.3333333333333333,True,cooldown active
33fe8e13-2f17-4d21-a919-31b9695fecf2,2026-06-01 00:24:00,24,4,2.0,0.7964907899827884,0.4291275912421114,0.7243201475282246,1.0,0.6666666666666666,True,below threshold
33fe8e13-2f17-4d21-a919-31b9695fecf2,2026-06-01 00:25:00,25,5,3.0,0.7964907899827884,0.4291275912421114,0.7243201475282246,1.0,1.0,True,below threshold
33fe8e13-2f17-4d21-a919-31b9695fecf2,2026-06-01 00:26:00,26,5,4.0,0.7964907899827884,0.4291275912421114,0.7243201475282246,1.0,1.0,True,below threshold
33fe8e13-2f17-4d21-a919-31b9695fecf2,2026-06-01 00:27:00,27,5,4.0,0.7964907899827884,0.4291275912421114,0.7243201475282246,0.0,0.6666666666666666,True,below threshold
33fe8e13-2f17-4d21-a919-31b9695fecf2,2026-06-01 00:28:00,28,5,3.0,0.7964907899827884,0.4291275912421114,0.7243201475282246,1.0,0.6666666666666666,True,below threshold
33fe8e13-2f17-4d21-a919-31b9695fecf2,2026-06-01 00:29:00,29,5,2.0,0.7964907899827884,0.4291275912421114,0.7243201475282246,1.0,0.6666666666666666,True,below threshold
33fe8e13-2f17-4d21-a919-31b9695fecf2,2026-06-01 00:30:00,30,6,3.0,0.7964907899827884,0.4291275912421114,0.7243201475282246,1.0,1.0,False,below threshold
33fe8e13-2f17-4d21-a919-31b9695fecf2,2026-06-01 00:31:00,31,6,3.0,0.7964907899827884,0.4291275912421114,0.7243201475282246,0.0,0.6666666666666666,True,below threshold
33fe8e13-2f17-4d21-a919-31b9695fecf2,2026-06-01 00:32:00,32,6,2.0,0.7964907899827884,0.4291275912421114,0.7243201475282246,1.0,0.6666666666666666,True,below threshold
33fe8e13-2f17-4d21-a919-31b9695fecf2,2026-06-01 00:33:00,33,6,3.0,0.7964907899827884,0.4291275912421114,0.7243201475282246,1.0,0.6666666666666666,True,below threshold
33fe8e13-2f17-4d21-a919-31b9695fecf2,2026-06-01 00:34:00,34,6,2.0,0.7964907899827884,0.4291275912421114,0.7243201475282246,1.0,1.0,True,below threshold
34029099-e8c8-43dd-8548-70f4cc778d77,2026-06-01 00:00:00,0,0,2.0,1.3086917201259334,0.537650352755466,1.5837084564359705,,,False,missing or insufficient EMA data
34029099-e8c8-43dd-8548-70f4cc778d77,2026-06-01 00:01:00,1,0,,1.3086917201259334,0.537650352755466,1.5837084564359705,,,True,below threshold
34029099-e8c8-43dd-8548-70f4cc778d77,2026-06-01 00:02:00,2,0,,1.3086917201259334,0.537650352755466,1.5837084564359705,,,True,below threshold
34029099-e8c8-43dd-8548-70f4cc778d77,2026-06-01 00:03:00,3,0,,1.3086917201259334,0.537650352755466,1.5837084564359705,,,True,below threshold
34029099-e8c8-43dd-8548-70f4cc778d77,2026-06-01 00:04:00,4,0,,1.3086917201259334,0.537650352755466,1.5837084564359705,,,True,below threshold
34029099-e8c8-43dd-8548-70f4cc778d77,2026-06-01 00:05:00,5,1,4.0,1.3086917201259334,0.537650352755466,1.5837084564359705,,,True,below threshold
34029099-e8c8-43dd-8548-70f4cc778d77,2026-06-01 00:06:00,6,1,,1.3086917201259334,0.537650352755466,1.5837084564359705,,,True,below threshold
34029099-e8c8-43dd-8548-70f4cc778d77,2026-06-01 00:07:00,7,1,,1.3086917201259334,0.537650352755466,1.5837084564359705,,,True,below threshold
34029099-e8c8-43dd-8548-70f4cc778d77,2026-06-01 00:08:00,8,1,,1.3086917201259334,0.537650352755466,1.5837084564359705,,,True,below threshold
34029099-e8c8-43dd-8548-70f4cc778d77,2026-06-01 00:09:00,9,1,,1.3086917201259334,0.537650352755466,1.5837084564359705,,,True,below threshold
34029099-e8c8-43dd-8548-70f4cc778d77,2026-06-01 00:10:00,10,2,1.0,1.3086917201259334,0.537650352755466,1.5837084564359705,,,True,prompt sent
34029099-e8c8-43dd-8548-70f4cc778d77,2026-06-01 00:11:00,11,2,3.0,1.3086917201259334,0.537650352755466,1.5837084564359705,4.0,4.0,True,cooldown active
34029099-e8c8-43dd-8548-70f4cc778d77,2026-06-01 00:12:00,12,2,3.0,1.3086917201259334,0.537650352755466,1.5837084564359705,0.0,2.0,True,cooldown active
34029099-e8c8-43dd-8548-70f4cc778d77,2026-06-01 00:13:00,13,2,4.0,1.3086917201259334,0.537650352755466,1.5837084564359705,1.0,1.6666666666666667,True,cooldown active
34029099-e8c8-43dd-8548-70f4cc778d77,2026-06-01 00:14:00,14,2,5.0,1.3086917201259334,0.537650352755466,1.5837084564359705,1.0,0.6666666666666666,True,cooldown active
34029099-e8c8-43dd-8548-70f4cc778d77,2026-06-01 00:15:00,15,3,5.0,1.3086917201259334,0.537650352755466,1.5837084564359705,0.0,0.6666666666666666,True,below threshold
34029099-e8c8-43dd-8548-70f4cc778d77,2026-06-01 00:16:00,16,3,3.0,1.3086917201259334,0.537650352755466,1.5837084564359705,4.0,1.6666666666666667,True,missing or insufficient EMA data
34029099-e8c8-43dd-8548-70f4cc778d77,2026-06-01 00:17:00,17,3,3.0,1.3086917201259334,0.537650352755466,1.5837084564359705,0.0,1.3333333333333333,True,missing or insufficient EMA data
34029099-e8c8-43dd-8548-70f4cc778d77,2026-06-01 00:18:00,18,3,2.0,1.3086917201259334,0.537650352755466,1.5837084564359705,1.0,1.6666666666666667,True,missing or insufficient EMA data
34029099-e8c8-43dd-8548-70f4cc778d77,2026-06-01 00:19:00,19,3,2.0,1.3086917201259334,0.537650352755466,1.5837084564359705,0.0,0.3333333333333333,True,below threshold
34029099-e8c8-43dd-8548-70f4cc778d77,2026-06-01 00:20:00,20,4,4.0,1.3086917201259334,0.537650352755466,1.5837084564359705,4.0,1.6666666666666667,True,below threshold
34029099-e8c8-43dd-8548-70f4cc778d77,2026-06-01 00:21:00,21,4,5.0,1.3086917201259334,0.537650352755466,1.5837084564359705,1.0,1.6666666666666667,True,prompt sent
34029099-e8c8-43dd-8548-70f4cc778d77,2026-06-01 00:22:00,22,4,3.0,1.3086917201259334,0.537650352755466,1.5837084564359705,4.0,3.0,True,cooldown active
34029099-e8c8-43dd-8548-70f4cc778d77,2026-06-01 00:23:00,23,4,3.0,1.3086917201259334,0.537650352755466,1.5837084564359705,0.0,1.6666666666666667,True,cooldown active
34029099-e8c8-43dd-8548-70f4cc778d77,2026-06-01 00:24:00,24,4,3.0,1.3086917201259334,0.537650352755466,1.5837084564359705,0.0,1.3333333333333333,True,below threshold
34029099-e8c8-43dd-8548-70f4cc778d77,2026-06-01 00:25:00,25,5,4.0,1.3086917201259334,0.537650352755466,1.5837084564359705,1.0,0.3333333333333333,True,below threshold
34029099-e8c8-43dd-8548-70f4cc778d77,2026-06-01 00:26:00,26,5,2.0,1.3086917201259334,0.537650352755466,1.5837084564359705,4.0,1.6666666666666667,True,below threshold
34029099-e8c8-43dd-8548-70f4cc778d77,2026-06-01 00:27:00,27,5,1.0,1.3086917201259334,0.537650352755466,1.5837084564359705,1.0,2.0,True,below threshold
34029099-e8c8-43dd-8548-70f4cc778d77,2026-06-01 00:28:00,28,5,3.0,1.3086917201259334,0.537650352755466,1.5837084564359705,4.0,3.0,True,below threshold
34029099-e8c8-43dd-8548-70f4cc778d77,2026-06-01 00:29:00,29,5,,1.3086917201259334,0.537650352755466,1.5837084564359705,,2.5,True,below threshold
34029099-e8c8-43dd-8548-70f4cc778d77,2026-06-01 00:30:00,30,6,,1.3086917201259334,0.537650352755466,1.5837084564359705,,4.0,False,below threshold
34029099-e8c8-43dd-8548-70f4cc778d77,2026-06-01 00:31:00,31,6,,1.3086917201259334,0.537650352755466,1.5837084564359705,,,True,below threshold
34029099-e8c8-43dd-8548-70f4cc778d77,2026-06-01 00:32:00,32,6,,1.3086917201259334,0.537650352755466,1.5837084564359705,,,True,below threshold
34029099-e8c8-43dd-8548-70f4cc778d77,2026-06-01 00:33:00,33,6,,1.3086917201259334,0.537650352755466,1.5837084564359705,,,True,below threshold
34029099-e8c8-43dd-8548-70f4cc778d77,2026-06-01 00:34:00,34,6,,1.3086917201259334,0.537650352755466,1.5837084564359705,,,True,below threshold
399578d1-3452-4a79-8563-3a379035f6bb,2026-06-01 00:00:00,0,0,4.0,1.2674777864675777,0.174070169379278,2.65371244533273,,,False,missing or insufficient EMA data
399578d1-3452-4a79-8563-3a379035f6bb,2026-06-01 00:01:00,1,0,5.0,1.2674777864675777,0.174070169379278,2.65371244533273,1.0,1.0,True,below threshold
399578d1-3452-4a79-8563-3a379035f6bb,2026-06-01 00:02:00,2,0,3.0,1.2674777864675777,0.174070169379278,2.65371244533273,4.0,2.5,True,below threshold
399578d1-3452-4a79-8563-3a379035f6bb,2026-06-01 00:03:00,3,0,3.0,1.2674777864675777,0.174070169379278,2.65371244533273,0.0,1.6666666666666667,True,below threshold
399578d1-3452-4a79-8563-3a379035f6bb,2026-06-01 00:04:00,4,0,3.0,1.2674777864675777,0.174070169379278,2.65371244533273,0.0,1.3333333333333333,True,below threshold
399578d1-3452-4a79-8563-3a379035f6bb,2026-06-01 00:05:00,5,1,2.0,1.2674777864675777,0.174070169379278,2.65371244533273,1.0,0.3333333333333333,True,below threshold
399578d1-3452-4a79-8563-3a379035f6bb,2026-06-01 00:06:00,6,1,3.0,1.2674777864675777,0.174070169379278,2.65371244533273,1.0,0.6666666666666666,True,below threshold
399578d1-3452-4a79-8563-3a379035f6bb,2026-06-01 00:07:00,7,1,1.0,1.2674777864675777,0.174070169379278,2.65371244533273,4.0,2.0,True,below threshold
399578d1-3452-4a79-8563-3a379035f6bb,2026-06-01 00:08:00,8,1,,1.2674777864675777,0.174070169379278,2.65371244533273,,2.5,True,below threshold
399578d1-3452-4a79-8563-3a379035f6bb,2026-06-01 00:09:00,9,1,4.0,1.2674777864675777,0.174070169379278,2.65371244533273,,4.0,True,below threshold
399578d1-3452-4a79-8563-3a379035f6bb,2026-06-01 00:10:00,10,2,4.0,1.2674777864675777,0.174070169379278,2.65371244533273,0.0,0.0,True,prompt sent
399578d1-3452-4a79-8563-3a379035f6bb,2026-06-01 00:11:00,11,2,2.0,1.2674777864675777,0.174070169379278,2.65371244533273,4.0,2.0,True,cooldown active
399578d1-3452-4a79-8563-3a379035f6bb,2026-06-01 00:12:00,12,2,1.0,1.2674777864675777,0.174070169379278,2.65371244533273,1.0,1.6666666666666667,True,cooldown active
399578d1-3452-4a79-8563-3a379035f6bb,2026-06-01 00:13:00,13,2,1.0,1.2674777864675777,0.174070169379278,2.65371244533273,0.0,1.6666666666666667,True,cooldown active
399578d1-3452-4a79-8563-3a379035f6bb,2026-06-01 00:14:00,14,2,3.0,1.2674777864675777,0.174070169379278,2.65371244533273,4.0,1.6666666666666667,True,cooldown active
399578d1-3452-4a79-8563-3a379035f6bb,2026-06-01 00:15:00,15,3,1.0,1.2674777864675777,0.174070169379278,2.65371244533273,4.0,2.6666666666666665,True,below threshold
399578d1-3452-4a79-8563-3a379035f6bb,2026-06-01 00:16:00,16,3,,1.2674777864675777,0.174070169379278,2.65371244533273,,4.0,True,missing or insufficient EMA data
399578d1-3452-4a79-8563-3a379035f6bb,2026-06-01 00:17:00,17,3,3.0,1.2674777864675777,0.174070169379278,2.65371244533273,,4.0,True,missing or insufficient EMA data
399578d1-3452-4a79-8563-3a379035f6bb,2026-06-01 00:18:00,18,3,2.0,1.2674777864675777,0.174070169379278,2.65371244533273,1.0,1.0,True,missing or insufficient EMA data
399578d1-3452-4a79-8563-3a379035f6bb,2026-06-01 00:19:00,19,3,4.0,1.2674777864675777,0.174070169379278,2.65371244533273,4.0,2.5,True,below threshold
399578d1-3452-4a79-8563-3a379035f6bb,2026-06-01 00:20:00,20,4,2.0,1.2674777864675777,0.174070169379278,2.65371244533273,4.0,3.0,True,below threshold
399578d1-3452-4a79-8563-3a379035f6bb,2026-06-01 00:21:00,21,4,2.0,1.2674777864675777,0.174070169379278,2.65371244533273,0.0,2.6666666666666665,True,prompt sent
399578d1-3452-4a79-8563-3a379035f6bb,2026-06-01 00:22:00,22,4,1.0,1.2674777864675777,0.174070169379278,2.65371244533273,1.0,1.6666666666666667,True,cooldown active
399578d1-3452-4a79-8563-3a379035f6bb,2026-06-01 00:23:00,23,4,3.0,1.2674777864675777,0.174070169379278,2.65371244533273,4.0,1.6666666666666667,True,cooldown active
399578d1-3452-4a79-8563-3a379035f6bb,2026-06-01 00:24:00,24,4,2.0,1.2674777864675777,0.174070169379278,2.65371244533273,1.0,2.0,True,below threshold
399578d1-3452-4a79-8563-3a379035f6bb,2026-06-01 00:25:00,25,5,3.0,1.2674777864675777,0.174070169379278,2.65371244533273,1.0,2.0,True,below threshold
399578d1-3452-4a79-8563-3a379035f6bb,2026-06-01 00:26:00,26,5,2.0,1.2674777864675777,0.174070169379278,2.65371244533273,1.0,1.0,True,below threshold
399578d1-3452-4a79-8563-3a379035f6bb,2026-06-01 00:27:00,27,5,1.0,1.2674777864675777,0.174070169379278,2.65371244533273,1.0,1.0,True,below threshold
399578d1-3452-4a79-8563-3a379035f6bb,2026-06-01 00:28:00,28,5,1.0,1.2674777864675777,0.174070169379278,2.65371244533273,0.0,0.6666666666666666,True,below threshold
399578d1-3452-4a79-8563-3a379035f6bb,2026-06-01 00:29:00,29,5,4.0,1.2674777864675777,0.174070169379278,2.65371244533273,9.0,3.3333333333333335,True,below threshold
399578d1-3452-4a79-8563-3a379035f6bb,2026-06-01 00:30:00,30,6,3.0,1.2674777864675777,0.174070169379278,2.65371244533273,1.0,3.3333333333333335,False,below threshold
399578d1-3452-4a79-8563-3a379035f6bb,2026-06-01 00:31:00,31,6,1.0,1.2674777864675777,0.174070169379278,2.65371244533273,4.0,4.666666666666667,True,below threshold
399578d1-3452-4a79-8563-3a379035f6bb,2026-06-01 00:32:00,32,6,3.0,1.2674777864675777,0.174070169379278,2.65371244533273,4.0,3.0,True,below threshold
399578d1-3452-4a79-8563-3a379035f6bb,2026-06-01 00:33:00,33,6,2.0,1.2674777864675777,0.174070169379278,2.65371244533273,1.0,3.0,True,below threshold
399578d1-3452-4a79-8563-3a379035f6bb,2026-06-01 00:34:00,34,6,5.0,1.2674777864675777,0.174070169379278,2.65371244533273,9.0,4.666666666666667,True,below threshold
39d9402c-26ec-41d2-8fe8-ab81c2522326,2026-06-01 00:00:00,0,0,3.0,0.4853335721824632,0.3125078561160709,0.323875728899679,,,False,missing or insufficient EMA data
39d9402c-26ec-41d2-8fe8-ab81c2522326,2026-06-01 00:01:00,1,0,4.0,0.4853335721824632,0.3125078561160709,0.323875728899679,1.0,1.0,True,below threshold
39d9402c-26ec-41d2-8fe8-ab81c2522326,2026-06-01 00:02:00,2,0,3.0,0.4853335721824632,0.3125078561160709,0.323875728899679,1.0,1.0,True,below threshold
39d9402c-26ec-41d2-8fe8-ab81c2522326,2026-06-01 00:03:00,3,0,3.0,0.4853335721824632,0.3125078561160709,0.323875728899679,0.0,0.6666666666666666,True,below threshold
39d9402c-26ec-41d2-8fe8-ab81c2522326,2026-06-01 00:04:00,4,0,,0.4853335721824632,0.3125078561160709,0.323875728899679,,0.5,True,below threshold
39d9402c-26ec-41d2-8fe8-ab81c2522326,2026-06-01 00:05:00,5,1,,0.4853335721824632,0.3125078561160709,0.323875728899679,,0.0,True,below threshold
39d9402c-26ec-41d2-8fe8-ab81c2522326,2026-06-01 00:06:00,6,1,,0.4853335721824632,0.3125078561160709,0.323875728899679,,,True,below threshold
39d9402c-26ec-41d2-8fe8-ab81c2522326,2026-06-01 00:07:00,7,1,,0.4853335721824632,0.3125078561160709,0.323875728899679,,,True,below threshold
39d9402c-26ec-41d2-8fe8-ab81c2522326,2026-06-01 00:08:00,8,1,,0.4853335721824632,0.3125078561160709,0.323875728899679,,,True,below threshold
39d9402c-26ec-41d2-8fe8-ab81c2522326,2026-06-01 00:09:00,9,1,,0.4853335721824632,0.3125078561160709,0.323875728899679,,,True,below threshold
39d9402c-26ec-41d2-8fe8-ab81c2522326,2026-06-01 00:10:00,10,2,,0.4853335721824632,0.3125078561160709,0.323875728899679,,,True,prompt sent
39d9402c-26ec-41d2-8fe8-ab81c2522326,2026-06-01 00:11:00,11,2,,0.4853335721824632,0.3125078561160709,0.323875728899679,,,True,cooldown active
39d9402c-26ec-41d2-8fe8-ab81c2522326,2026-06-01 00:12:00,12,2,,0.4853335721824632,0.3125078561160709,0.323875728899679,,,True,cooldown active
39d9402c-26ec-41d2-8fe8-ab81c2522326,2026-06-01 00:13:00,13,2,,0.4853335721824632,0.3125078561160709,0.323875728899679,,,True,cooldown active
39d9402c-26ec-41d2-8fe8-ab81c2522326,2026-06-01 00:14:00,14,2,4.0,0.4853335721824632,0.3125078561160709,0.323875728899679,,,True,cooldown active
39d9402c-26ec-41d2-8fe8-ab81c2522326,2026-06-01 00:15:00,15,3,4.0,0.4853335721824632,0.3125078561160709,0.323875728899679,0.0,0.0,True,below threshold
39d9402c-26ec-41d2-8fe8-ab81c2522326,2026-06-01 00:16:00,16,3,3.0,0.4853335721824632,0.3125078561160709,0.323875728899679,1.0,0.5,True,missing or insufficient EMA data
39d9402c-26ec-41d2-8fe8-ab81c2522326,2026-06-01 00:17:00,17,3,3.0,0.4853335721824632,0.3125078561160709,0.323875728899679,0.0,0.3333333333333333,True,missing or insufficient EMA data
39d9402c-26ec-41d2-8fe8-ab81c2522326,2026-06-01 00:18:00,18,3,2.0,0.4853335721824632,0.3125078561160709,0.323875728899679,1.0,0.6666666666666666,True,missing or insufficient EMA data
39d9402c-26ec-41d2-8fe8-ab81c2522326,2026-06-01 00:19:00,19,3,,0.4853335721824632,0.3125078561160709,0.323875728899679,,0.5,True,below threshold
39d9402c-26ec-41d2-8fe8-ab81c2522326,2026-06-01 00:20:00,20,4,,0.4853335721824632,0.3125078561160709,0.323875728899679,,1.0,True,below threshold
39d9402c-26ec-41d2-8fe8-ab81c2522326,2026-06-01 00:21:00,21,4,,0.4853335721824632,0.3125078561160709,0.323875728899679,,,True,prompt sent
39d9402c-26ec-41d2-8fe8-ab81c2522326,2026-06-01 00:22:00,22,4,,0.4853335721824632,0.3125078561160709,0.323875728899679,,,True,cooldown active
39d9402c-26ec-41d2-8fe8-ab81c2522326,2026-06-01 00:23:00,23,4,,0.4853335721824632,0.3125078561160709,0.323875728899679,,,True,cooldown active
39d9402c-26ec-41d2-8fe8-ab81c2522326,2026-06-01 00:24:00,24,4,,0.4853335721824632,0.3125078561160709,0.323875728899679,,,True,below threshold
39d9402c-26ec-41d2-8fe8-ab81c2522326,2026-06-01 00:25:00,25,5,4.0,0.4853335721824632,0.3125078561160709,0.323875728899679,,,True,below threshold
39d9402c-26ec-41d2-8fe8-ab81c2522326,2026-06-01 00:26:00,26,5,4.0,0.4853335721824632,0.3125078561160709,0.323875728899679,0.0,0.0,True,below threshold
39d9402c-26ec-41d2-8fe8-ab81c2522326,2026-06-01 00:27:00,27,5,4.0,0.4853335721824632,0.3125078561160709,0.323875728899679,0.0,0.0,True,below threshold
39d9402c-26ec-41d2-8fe8-ab81c2522326,2026-06-01 00:28:00,28,5,4.0,0.4853335721824632,0.3125078561160709,0.323875728899679,0.0,0.0,True,below threshold
39d9402c-26ec-41d2-8fe8-ab81c2522326,2026-06-01 00:29:00,29,5,3.0,0.4853335721824632,0.3125078561160709,0.323875728899679,1.0,0.3333333333333333,True,below threshold
39d9402c-26ec-41d2-8fe8-ab81c2522326,2026-06-01 00:30:00,30,6,,0.4853335721824632,0.3125078561160709,0.323875728899679,,0.5,False,below threshold
39d9402c-26ec-41d2-8fe8-ab81c2522326,2026-06-01 00:31:00,31,6,3.0,0.4853335721824632,0.3125078561160709,0.323875728899679,,1.0,True,below threshold
39d9402c-26ec-41d2-8fe8-ab81c2522326,2026-06-01 00:32:00,32,6,3.0,0.4853335721824632,0.3125078561160709,0.323875728899679,0.0,0.0,True,below threshold
39d9402c-26ec-41d2-8fe8-ab81c2522326,2026-06-01 00:33:00,33,6,3.0,0.4853335721824632,0.3125078561160709,0.323875728899679,0.0,0.0,True,below threshold
39d9402c-26ec-41d2-8fe8-ab81c2522326,2026-06-01 00:34:00,34,6,3.0,0.4853335721824632,0.3125078561160709,0.323875728899679,0.0,0.0,True,below threshold
3bd3fcd7-b737-4561-92cc-31a1371e6c8f,2026-06-01 00:00:00,0,0,3.0,0.3823450285306307,0.584292942899957,0.12154253443085468,,,False,missing or insufficient EMA data
3bd3fcd7-b737-4561-92cc-31a1371e6c8f,2026-06-01 00:01:00,1,0,3.0,0.3823450285306307,0.584292942899957,0.12154253443085468,0.0,0.0,True,below threshold
3bd3fcd7-b737-4561-92cc-31a1371e6c8f,2026-06-01 00:02:00,2,0,3.0,0.3823450285306307,0.584292942899957,0.12154253443085468,0.0,0.0,True,below threshold
3bd3fcd7-b737-4561-92cc-31a1371e6c8f,2026-06-01 00:03:00,3,0,4.0,0.3823450285306307,0.584292942899957,0.12154253443085468,1.0,0.3333333333333333,True,below threshold
3bd3fcd7-b737-4561-92cc-31a1371e6c8f,2026-06-01 00:04:00,4,0,3.0,0.3823450285306307,0.584292942899957,0.12154253443085468,1.0,0.6666666666666666,True,below threshold
3bd3fcd7-b737-4561-92cc-31a1371e6c8f,2026-06-01 00:05:00,5,1,3.0,0.3823450285306307,0.584292942899957,0.12154253443085468,0.0,0.6666666666666666,True,below threshold
3bd3fcd7-b737-4561-92cc-31a1371e6c8f,2026-06-01 00:06:00,6,1,3.0,0.3823450285306307,0.584292942899957,0.12154253443085468,0.0,0.3333333333333333,True,below threshold
3bd3fcd7-b737-4561-92cc-31a1371e6c8f,2026-06-01 00:07:00,7,1,3.0,0.3823450285306307,0.584292942899957,0.12154253443085468,0.0,0.0,True,below threshold
3bd3fcd7-b737-4561-92cc-31a1371e6c8f,2026-06-01 00:08:00,8,1,3.0,0.3823450285306307,0.584292942899957,0.12154253443085468,0.0,0.0,True,below threshold
3bd3fcd7-b737-4561-92cc-31a1371e6c8f,2026-06-01 00:09:00,9,1,3.0,0.3823450285306307,0.584292942899957,0.12154253443085468,0.0,0.0,True,below threshold
3bd3fcd7-b737-4561-92cc-31a1371e6c8f,2026-06-01 00:10:00,10,2,,0.3823450285306307,0.584292942899957,0.12154253443085468,,0.0,True,prompt sent
3bd3fcd7-b737-4561-92cc-31a1371e6c8f,2026-06-01 00:11:00,11,2,4.0,0.3823450285306307,0.584292942899957,0.12154253443085468,,0.0,True,cooldown active
3bd3fcd7-b737-4561-92cc-31a1371e6c8f,2026-06-01 00:12:00,12,2,3.0,0.3823450285306307,0.584292942899957,0.12154253443085468,1.0,1.0,True,cooldown active
3bd3fcd7-b737-4561-92cc-31a1371e6c8f,2026-06-01 00:13:00,13,2,3.0,0.3823450285306307,0.584292942899957,0.12154253443085468,0.0,0.5,True,cooldown active
3bd3fcd7-b737-4561-92cc-31a1371e6c8f,2026-06-01 00:14:00,14,2,3.0,0.3823450285306307,0.584292942899957,0.12154253443085468,0.0,0.3333333333333333,True,cooldown active
3bd3fcd7-b737-4561-92cc-31a1371e6c8f,2026-06-01 00:15:00,15,3,3.0,0.3823450285306307,0.584292942899957,0.12154253443085468,0.0,0.0,True,below threshold
3bd3fcd7-b737-4561-92cc-31a1371e6c8f,2026-06-01 00:16:00,16,3,3.0,0.3823450285306307,0.584292942899957,0.12154253443085468,0.0,0.0,True,missing or insufficient EMA data
3bd3fcd7-b737-4561-92cc-31a1371e6c8f,2026-06-01 00:17:00,17,3,3.0,0.3823450285306307,0.584292942899957,0.12154253443085468,0.0,0.0,True,missing or insufficient EMA data
3bd3fcd7-b737-4561-92cc-31a1371e6c8f,2026-06-01 00:18:00,18,3,3.0,0.3823450285306307,0.584292942899957,0.12154253443085468,0.0,0.0,True,missing or insufficient EMA data
3bd3fcd7-b737-4561-92cc-31a1371e6c8f,2026-06-01 00:19:00,19,3,3.0,0.3823450285306307,0.584292942899957,0.12154253443085468,0.0,0.0,True,below threshold
3bd3fcd7-b737-4561-92cc-31a1371e6c8f,2026-06-01 00:20:00,20,4,3.0,0.3823450285306307,0.584292942899957,0.12154253443085468,0.0,0.0,True,below threshold
3bd3fcd7-b737-4561-92cc-31a1371e6c8f,2026-06-01 00:21:00,21,4,3.0,0.3823450285306307,0.584292942899957,0.12154253443085468,0.0,0.0,True,prompt sent
3bd3fcd7-b737-4561-92cc-31a1371e6c8f,2026-06-01 00:22:00,22,4,3.0,0.3823450285306307,0.584292942899957,0.12154253443085468,0.0,0.0,True,cooldown active
3bd3fcd7-b737-4561-92cc-31a1371e6c8f,2026-06-01 00:23:00,23,4,4.0,0.3823450285306307,0.584292942899957,0.12154253443085468,1.0,0.3333333333333333,True,cooldown active
3bd3fcd7-b737-4561-92cc-31a1371e6c8f,2026-06-01 00:24:00,24,4,4.0,0.3823450285306307,0.584292942899957,0.12154253443085468,0.0,0.3333333333333333,True,below threshold
3bd3fcd7-b737-4561-92cc-31a1371e6c8f,2026-06-01 00:25:00,25,5,3.0,0.3823450285306307,0.584292942899957,0.12154253443085468,1.0,0.6666666666666666,True,below threshold
3bd3fcd7-b737-4561-92cc-31a1371e6c8f,2026-06-01 00:26:00,26,5,3.0,0.3823450285306307,0.584292942899957,0.12154253443085468,0.0,0.3333333333333333,True,below threshold
3bd3fcd7-b737-4561-92cc-31a1371e6c8f,2026-06-01 00:27:00,27,5,,0.3823450285306307,0.584292942899957,0.12154253443085468,,0.5,True,below threshold
3bd3fcd7-b737-4561-92cc-31a1371e6c8f,2026-06-01 00:28:00,28,5,,0.3823450285306307,0.584292942899957,0.12154253443085468,,0.0,True,below threshold
3bd3fcd7-b737-4561-92cc-31a1371e6c8f,2026-06-01 00:29:00,29,5,,0.3823450285306307,0.584292942899957,0.12154253443085468,,,True,below threshold
3bd3fcd7-b737-4561-92cc-31a1371e6c8f,2026-06-01 00:30:00,30,6,,0.3823450285306307,0.584292942899957,0.12154253443085468,,,False,below threshold
3bd3fcd7-b737-4561-92cc-31a1371e6c8f,2026-06-01 00:31:00,31,6,,0.3823450285306307,0.584292942899957,0.12154253443085468,,,True,below threshold
3bd3fcd7-b737-4561-92cc-31a1371e6c8f,2026-06-01 00:32:00,32,6,3.0,0.3823450285306307,0.584292942899957,0.12154253443085468,,,True,below threshold
3bd3fcd7-b737-4561-92cc-31a1371e6c8f,2026-06-01 00:33:00,33,6,4.0,0.3823450285306307,0.584292942899957,0.12154253443085468,1.0,1.0,True,below threshold
3bd3fcd7-b737-4561-92cc-31a1371e6c8f,2026-06-01 00:34:00,34,6,3.0,0.3823450285306307,0.584292942899957,0.12154253443085468,1.0,1.0,True,below threshold
3c1e3ee4-7cc0-4a17-9c1e-f3d2f2979765,2026-06-01 00:00:00,0,0,2.0,1.317455211372575,0.1085719660535757,3.094482299908551,,,False,missing or insufficient EMA data
3c1e3ee4-7cc0-4a17-9c1e-f3d2f2979765,2026-06-01 00:01:00,1,0,,1.317455211372575,0.1085719660535757,3.094482299908551,,,True,below threshold
3c1e3ee4-7cc0-4a17-9c1e-f3d2f2979765,2026-06-01 00:02:00,2,0,,1.317455211372575,0.1085719660535757,3.094482299908551,,,True,below threshold
3c1e3ee4-7cc0-4a17-9c1e-f3d2f2979765,2026-06-01 00:03:00,3,0,1.0,1.317455211372575,0.1085719660535757,3.094482299908551,,,True,below threshold
3c1e3ee4-7cc0-4a17-9c1e-f3d2f2979765,2026-06-01 00:04:00,4,0,3.0,1.317455211372575,0.1085719660535757,3.094482299908551,4.0,4.0,True,below threshold
3c1e3ee4-7cc0-4a17-9c1e-f3d2f2979765,2026-06-01 00:05:00,5,1,1.0,1.317455211372575,0.1085719660535757,3.094482299908551,4.0,4.0,True,below threshold
3c1e3ee4-7cc0-4a17-9c1e-f3d2f2979765,2026-06-01 00:06:00,6,1,4.0,1.317455211372575,0.1085719660535757,3.094482299908551,9.0,5.666666666666667,True,below threshold
3c1e3ee4-7cc0-4a17-9c1e-f3d2f2979765,2026-06-01 00:07:00,7,1,3.0,1.317455211372575,0.1085719660535757,3.094482299908551,1.0,4.666666666666667,True,below threshold
3c1e3ee4-7cc0-4a17-9c1e-f3d2f2979765,2026-06-01 00:08:00,8,1,2.0,1.317455211372575,0.1085719660535757,3.094482299908551,1.0,3.6666666666666665,True,below threshold
3c1e3ee4-7cc0-4a17-9c1e-f3d2f2979765,2026-06-01 00:09:00,9,1,1.0,1.317455211372575,0.1085719660535757,3.094482299908551,1.0,1.0,True,below threshold
3c1e3ee4-7cc0-4a17-9c1e-f3d2f2979765,2026-06-01 00:10:00,10,2,3.0,1.317455211372575,0.1085719660535757,3.094482299908551,4.0,2.0,True,prompt sent
3c1e3ee4-7cc0-4a17-9c1e-f3d2f2979765,2026-06-01 00:11:00,11,2,1.0,1.317455211372575,0.1085719660535757,3.094482299908551,4.0,3.0,True,cooldown active
3c1e3ee4-7cc0-4a17-9c1e-f3d2f2979765,2026-06-01 00:12:00,12,2,1.0,1.317455211372575,0.1085719660535757,3.094482299908551,0.0,2.6666666666666665,True,cooldown active
3c1e3ee4-7cc0-4a17-9c1e-f3d2f2979765,2026-06-01 00:13:00,13,2,4.0,1.317455211372575,0.1085719660535757,3.094482299908551,9.0,4.333333333333333,True,cooldown active
3c1e3ee4-7cc0-4a17-9c1e-f3d2f2979765,2026-06-01 00:14:00,14,2,,1.317455211372575,0.1085719660535757,3.094482299908551,,4.5,True,cooldown active
3c1e3ee4-7cc0-4a17-9c1e-f3d2f2979765,2026-06-01 00:15:00,15,3,,1.317455211372575,0.1085719660535757,3.094482299908551,,9.0,True,below threshold
3c1e3ee4-7cc0-4a17-9c1e-f3d2f2979765,2026-06-01 00:16:00,16,3,,1.317455211372575,0.1085719660535757,3.094482299908551,,,True,missing or insufficient EMA data
3c1e3ee4-7cc0-4a17-9c1e-f3d2f2979765,2026-06-01 00:17:00,17,3,2.0,1.317455211372575,0.1085719660535757,3.094482299908551,,,True,missing or insufficient EMA data
3c1e3ee4-7cc0-4a17-9c1e-f3d2f2979765,2026-06-01 00:18:00,18,3,3.0,1.317455211372575,0.1085719660535757,3.094482299908551,1.0,1.0,True,missing or insufficient EMA data
3c1e3ee4-7cc0-4a17-9c1e-f3d2f2979765,2026-06-01 00:19:00,19,3,1.0,1.317455211372575,0.1085719660535757,3.094482299908551,4.0,2.5,True,below threshold
3c1e3ee4-7cc0-4a17-9c1e-f3d2f2979765,2026-06-01 00:20:00,20,4,5.0,1.317455211372575,0.1085719660535757,3.094482299908551,16.0,7.0,True,below threshold
3c1e3ee4-7cc0-4a17-9c1e-f3d2f2979765,2026-06-01 00:21:00,21,4,,1.317455211372575,0.1085719660535757,3.094482299908551,,10.0,True,prompt sent
3c1e3ee4-7cc0-4a17-9c1e-f3d2f2979765,2026-06-01 00:22:00,22,4,4.0,1.317455211372575,0.1085719660535757,3.094482299908551,,16.0,True,cooldown active
3c1e3ee4-7cc0-4a17-9c1e-f3d2f2979765,2026-06-01 00:23:00,23,4,2.0,1.317455211372575,0.1085719660535757,3.094482299908551,4.0,4.0,True,cooldown active
3c1e3ee4-7cc0-4a17-9c1e-f3d2f2979765,2026-06-01 00:24:00,24,4,3.0,1.317455211372575,0.1085719660535757,3.094482299908551,1.0,2.5,True,below threshold
3c1e3ee4-7cc0-4a17-9c1e-f3d2f2979765,2026-06-01 00:25:00,25,5,3.0,1.317455211372575,0.1085719660535757,3.094482299908551,0.0,1.6666666666666667,True,below threshold
3c1e3ee4-7cc0-4a17-9c1e-f3d2f2979765,2026-06-01 00:26:00,26,5,4.0,1.317455211372575,0.1085719660535757,3.094482299908551,1.0,0.6666666666666666,True,below threshold
3c1e3ee4-7cc0-4a17-9c1e-f3d2f2979765,2026-06-01 00:27:00,27,5,1.0,1.317455211372575,0.1085719660535757,3.094482299908551,9.0,3.3333333333333335,True,below threshold
3c1e3ee4-7cc0-4a17-9c1e-f3d2f2979765,2026-06-01 00:28:00,28,5,4.0,1.317455211372575,0.1085719660535757,3.094482299908551,9.0,6.333333333333333,True,below threshold
3c1e3ee4-7cc0-4a17-9c1e-f3d2f2979765,2026-06-01 00:29:00,29,5,5.0,1.317455211372575,0.1085719660535757,3.094482299908551,1.0,6.333333333333333,True,below threshold
3c1e3ee4-7cc0-4a17-9c1e-f3d2f2979765,2026-06-01 00:30:00,30,6,2.0,1.317455211372575,0.1085719660535757,3.094482299908551,9.0,6.333333333333333,False,below threshold
3c1e3ee4-7cc0-4a17-9c1e-f3d2f2979765,2026-06-01 00:31:00,31,6,2.0,1.317455211372575,0.1085719660535757,3.094482299908551,0.0,3.3333333333333335,True,below threshold
3c1e3ee4-7cc0-4a17-9c1e-f3d2f2979765,2026-06-01 00:32:00,32,6,2.0,1.317455211372575,0.1085719660535757,3.094482299908551,0.0,3.0,True,below threshold
3c1e3ee4-7cc0-4a17-9c1e-f3d2f2979765,2026-06-01 00:33:00,33,6,2.0,1.317455211372575,0.1085719660535757,3.094482299908551,0.0,0.0,True,below threshold
3c1e3ee4-7cc0-4a17-9c1e-f3d2f2979765,2026-06-01 00:34:00,34,6,5.0,1.317455211372575,0.1085719660535757,3.094482299908551,9.0,3.0,True,below threshold
3c8d34bf-5c9c-4ff5-b4bd-a69e17cb04fe,2026-06-01 00:00:00,0,0,3.0,0.9248068829658453,0.40723802221353267,1.0139404306903403,,,False,missing or insufficient EMA data
3c8d34bf-5c9c-4ff5-b4bd-a69e17cb04fe,2026-06-01 00:01:00,1,0,4.0,0.9248068829658453,0.40723802221353267,1.0139404306903403,1.0,1.0,True,below threshold
3c8d34bf-5c9c-4ff5-b4bd-a69e17cb04fe,2026-06-01 00:02:00,2,0,3.0,0.9248068829658453,0.40723802221353267,1.0139404306903403,1.0,1.0,True,below threshold
3c8d34bf-5c9c-4ff5-b4bd-a69e17cb04fe,2026-06-01 00:03:00,3,0,3.0,0.9248068829658453,0.40723802221353267,1.0139404306903403,0.0,0.6666666666666666,True,below threshold
3c8d34bf-5c9c-4ff5-b4bd-a69e17cb04fe,2026-06-01 00:04:00,4,0,2.0,0.9248068829658453,0.40723802221353267,1.0139404306903403,1.0,0.6666666666666666,True,below threshold
3c8d34bf-5c9c-4ff5-b4bd-a69e17cb04fe,2026-06-01 00:05:00,5,1,1.0,0.9248068829658453,0.40723802221353267,1.0139404306903403,1.0,0.6666666666666666,True,below threshold
3c8d34bf-5c9c-4ff5-b4bd-a69e17cb04fe,2026-06-01 00:06:00,6,1,2.0,0.9248068829658453,0.40723802221353267,1.0139404306903403,1.0,1.0,True,below threshold
3c8d34bf-5c9c-4ff5-b4bd-a69e17cb04fe,2026-06-01 00:07:00,7,1,2.0,0.9248068829658453,0.40723802221353267,1.0139404306903403,0.0,0.6666666666666666,True,below threshold
3c8d34bf-5c9c-4ff5-b4bd-a69e17cb04fe,2026-06-01 00:08:00,8,1,4.0,0.9248068829658453,0.40723802221353267,1.0139404306903403,4.0,1.6666666666666667,True,below threshold
3c8d34bf-5c9c-4ff5-b4bd-a69e17cb04fe,2026-06-01 00:09:00,9,1,3.0,0.9248068829658453,0.40723802221353267,1.0139404306903403,1.0,1.6666666666666667,True,below threshold
3c8d34bf-5c9c-4ff5-b4bd-a69e17cb04fe,2026-06-01 00:10:00,10,2,4.0,0.9248068829658453,0.40723802221353267,1.0139404306903403,1.0,2.0,True,prompt sent
3c8d34bf-5c9c-4ff5-b4bd-a69e17cb04fe,2026-06-01 00:11:00,11,2,3.0,0.9248068829658453,0.40723802221353267,1.0139404306903403,1.0,1.0,True,cooldown active
3c8d34bf-5c9c-4ff5-b4bd-a69e17cb04fe,2026-06-01 00:12:00,12,2,2.0,0.9248068829658453,0.40723802221353267,1.0139404306903403,1.0,1.0,True,cooldown active
3c8d34bf-5c9c-4ff5-b4bd-a69e17cb04fe,2026-06-01 00:13:00,13,2,1.0,0.9248068829658453,0.40723802221353267,1.0139404306903403,1.0,1.0,True,cooldown active
3c8d34bf-5c9c-4ff5-b4bd-a69e17cb04fe,2026-06-01 00:14:00,14,2,2.0,0.9248068829658453,0.40723802221353267,1.0139404306903403,1.0,1.0,True,cooldown active
3c8d34bf-5c9c-4ff5-b4bd-a69e17cb04fe,2026-06-01 00:15:00,15,3,4.0,0.9248068829658453,0.40723802221353267,1.0139404306903403,4.0,2.0,True,below threshold
3c8d34bf-5c9c-4ff5-b4bd-a69e17cb04fe,2026-06-01 00:16:00,16,3,3.0,0.9248068829658453,0.40723802221353267,1.0139404306903403,1.0,2.0,True,missing or insufficient EMA data
3c8d34bf-5c9c-4ff5-b4bd-a69e17cb04fe,2026-06-01 00:17:00,17,3,3.0,0.9248068829658453,0.40723802221353267,1.0139404306903403,0.0,1.6666666666666667,True,missing or insufficient EMA data
3c8d34bf-5c9c-4ff5-b4bd-a69e17cb04fe,2026-06-01 00:18:00,18,3,2.0,0.9248068829658453,0.40723802221353267,1.0139404306903403,1.0,0.6666666666666666,True,missing or insufficient EMA data
3c8d34bf-5c9c-4ff5-b4bd-a69e17cb04fe,2026-06-01 00:19:00,19,3,,0.9248068829658453,0.40723802221353267,1.0139404306903403,,0.5,True,below threshold
3c8d34bf-5c9c-4ff5-b4bd-a69e17cb04fe,2026-06-01 00:20:00,20,4,3.0,0.9248068829658453,0.40723802221353267,1.0139404306903403,,1.0,True,below threshold
3c8d34bf-5c9c-4ff5-b4bd-a69e17cb04fe,2026-06-01 00:21:00,21,4,3.0,0.9248068829658453,0.40723802221353267,1.0139404306903403,0.0,0.0,True,prompt sent
3c8d34bf-5c9c-4ff5-b4bd-a69e17cb04fe,2026-06-01 00:22:00,22,4,3.0,0.9248068829658453,0.40723802221353267,1.0139404306903403,0.0,0.0,True,cooldown active
3c8d34bf-5c9c-4ff5-b4bd-a69e17cb04fe,2026-06-01 00:23:00,23,4,2.0,0.9248068829658453,0.40723802221353267,1.0139404306903403,1.0,0.3333333333333333,True,cooldown active
3c8d34bf-5c9c-4ff5-b4bd-a69e17cb04fe,2026-06-01 00:24:00,24,4,3.0,0.9248068829658453,0.40723802221353267,1.0139404306903403,1.0,0.6666666666666666,True,below threshold
3c8d34bf-5c9c-4ff5-b4bd-a69e17cb04fe,2026-06-01 00:25:00,25,5,2.0,0.9248068829658453,0.40723802221353267,1.0139404306903403,1.0,1.0,True,below threshold
3c8d34bf-5c9c-4ff5-b4bd-a69e17cb04fe,2026-06-01 00:26:00,26,5,1.0,0.9248068829658453,0.40723802221353267,1.0139404306903403,1.0,1.0,True,below threshold
3c8d34bf-5c9c-4ff5-b4bd-a69e17cb04fe,2026-06-01 00:27:00,27,5,1.0,0.9248068829658453,0.40723802221353267,1.0139404306903403,0.0,0.6666666666666666,True,below threshold
3c8d34bf-5c9c-4ff5-b4bd-a69e17cb04fe,2026-06-01 00:28:00,28,5,2.0,0.9248068829658453,0.40723802221353267,1.0139404306903403,1.0,0.6666666666666666,True,below threshold
3c8d34bf-5c9c-4ff5-b4bd-a69e17cb04fe,2026-06-01 00:29:00,29,5,4.0,0.9248068829658453,0.40723802221353267,1.0139404306903403,4.0,1.6666666666666667,True,below threshold
3c8d34bf-5c9c-4ff5-b4bd-a69e17cb04fe,2026-06-01 00:30:00,30,6,3.0,0.9248068829658453,0.40723802221353267,1.0139404306903403,1.0,2.0,False,below threshold
3c8d34bf-5c9c-4ff5-b4bd-a69e17cb04fe,2026-06-01 00:31:00,31,6,3.0,0.9248068829658453,0.40723802221353267,1.0139404306903403,0.0,1.6666666666666667,True,below threshold
3c8d34bf-5c9c-4ff5-b4bd-a69e17cb04fe,2026-06-01 00:32:00,32,6,3.0,0.9248068829658453,0.40723802221353267,1.0139404306903403,0.0,0.3333333333333333,True,below threshold
3c8d34bf-5c9c-4ff5-b4bd-a69e17cb04fe,2026-06-01 00:33:00,33,6,4.0,0.9248068829658453,0.40723802221353267,1.0139404306903403,1.0,0.3333333333333333,True,below threshold
3c8d34bf-5c9c-4ff5-b4bd-a69e17cb04fe,2026-06-01 00:34:00,34,6,3.0,0.9248068829658453,0.40723802221353267,1.0139404306903403,1.0,0.6666666666666666,True,below threshold
3e1f932d-0657-406a-a58c-d3b8d02a60cd,2026-06-01 00:00:00,0,0,,1.2948459069020188,0.2533816718592442,2.5035992865293544,,,False,missing or insufficient EMA data
3e1f932d-0657-406a-a58c-d3b8d02a60cd,2026-06-01 00:01:00,1,0,,1.2948459069020188,0.2533816718592442,2.5035992865293544,,,True,below threshold
3e1f932d-0657-406a-a58c-d3b8d02a60cd,2026-06-01 00:02:00,2,0,1.0,1.2948459069020188,0.2533816718592442,2.5035992865293544,,,True,below threshold
3e1f932d-0657-406a-a58c-d3b8d02a60cd,2026-06-01 00:03:00,3,0,1.0,1.2948459069020188,0.2533816718592442,2.5035992865293544,0.0,0.0,True,below threshold
3e1f932d-0657-406a-a58c-d3b8d02a60cd,2026-06-01 00:04:00,4,0,2.0,1.2948459069020188,0.2533816718592442,2.5035992865293544,1.0,0.5,True,below threshold
3e1f932d-0657-406a-a58c-d3b8d02a60cd,2026-06-01 00:05:00,5,1,3.0,1.2948459069020188,0.2533816718592442,2.5035992865293544,1.0,0.6666666666666666,True,below threshold
3e1f932d-0657-406a-a58c-d3b8d02a60cd,2026-06-01 00:06:00,6,1,4.0,1.2948459069020188,0.2533816718592442,2.5035992865293544,1.0,1.0,True,below threshold
3e1f932d-0657-406a-a58c-d3b8d02a60cd,2026-06-01 00:07:00,7,1,,1.2948459069020188,0.2533816718592442,2.5035992865293544,,1.0,True,below threshold
3e1f932d-0657-406a-a58c-d3b8d02a60cd,2026-06-01 00:08:00,8,1,,1.2948459069020188,0.2533816718592442,2.5035992865293544,,1.0,True,below threshold
3e1f932d-0657-406a-a58c-d3b8d02a60cd,2026-06-01 00:09:00,9,1,,1.2948459069020188,0.2533816718592442,2.5035992865293544,,,True,below threshold
3e1f932d-0657-406a-a58c-d3b8d02a60cd,2026-06-01 00:10:00,10,2,,1.2948459069020188,0.2533816718592442,2.5035992865293544,,,True,prompt sent
3e1f932d-0657-406a-a58c-d3b8d02a60cd,2026-06-01 00:11:00,11,2,,1.2948459069020188,0.2533816718592442,2.5035992865293544,,,True,cooldown active
3e1f932d-0657-406a-a58c-d3b8d02a60cd,2026-06-01 00:12:00,12,2,,1.2948459069020188,0.2533816718592442,2.5035992865293544,,,True,cooldown active
3e1f932d-0657-406a-a58c-d3b8d02a60cd,2026-06-01 00:13:00,13,2,,1.2948459069020188,0.2533816718592442,2.5035992865293544,,,True,cooldown active
3e1f932d-0657-406a-a58c-d3b8d02a60cd,2026-06-01 00:14:00,14,2,,1.2948459069020188,0.2533816718592442,2.5035992865293544,,,True,cooldown active
3e1f932d-0657-406a-a58c-d3b8d02a60cd,2026-06-01 00:15:00,15,3,,1.2948459069020188,0.2533816718592442,2.5035992865293544,,,True,below threshold
3e1f932d-0657-406a-a58c-d3b8d02a60cd,2026-06-01 00:16:00,16,3,,1.2948459069020188,0.2533816718592442,2.5035992865293544,,,True,missing or insufficient EMA data
3e1f932d-0657-406a-a58c-d3b8d02a60cd,2026-06-01 00:17:00,17,3,,1.2948459069020188,0.2533816718592442,2.5035992865293544,,,True,missing or insufficient EMA data
3e1f932d-0657-406a-a58c-d3b8d02a60cd,2026-06-01 00:18:00,18,3,,1.2948459069020188,0.2533816718592442,2.5035992865293544,,,True,missing or insufficient EMA data
3e1f932d-0657-406a-a58c-d3b8d02a60cd,2026-06-01 00:19:00,19,3,2.0,1.2948459069020188,0.2533816718592442,2.5035992865293544,,,True,below threshold
3e1f932d-0657-406a-a58c-d3b8d02a60cd,2026-06-01 00:20:00,20,4,1.0,1.2948459069020188,0.2533816718592442,2.5035992865293544,1.0,1.0,True,below threshold
3e1f932d-0657-406a-a58c-d3b8d02a60cd,2026-06-01 00:21:00,21,4,2.0,1.2948459069020188,0.2533816718592442,2.5035992865293544,1.0,1.0,True,prompt sent
3e1f932d-0657-406a-a58c-d3b8d02a60cd,2026-06-01 00:22:00,22,4,2.0,1.2948459069020188,0.2533816718592442,2.5035992865293544,0.0,0.6666666666666666,True,cooldown active
3e1f932d-0657-406a-a58c-d3b8d02a60cd,2026-06-01 00:23:00,23,4,2.0,1.2948459069020188,0.2533816718592442,2.5035992865293544,0.0,0.3333333333333333,True,cooldown active
3e1f932d-0657-406a-a58c-d3b8d02a60cd,2026-06-01 00:24:00,24,4,5.0,1.2948459069020188,0.2533816718592442,2.5035992865293544,9.0,3.0,True,below threshold
3e1f932d-0657-406a-a58c-d3b8d02a60cd,2026-06-01 00:25:00,25,5,1.0,1.2948459069020188,0.2533816718592442,2.5035992865293544,16.0,8.333333333333334,True,below threshold
3e1f932d-0657-406a-a58c-d3b8d02a60cd,2026-06-01 00:26:00,26,5,3.0,1.2948459069020188,0.2533816718592442,2.5035992865293544,4.0,9.666666666666666,True,below threshold
3e1f932d-0657-406a-a58c-d3b8d02a60cd,2026-06-01 00:27:00,27,5,1.0,1.2948459069020188,0.2533816718592442,2.5035992865293544,4.0,8.0,True,below threshold
3e1f932d-0657-406a-a58c-d3b8d02a60cd,2026-06-01 00:28:00,28,5,3.0,1.2948459069020188,0.2533816718592442,2.5035992865293544,4.0,4.0,True,below threshold
3e1f932d-0657-406a-a58c-d3b8d02a60cd,2026-06-01 00:29:00,29,5,3.0,1.2948459069020188,0.2533816718592442,2.5035992865293544,0.0,2.6666666666666665,True,below threshold
3e1f932d-0657-406a-a58c-d3b8d02a60cd,2026-06-01 00:30:00,30,6,3.0,1.2948459069020188,0.2533816718592442,2.5035992865293544,0.0,1.3333333333333333,False,below threshold
3e1f932d-0657-406a-a58c-d3b8d02a60cd,2026-06-01 00:31:00,31,6,1.0,1.2948459069020188,0.2533816718592442,2.5035992865293544,4.0,1.3333333333333333,True,below threshold
3e1f932d-0657-406a-a58c-d3b8d02a60cd,2026-06-01 00:32:00,32,6,1.0,1.2948459069020188,0.2533816718592442,2.5035992865293544,0.0,1.3333333333333333,True,below threshold
3e1f932d-0657-406a-a58c-d3b8d02a60cd,2026-06-01 00:33:00,33,6,3.0,1.2948459069020188,0.2533816718592442,2.5035992865293544,4.0,2.6666666666666665,True,below threshold
3e1f932d-0657-406a-a58c-d3b8d02a60cd,2026-06-01 00:34:00,34,6,,1.2948459069020188,0.2533816718592442,2.5035992865293544,,2.0,True,below threshold
3e4865a7-0e34-4ebf-a6d1-a3766e2cb9d8,2026-06-01 00:00:00,0,0,3.0,0.5254328704050264,0.7008398704647705,0.16518407840714663,,,False,missing or insufficient EMA data
3e4865a7-0e34-4ebf-a6d1-a3766e2cb9d8,2026-06-01 00:01:00,1,0,3.0,0.5254328704050264,0.7008398704647705,0.16518407840714663,0.0,0.0,True,below threshold
3e4865a7-0e34-4ebf-a6d1-a3766e2cb9d8,2026-06-01 00:02:00,2,0,4.0,0.5254328704050264,0.7008398704647705,0.16518407840714663,1.0,0.5,True,below threshold
3e4865a7-0e34-4ebf-a6d1-a3766e2cb9d8,2026-06-01 00:03:00,3,0,3.0,0.5254328704050264,0.7008398704647705,0.16518407840714663,1.0,0.6666666666666666,True,below threshold
3e4865a7-0e34-4ebf-a6d1-a3766e2cb9d8,2026-06-01 00:04:00,4,0,4.0,0.5254328704050264,0.7008398704647705,0.16518407840714663,1.0,1.0,True,below threshold
3e4865a7-0e34-4ebf-a6d1-a3766e2cb9d8,2026-06-01 00:05:00,5,1,3.0,0.5254328704050264,0.7008398704647705,0.16518407840714663,1.0,1.0,True,below threshold
3e4865a7-0e34-4ebf-a6d1-a3766e2cb9d8,2026-06-01 00:06:00,6,1,3.0,0.5254328704050264,0.7008398704647705,0.16518407840714663,0.0,0.6666666666666666,True,below threshold
3e4865a7-0e34-4ebf-a6d1-a3766e2cb9d8,2026-06-01 00:07:00,7,1,3.0,0.5254328704050264,0.7008398704647705,0.16518407840714663,0.0,0.3333333333333333,True,below threshold
3e4865a7-0e34-4ebf-a6d1-a3766e2cb9d8,2026-06-01 00:08:00,8,1,4.0,0.5254328704050264,0.7008398704647705,0.16518407840714663,1.0,0.3333333333333333,True,below threshold
3e4865a7-0e34-4ebf-a6d1-a3766e2cb9d8,2026-06-01 00:09:00,9,1,3.0,0.5254328704050264,0.7008398704647705,0.16518407840714663,1.0,0.6666666666666666,True,below threshold
3e4865a7-0e34-4ebf-a6d1-a3766e2cb9d8,2026-06-01 00:10:00,10,2,2.0,0.5254328704050264,0.7008398704647705,0.16518407840714663,1.0,1.0,True,prompt sent
3e4865a7-0e34-4ebf-a6d1-a3766e2cb9d8,2026-06-01 00:11:00,11,2,2.0,0.5254328704050264,0.7008398704647705,0.16518407840714663,0.0,0.6666666666666666,True,cooldown active
3e4865a7-0e34-4ebf-a6d1-a3766e2cb9d8,2026-06-01 00:12:00,12,2,2.0,0.5254328704050264,0.7008398704647705,0.16518407840714663,0.0,0.3333333333333333,True,cooldown active
3e4865a7-0e34-4ebf-a6d1-a3766e2cb9d8,2026-06-01 00:13:00,13,2,2.0,0.5254328704050264,0.7008398704647705,0.16518407840714663,0.0,0.0,True,cooldown active
3e4865a7-0e34-4ebf-a6d1-a3766e2cb9d8,2026-06-01 00:14:00,14,2,,0.5254328704050264,0.7008398704647705,0.16518407840714663,,0.0,True,cooldown active
3e4865a7-0e34-4ebf-a6d1-a3766e2cb9d8,2026-06-01 00:15:00,15,3,,0.5254328704050264,0.7008398704647705,0.16518407840714663,,0.0,True,below threshold
3e4865a7-0e34-4ebf-a6d1-a3766e2cb9d8,2026-06-01 00:16:00,16,3,,0.5254328704050264,0.7008398704647705,0.16518407840714663,,,True,missing or insufficient EMA data
3e4865a7-0e34-4ebf-a6d1-a3766e2cb9d8,2026-06-01 00:17:00,17,3,,0.5254328704050264,0.7008398704647705,0.16518407840714663,,,True,missing or insufficient EMA data
3e4865a7-0e34-4ebf-a6d1-a3766e2cb9d8,2026-06-01 00:18:00,18,3,,0.5254328704050264,0.7008398704647705,0.16518407840714663,,,True,missing or insufficient EMA data
3e4865a7-0e34-4ebf-a6d1-a3766e2cb9d8,2026-06-01 00:19:00,19,3,3.0,0.5254328704050264,0.7008398704647705,0.16518407840714663,,,True,below threshold
3e4865a7-0e34-4ebf-a6d1-a3766e2cb9d8,2026-06-01 00:20:00,20,4,3.0,0.5254328704050264,0.7008398704647705,0.16518407840714663,0.0,0.0,True,below threshold
3e4865a7-0e34-4ebf-a6d1-a3766e2cb9d8,2026-06-01 00:21:00,21,4,3.0,0.5254328704050264,0.7008398704647705,0.16518407840714663,0.0,0.0,True,prompt sent
3e4865a7-0e34-4ebf-a6d1-a3766e2cb9d8,2026-06-01 00:22:00,22,4,2.0,0.5254328704050264,0.7008398704647705,0.16518407840714663,1.0,0.3333333333333333,True,cooldown active
3e4865a7-0e34-4ebf-a6d1-a3766e2cb9d8,2026-06-01 00:23:00,23,4,2.0,0.5254328704050264,0.7008398704647705,0.16518407840714663,0.0,0.3333333333333333,True,cooldown active
3e4865a7-0e34-4ebf-a6d1-a3766e2cb9d8,2026-06-01 00:24:00,24,4,3.0,0.5254328704050264,0.7008398704647705,0.16518407840714663,1.0,0.6666666666666666,True,below threshold
3e4865a7-0e34-4ebf-a6d1-a3766e2cb9d8,2026-06-01 00:25:00,25,5,3.0,0.5254328704050264,0.7008398704647705,0.16518407840714663,0.0,0.3333333333333333,True,below threshold
3e4865a7-0e34-4ebf-a6d1-a3766e2cb9d8,2026-06-01 00:26:00,26,5,3.0,0.5254328704050264,0.7008398704647705,0.16518407840714663,0.0,0.3333333333333333,True,below threshold
3e4865a7-0e34-4ebf-a6d1-a3766e2cb9d8,2026-06-01 00:27:00,27,5,4.0,0.5254328704050264,0.7008398704647705,0.16518407840714663,1.0,0.3333333333333333,True,below threshold
3e4865a7-0e34-4ebf-a6d1-a3766e2cb9d8,2026-06-01 00:28:00,28,5,,0.5254328704050264,0.7008398704647705,0.16518407840714663,,0.5,True,below threshold
3e4865a7-0e34-4ebf-a6d1-a3766e2cb9d8,2026-06-01 00:29:00,29,5,,0.5254328704050264,0.7008398704647705,0.16518407840714663,,1.0,True,below threshold
3e4865a7-0e34-4ebf-a6d1-a3766e2cb9d8,2026-06-01 00:30:00,30,6,,0.5254328704050264,0.7008398704647705,0.16518407840714663,,,False,below threshold
3e4865a7-0e34-4ebf-a6d1-a3766e2cb9d8,2026-06-01 00:31:00,31,6,,0.5254328704050264,0.7008398704647705,0.16518407840714663,,,True,below threshold
3e4865a7-0e34-4ebf-a6d1-a3766e2cb9d8,2026-06-01 00:32:00,32,6,,0.5254328704050264,0.7008398704647705,0.16518407840714663,,,True,below threshold
3e4865a7-0e34-4ebf-a6d1-a3766e2cb9d8,2026-06-01 00:33:00,33,6,,0.5254328704050264,0.7008398704647705,0.16518407840714663,,,True,below threshold
3e4865a7-0e34-4ebf-a6d1-a3766e2cb9d8,2026-06-01 00:34:00,34,6,3.0,0.5254328704050264,0.7008398704647705,0.16518407840714663,,,True,below threshold
4939fec0-d7d2-4742-80f6-312122d457ca,2026-06-01 00:00:00,0,0,3.0,1.3569635256453356,0.416248661706595,2.1497810651285483,,,False,missing or insufficient EMA data
4939fec0-d7d2-4742-80f6-312122d457ca,2026-06-01 00:01:00,1,0,3.0,1.3569635256453356,0.416248661706595,2.1497810651285483,0.0,0.0,True,below threshold
4939fec0-d7d2-4742-80f6-312122d457ca,2026-06-01 00:02:00,2,0,5.0,1.3569635256453356,0.416248661706595,2.1497810651285483,4.0,2.0,True,below threshold
4939fec0-d7d2-4742-80f6-312122d457ca,2026-06-01 00:03:00,3,0,3.0,1.3569635256453356,0.416248661706595,2.1497810651285483,4.0,2.6666666666666665,True,below threshold
4939fec0-d7d2-4742-80f6-312122d457ca,2026-06-01 00:04:00,4,0,3.0,1.3569635256453356,0.416248661706595,2.1497810651285483,0.0,2.6666666666666665,True,below threshold
4939fec0-d7d2-4742-80f6-312122d457ca,2026-06-01 00:05:00,5,1,3.0,1.3569635256453356,0.416248661706595,2.1497810651285483,0.0,1.3333333333333333,True,below threshold
4939fec0-d7d2-4742-80f6-312122d457ca,2026-06-01 00:06:00,6,1,3.0,1.3569635256453356,0.416248661706595,2.1497810651285483,0.0,0.0,True,below threshold
4939fec0-d7d2-4742-80f6-312122d457ca,2026-06-01 00:07:00,7,1,5.0,1.3569635256453356,0.416248661706595,2.1497810651285483,4.0,1.3333333333333333,True,below threshold
4939fec0-d7d2-4742-80f6-312122d457ca,2026-06-01 00:08:00,8,1,5.0,1.3569635256453356,0.416248661706595,2.1497810651285483,0.0,1.3333333333333333,True,below threshold
4939fec0-d7d2-4742-80f6-312122d457ca,2026-06-01 00:09:00,9,1,3.0,1.3569635256453356,0.416248661706595,2.1497810651285483,4.0,2.6666666666666665,True,below threshold
4939fec0-d7d2-4742-80f6-312122d457ca,2026-06-01 00:10:00,10,2,4.0,1.3569635256453356,0.416248661706595,2.1497810651285483,1.0,1.6666666666666667,True,prompt sent
4939fec0-d7d2-4742-80f6-312122d457ca,2026-06-01 00:11:00,11,2,5.0,1.3569635256453356,0.416248661706595,2.1497810651285483,1.0,2.0,True,cooldown active
4939fec0-d7d2-4742-80f6-312122d457ca,2026-06-01 00:12:00,12,2,4.0,1.3569635256453356,0.416248661706595,2.1497810651285483,1.0,1.0,True,cooldown active
4939fec0-d7d2-4742-80f6-312122d457ca,2026-06-01 00:13:00,13,2,4.0,1.3569635256453356,0.416248661706595,2.1497810651285483,0.0,0.6666666666666666,True,cooldown active
4939fec0-d7d2-4742-80f6-312122d457ca,2026-06-01 00:14:00,14,2,4.0,1.3569635256453356,0.416248661706595,2.1497810651285483,0.0,0.3333333333333333,True,cooldown active
4939fec0-d7d2-4742-80f6-312122d457ca,2026-06-01 00:15:00,15,3,4.0,1.3569635256453356,0.416248661706595,2.1497810651285483,0.0,0.0,True,below threshold
4939fec0-d7d2-4742-80f6-312122d457ca,2026-06-01 00:16:00,16,3,2.0,1.3569635256453356,0.416248661706595,2.1497810651285483,4.0,1.3333333333333333,True,missing or insufficient EMA data
4939fec0-d7d2-4742-80f6-312122d457ca,2026-06-01 00:17:00,17,3,,1.3569635256453356,0.416248661706595,2.1497810651285483,,2.0,True,missing or insufficient EMA data
4939fec0-d7d2-4742-80f6-312122d457ca,2026-06-01 00:18:00,18,3,,1.3569635256453356,0.416248661706595,2.1497810651285483,,4.0,True,missing or insufficient EMA data
4939fec0-d7d2-4742-80f6-312122d457ca,2026-06-01 00:19:00,19,3,5.0,1.3569635256453356,0.416248661706595,2.1497810651285483,,,True,below threshold
4939fec0-d7d2-4742-80f6-312122d457ca,2026-06-01 00:20:00,20,4,3.0,1.3569635256453356,0.416248661706595,2.1497810651285483,4.0,4.0,True,below threshold
4939fec0-d7d2-4742-80f6-312122d457ca,2026-06-01 00:21:00,21,4,3.0,1.3569635256453356,0.416248661706595,2.1497810651285483,0.0,2.0,True,prompt sent
4939fec0-d7d2-4742-80f6-312122d457ca,2026-06-01 00:22:00,22,4,5.0,1.3569635256453356,0.416248661706595,2.1497810651285483,4.0,2.6666666666666665,True,cooldown active
4939fec0-d7d2-4742-80f6-312122d457ca,2026-06-01 00:23:00,23,4,5.0,1.3569635256453356,0.416248661706595,2.1497810651285483,0.0,1.3333333333333333,True,cooldown active
4939fec0-d7d2-4742-80f6-312122d457ca,2026-06-01 00:24:00,24,4,5.0,1.3569635256453356,0.416248661706595,2.1497810651285483,0.0,1.3333333333333333,True,below threshold
4939fec0-d7d2-4742-80f6-312122d457ca,2026-06-01 00:25:00,25,5,,1.3569635256453356,0.416248661706595,2.1497810651285483,,0.0,True,below threshold
4939fec0-d7d2-4742-80f6-312122d457ca,2026-06-01 00:26:00,26,5,,1.3569635256453356,0.416248661706595,2.1497810651285483,,0.0,True,below threshold
4939fec0-d7d2-4742-80f6-312122d457ca,2026-06-01 00:27:00,27,5,,1.3569635256453356,0.416248661706595,2.1497810651285483,,,True,below threshold
4939fec0-d7d2-4742-80f6-312122d457ca,2026-06-01 00:28:00,28,5,,1.3569635256453356,0.416248661706595,2.1497810651285483,,,True,below threshold
4939fec0-d7d2-4742-80f6-312122d457ca,2026-06-01 00:29:00,29,5,,1.3569635256453356,0.416248661706595,2.1497810651285483,,,True,below threshold
4939fec0-d7d2-4742-80f6-312122d457ca,2026-06-01 00:30:00,30,6,3.0,1.3569635256453356,0.416248661706595,2.1497810651285483,,,False,below threshold
4939fec0-d7d2-4742-80f6-312122d457ca,2026-06-01 00:31:00,31,6,5.0,1.3569635256453356,0.416248661706595,2.1497810651285483,4.0,4.0,True,below threshold
4939fec0-d7d2-4742-80f6-312122d457ca,2026-06-01 00:32:00,32,6,4.0,1.3569635256453356,0.416248661706595,2.1497810651285483,1.0,2.5,True,below threshold
4939fec0-d7d2-4742-80f6-312122d457ca,2026-06-01 00:33:00,33,6,4.0,1.3569635256453356,0.416248661706595,2.1497810651285483,0.0,1.6666666666666667,True,below threshold
4939fec0-d7d2-4742-80f6-312122d457ca,2026-06-01 00:34:00,34,6,5.0,1.3569635256453356,0.416248661706595,2.1497810651285483,1.0,0.6666666666666666,True,below threshold
4be446ae-630b-44f9-b526-ada0b7cbd0e0,2026-06-01 00:00:00,0,0,2.0,0.7291178522676909,0.4352428854670036,0.6004642699528295,,,False,missing or insufficient EMA data
4be446ae-630b-44f9-b526-ada0b7cbd0e0,2026-06-01 00:01:00,1,0,1.0,0.7291178522676909,0.4352428854670036,0.6004642699528295,1.0,1.0,True,below threshold
4be446ae-630b-44f9-b526-ada0b7cbd0e0,2026-06-01 00:02:00,2,0,2.0,0.7291178522676909,0.4352428854670036,0.6004642699528295,1.0,1.0,True,below threshold
4be446ae-630b-44f9-b526-ada0b7cbd0e0,2026-06-01 00:03:00,3,0,2.0,0.7291178522676909,0.4352428854670036,0.6004642699528295,0.0,0.6666666666666666,True,below threshold
4be446ae-630b-44f9-b526-ada0b7cbd0e0,2026-06-01 00:04:00,4,0,2.0,0.7291178522676909,0.4352428854670036,0.6004642699528295,0.0,0.3333333333333333,True,below threshold
4be446ae-630b-44f9-b526-ada0b7cbd0e0,2026-06-01 00:05:00,5,1,2.0,0.7291178522676909,0.4352428854670036,0.6004642699528295,0.0,0.0,True,below threshold
4be446ae-630b-44f9-b526-ada0b7cbd0e0,2026-06-01 00:06:00,6,1,1.0,0.7291178522676909,0.4352428854670036,0.6004642699528295,1.0,0.3333333333333333,True,below threshold
4be446ae-630b-44f9-b526-ada0b7cbd0e0,2026-06-01 00:07:00,7,1,2.0,0.7291178522676909,0.4352428854670036,0.6004642699528295,1.0,0.6666666666666666,True,below threshold
4be446ae-630b-44f9-b526-ada0b7cbd0e0,2026-06-01 00:08:00,8,1,,0.7291178522676909,0.4352428854670036,0.6004642699528295,,1.0,True,below threshold
4be446ae-630b-44f9-b526-ada0b7cbd0e0,2026-06-01 00:09:00,9,1,2.0,0.7291178522676909,0.4352428854670036,0.6004642699528295,,1.0,True,below threshold
4be446ae-630b-44f9-b526-ada0b7cbd0e0,2026-06-01 00:10:00,10,2,3.0,0.7291178522676909,0.4352428854670036,0.6004642699528295,1.0,1.0,True,prompt sent
4be446ae-630b-44f9-b526-ada0b7cbd0e0,2026-06-01 00:11:00,11,2,3.0,0.7291178522676909,0.4352428854670036,0.6004642699528295,0.0,0.5,True,cooldown active
4be446ae-630b-44f9-b526-ada0b7cbd0e0,2026-06-01 00:12:00,12,2,3.0,0.7291178522676909,0.4352428854670036,0.6004642699528295,0.0,0.3333333333333333,True,cooldown active
4be446ae-630b-44f9-b526-ada0b7cbd0e0,2026-06-01 00:13:00,13,2,3.0,0.7291178522676909,0.4352428854670036,0.6004642699528295,0.0,0.0,True,cooldown active
4be446ae-630b-44f9-b526-ada0b7cbd0e0,2026-06-01 00:14:00,14,2,3.0,0.7291178522676909,0.4352428854670036,0.6004642699528295,0.0,0.0,True,cooldown active
4be446ae-630b-44f9-b526-ada0b7cbd0e0,2026-06-01 00:15:00,15,3,3.0,0.7291178522676909,0.4352428854670036,0.6004642699528295,0.0,0.0,True,below threshold
4be446ae-630b-44f9-b526-ada0b7cbd0e0,2026-06-01 00:16:00,16,3,1.0,0.7291178522676909,0.4352428854670036,0.6004642699528295,4.0,1.3333333333333333,True,missing or insufficient EMA data
4be446ae-630b-44f9-b526-ada0b7cbd0e0,2026-06-01 00:17:00,17,3,3.0,0.7291178522676909,0.4352428854670036,0.6004642699528295,4.0,2.6666666666666665,True,missing or insufficient EMA data
4be446ae-630b-44f9-b526-ada0b7cbd0e0,2026-06-01 00:18:00,18,3,,0.7291178522676909,0.4352428854670036,0.6004642699528295,,4.0,True,missing or insufficient EMA data
4be446ae-630b-44f9-b526-ada0b7cbd0e0,2026-06-01 00:19:00,19,3,,0.7291178522676909,0.4352428854670036,0.6004642699528295,,4.0,True,below threshold
4be446ae-630b-44f9-b526-ada0b7cbd0e0,2026-06-01 00:20:00,20,4,2.0,0.7291178522676909,0.4352428854670036,0.6004642699528295,,,True,below threshold
4be446ae-630b-44f9-b526-ada0b7cbd0e0,2026-06-01 00:21:00,21,4,2.0,0.7291178522676909,0.4352428854670036,0.6004642699528295,0.0,0.0,True,prompt sent
4be446ae-630b-44f9-b526-ada0b7cbd0e0,2026-06-01 00:22:00,22,4,2.0,0.7291178522676909,0.4352428854670036,0.6004642699528295,0.0,0.0,True,cooldown active
4be446ae-630b-44f9-b526-ada0b7cbd0e0,2026-06-01 00:23:00,23,4,3.0,0.7291178522676909,0.4352428854670036,0.6004642699528295,1.0,0.3333333333333333,True,cooldown active
4be446ae-630b-44f9-b526-ada0b7cbd0e0,2026-06-01 00:24:00,24,4,3.0,0.7291178522676909,0.4352428854670036,0.6004642699528295,0.0,0.3333333333333333,True,below threshold
4be446ae-630b-44f9-b526-ada0b7cbd0e0,2026-06-01 00:25:00,25,5,3.0,0.7291178522676909,0.4352428854670036,0.6004642699528295,0.0,0.3333333333333333,True,below threshold
4be446ae-630b-44f9-b526-ada0b7cbd0e0,2026-06-01 00:26:00,26,5,,0.7291178522676909,0.4352428854670036,0.6004642699528295,,0.0,True,below threshold
4be446ae-630b-44f9-b526-ada0b7cbd0e0,2026-06-01 00:27:00,27,5,,0.7291178522676909,0.4352428854670036,0.6004642699528295,,0.0,True,below threshold
4be446ae-630b-44f9-b526-ada0b7cbd0e0,2026-06-01 00:28:00,28,5,,0.7291178522676909,0.4352428854670036,0.6004642699528295,,,True,below threshold
4be446ae-630b-44f9-b526-ada0b7cbd0e0,2026-06-01 00:29:00,29,5,2.0,0.7291178522676909,0.4352428854670036,0.6004642699528295,,,True,below threshold
4be446ae-630b-44f9-b526-ada0b7cbd0e0,2026-06-01 00:30:00,30,6,2.0,0.7291178522676909,0.4352428854670036,0.6004642699528295,0.0,0.0,False,below threshold
4be446ae-630b-44f9-b526-ada0b7cbd0e0,2026-06-01 00:31:00,31,6,2.0,0.7291178522676909,0.4352428854670036,0.6004642699528295,0.0,0.0,True,below threshold
4be446ae-630b-44f9-b526-ada0b7cbd0e0,2026-06-01 00:32:00,32,6,3.0,0.7291178522676909,0.4352428854670036,0.6004642699528295,1.0,0.3333333333333333,True,below threshold
4be446ae-630b-44f9-b526-ada0b7cbd0e0,2026-06-01 00:33:00,33,6,3.0,0.7291178522676909,0.4352428854670036,0.6004642699528295,0.0,0.3333333333333333,True,below threshold
4be446ae-630b-44f9-b526-ada0b7cbd0e0,2026-06-01 00:34:00,34,6,2.0,0.7291178522676909,0.4352428854670036,0.6004642699528295,1.0,0.6666666666666666,True,below threshold
4c86e1ab-4090-48ea-a11a-13d456283ed4,2026-06-01 00:00:00,0,0,5.0,1.161166977169881,0.6652021241833972,0.9028218101331268,,,False,missing or insufficient EMA data
4c86e1ab-4090-48ea-a11a-13d456283ed4,2026-06-01 00:01:00,1,0,4.0,1.161166977169881,0.6652021241833972,0.9028218101331268,1.0,1.0,True,below threshold
4c86e1ab-4090-48ea-a11a-13d456283ed4,2026-06-01 00:02:00,2,0,4.0,1.161166977169881,0.6652021241833972,0.9028218101331268,0.0,0.5,True,below threshold
4c86e1ab-4090-48ea-a11a-13d456283ed4,2026-06-01 00:03:00,3,0,3.0,1.161166977169881,0.6652021241833972,0.9028218101331268,1.0,0.6666666666666666,True,below threshold
4c86e1ab-4090-48ea-a11a-13d456283ed4,2026-06-01 00:04:00,4,0,4.0,1.161166977169881,0.6652021241833972,0.9028218101331268,1.0,0.6666666666666666,True,below threshold
4c86e1ab-4090-48ea-a11a-13d456283ed4,2026-06-01 00:05:00,5,1,2.0,1.161166977169881,0.6652021241833972,0.9028218101331268,4.0,2.0,True,below threshold
4c86e1ab-4090-48ea-a11a-13d456283ed4,2026-06-01 00:06:00,6,1,2.0,1.161166977169881,0.6652021241833972,0.9028218101331268,0.0,1.6666666666666667,True,below threshold
4c86e1ab-4090-48ea-a11a-13d456283ed4,2026-06-01 00:07:00,7,1,2.0,1.161166977169881,0.6652021241833972,0.9028218101331268,0.0,1.3333333333333333,True,below threshold
4c86e1ab-4090-48ea-a11a-13d456283ed4,2026-06-01 00:08:00,8,1,4.0,1.161166977169881,0.6652021241833972,0.9028218101331268,4.0,1.3333333333333333,True,below threshold
4c86e1ab-4090-48ea-a11a-13d456283ed4,2026-06-01 00:09:00,9,1,3.0,1.161166977169881,0.6652021241833972,0.9028218101331268,1.0,1.6666666666666667,True,below threshold
4c86e1ab-4090-48ea-a11a-13d456283ed4,2026-06-01 00:10:00,10,2,5.0,1.161166977169881,0.6652021241833972,0.9028218101331268,4.0,3.0,True,prompt sent
4c86e1ab-4090-48ea-a11a-13d456283ed4,2026-06-01 00:11:00,11,2,3.0,1.161166977169881,0.6652021241833972,0.9028218101331268,4.0,3.0,True,cooldown active
4c86e1ab-4090-48ea-a11a-13d456283ed4,2026-06-01 00:12:00,12,2,3.0,1.161166977169881,0.6652021241833972,0.9028218101331268,0.0,2.6666666666666665,True,cooldown active
4c86e1ab-4090-48ea-a11a-13d456283ed4,2026-06-01 00:13:00,13,2,3.0,1.161166977169881,0.6652021241833972,0.9028218101331268,0.0,1.3333333333333333,True,cooldown active
4c86e1ab-4090-48ea-a11a-13d456283ed4,2026-06-01 00:14:00,14,2,2.0,1.161166977169881,0.6652021241833972,0.9028218101331268,1.0,0.3333333333333333,True,cooldown active
4c86e1ab-4090-48ea-a11a-13d456283ed4,2026-06-01 00:15:00,15,3,3.0,1.161166977169881,0.6652021241833972,0.9028218101331268,1.0,0.6666666666666666,True,below threshold
4c86e1ab-4090-48ea-a11a-13d456283ed4,2026-06-01 00:16:00,16,3,4.0,1.161166977169881,0.6652021241833972,0.9028218101331268,1.0,1.0,True,missing or insufficient EMA data
4c86e1ab-4090-48ea-a11a-13d456283ed4,2026-06-01 00:17:00,17,3,,1.161166977169881,0.6652021241833972,0.9028218101331268,,1.0,True,missing or insufficient EMA data
4c86e1ab-4090-48ea-a11a-13d456283ed4,2026-06-01 00:18:00,18,3,,1.161166977169881,0.6652021241833972,0.9028218101331268,,1.0,True,missing or insufficient EMA data
4c86e1ab-4090-48ea-a11a-13d456283ed4,2026-06-01 00:19:00,19,3,2.0,1.161166977169881,0.6652021241833972,0.9028218101331268,,,True,below threshold
4c86e1ab-4090-48ea-a11a-13d456283ed4,2026-06-01 00:20:00,20,4,,1.161166977169881,0.6652021241833972,0.9028218101331268,,,True,below threshold
4c86e1ab-4090-48ea-a11a-13d456283ed4,2026-06-01 00:21:00,21,4,2.0,1.161166977169881,0.6652021241833972,0.9028218101331268,,,True,prompt sent
4c86e1ab-4090-48ea-a11a-13d456283ed4,2026-06-01 00:22:00,22,4,,1.161166977169881,0.6652021241833972,0.9028218101331268,,,True,cooldown active
4c86e1ab-4090-48ea-a11a-13d456283ed4,2026-06-01 00:23:00,23,4,,1.161166977169881,0.6652021241833972,0.9028218101331268,,,True,cooldown active
4c86e1ab-4090-48ea-a11a-13d456283ed4,2026-06-01 00:24:00,24,4,,1.161166977169881,0.6652021241833972,0.9028218101331268,,,True,below threshold
4c86e1ab-4090-48ea-a11a-13d456283ed4,2026-06-01 00:25:00,25,5,1.0,1.161166977169881,0.6652021241833972,0.9028218101331268,,,True,below threshold
4c86e1ab-4090-48ea-a11a-13d456283ed4,2026-06-01 00:26:00,26,5,,1.161166977169881,0.6652021241833972,0.9028218101331268,,,True,below threshold
4c86e1ab-4090-48ea-a11a-13d456283ed4,2026-06-01 00:27:00,27,5,1.0,1.161166977169881,0.6652021241833972,0.9028218101331268,,,True,below threshold
4c86e1ab-4090-48ea-a11a-13d456283ed4,2026-06-01 00:28:00,28,5,1.0,1.161166977169881,0.6652021241833972,0.9028218101331268,0.0,0.0,True,below threshold
4c86e1ab-4090-48ea-a11a-13d456283ed4,2026-06-01 00:29:00,29,5,,1.161166977169881,0.6652021241833972,0.9028218101331268,,0.0,True,below threshold
4c86e1ab-4090-48ea-a11a-13d456283ed4,2026-06-01 00:30:00,30,6,,1.161166977169881,0.6652021241833972,0.9028218101331268,,0.0,False,below threshold
4c86e1ab-4090-48ea-a11a-13d456283ed4,2026-06-01 00:31:00,31,6,1.0,1.161166977169881,0.6652021241833972,0.9028218101331268,,,True,below threshold
4c86e1ab-4090-48ea-a11a-13d456283ed4,2026-06-01 00:32:00,32,6,2.0,1.161166977169881,0.6652021241833972,0.9028218101331268,1.0,1.0,True,below threshold
4c86e1ab-4090-48ea-a11a-13d456283ed4,2026-06-01 00:33:00,33,6,3.0,1.161166977169881,0.6652021241833972,0.9028218101331268,1.0,1.0,True,below threshold
4c86e1ab-4090-48ea-a11a-13d456283ed4,2026-06-01 00:34:00,34,6,5.0,1.161166977169881,0.6652021241833972,0.9028218101331268,4.0,2.0,True,below threshold
4fd8df72-2ce8-4aa3-bbeb-e37f0086fb27,2026-06-01 00:00:00,0,0,3.0,1.2017889726856752,0.18323724362377236,2.3592955643934017,,,False,missing or insufficient EMA data
4fd8df72-2ce8-4aa3-bbeb-e37f0086fb27,2026-06-01 00:01:00,1,0,2.0,1.2017889726856752,0.18323724362377236,2.3592955643934017,1.0,1.0,True,below threshold
4fd8df72-2ce8-4aa3-bbeb-e37f0086fb27,2026-06-01 00:02:00,2,0,,1.2017889726856752,0.18323724362377236,2.3592955643934017,,1.0,True,below threshold
4fd8df72-2ce8-4aa3-bbeb-e37f0086fb27,2026-06-01 00:03:00,3,0,4.0,1.2017889726856752,0.18323724362377236,2.3592955643934017,,1.0,True,below threshold
4fd8df72-2ce8-4aa3-bbeb-e37f0086fb27,2026-06-01 00:04:00,4,0,3.0,1.2017889726856752,0.18323724362377236,2.3592955643934017,1.0,1.0,True,below threshold
4fd8df72-2ce8-4aa3-bbeb-e37f0086fb27,2026-06-01 00:05:00,5,1,4.0,1.2017889726856752,0.18323724362377236,2.3592955643934017,1.0,1.0,True,below threshold
4fd8df72-2ce8-4aa3-bbeb-e37f0086fb27,2026-06-01 00:06:00,6,1,3.0,1.2017889726856752,0.18323724362377236,2.3592955643934017,1.0,1.0,True,below threshold
4fd8df72-2ce8-4aa3-bbeb-e37f0086fb27,2026-06-01 00:07:00,7,1,2.0,1.2017889726856752,0.18323724362377236,2.3592955643934017,1.0,1.0,True,below threshold
4fd8df72-2ce8-4aa3-bbeb-e37f0086fb27,2026-06-01 00:08:00,8,1,3.0,1.2017889726856752,0.18323724362377236,2.3592955643934017,1.0,1.0,True,below threshold
4fd8df72-2ce8-4aa3-bbeb-e37f0086fb27,2026-06-01 00:09:00,9,1,3.0,1.2017889726856752,0.18323724362377236,2.3592955643934017,0.0,0.6666666666666666,True,below threshold
4fd8df72-2ce8-4aa3-bbeb-e37f0086fb27,2026-06-01 00:10:00,10,2,2.0,1.2017889726856752,0.18323724362377236,2.3592955643934017,1.0,0.6666666666666666,True,prompt sent
4fd8df72-2ce8-4aa3-bbeb-e37f0086fb27,2026-06-01 00:11:00,11,2,4.0,1.2017889726856752,0.18323724362377236,2.3592955643934017,4.0,1.6666666666666667,True,cooldown active
4fd8df72-2ce8-4aa3-bbeb-e37f0086fb27,2026-06-01 00:12:00,12,2,,1.2017889726856752,0.18323724362377236,2.3592955643934017,,2.5,True,cooldown active
4fd8df72-2ce8-4aa3-bbeb-e37f0086fb27,2026-06-01 00:13:00,13,2,1.0,1.2017889726856752,0.18323724362377236,2.3592955643934017,,4.0,True,cooldown active
4fd8df72-2ce8-4aa3-bbeb-e37f0086fb27,2026-06-01 00:14:00,14,2,1.0,1.2017889726856752,0.18323724362377236,2.3592955643934017,0.0,0.0,True,cooldown active
4fd8df72-2ce8-4aa3-bbeb-e37f0086fb27,2026-06-01 00:15:00,15,3,2.0,1.2017889726856752,0.18323724362377236,2.3592955643934017,1.0,0.5,True,below threshold
4fd8df72-2ce8-4aa3-bbeb-e37f0086fb27,2026-06-01 00:16:00,16,3,2.0,1.2017889726856752,0.18323724362377236,2.3592955643934017,0.0,0.3333333333333333,True,missing or insufficient EMA data
4fd8df72-2ce8-4aa3-bbeb-e37f0086fb27,2026-06-01 00:17:00,17,3,1.0,1.2017889726856752,0.18323724362377236,2.3592955643934017,1.0,0.6666666666666666,True,missing or insufficient EMA data
4fd8df72-2ce8-4aa3-bbeb-e37f0086fb27,2026-06-01 00:18:00,18,3,1.0,1.2017889726856752,0.18323724362377236,2.3592955643934017,0.0,0.3333333333333333,True,missing or insufficient EMA data
4fd8df72-2ce8-4aa3-bbeb-e37f0086fb27,2026-06-01 00:19:00,19,3,1.0,1.2017889726856752,0.18323724362377236,2.3592955643934017,0.0,0.3333333333333333,True,below threshold
4fd8df72-2ce8-4aa3-bbeb-e37f0086fb27,2026-06-01 00:20:00,20,4,5.0,1.2017889726856752,0.18323724362377236,2.3592955643934017,16.0,5.333333333333333,True,below threshold
4fd8df72-2ce8-4aa3-bbeb-e37f0086fb27,2026-06-01 00:21:00,21,4,5.0,1.2017889726856752,0.18323724362377236,2.3592955643934017,0.0,5.333333333333333,True,prompt sent
4fd8df72-2ce8-4aa3-bbeb-e37f0086fb27,2026-06-01 00:22:00,22,4,2.0,1.2017889726856752,0.18323724362377236,2.3592955643934017,9.0,8.333333333333334,True,cooldown active
4fd8df72-2ce8-4aa3-bbeb-e37f0086fb27,2026-06-01 00:23:00,23,4,2.0,1.2017889726856752,0.18323724362377236,2.3592955643934017,0.0,3.0,True,cooldown active
4fd8df72-2ce8-4aa3-bbeb-e37f0086fb27,2026-06-01 00:24:00,24,4,1.0,1.2017889726856752,0.18323724362377236,2.3592955643934017,1.0,3.3333333333333335,True,below threshold
4fd8df72-2ce8-4aa3-bbeb-e37f0086fb27,2026-06-01 00:25:00,25,5,1.0,1.2017889726856752,0.18323724362377236,2.3592955643934017,0.0,0.3333333333333333,True,below threshold
4fd8df72-2ce8-4aa3-bbeb-e37f0086fb27,2026-06-01 00:26:00,26,5,,1.2017889726856752,0.18323724362377236,2.3592955643934017,,0.5,True,below threshold
4fd8df72-2ce8-4aa3-bbeb-e37f0086fb27,2026-06-01 00:27:00,27,5,,1.2017889726856752,0.18323724362377236,2.3592955643934017,,0.0,True,below threshold
4fd8df72-2ce8-4aa3-bbeb-e37f0086fb27,2026-06-01 00:28:00,28,5,2.0,1.2017889726856752,0.18323724362377236,2.3592955643934017,,,True,below threshold
4fd8df72-2ce8-4aa3-bbeb-e37f0086fb27,2026-06-01 00:29:00,29,5,1.0,1.2017889726856752,0.18323724362377236,2.3592955643934017,1.0,1.0,True,below threshold
4fd8df72-2ce8-4aa3-bbeb-e37f0086fb27,2026-06-01 00:30:00,30,6,1.0,1.2017889726856752,0.18323724362377236,2.3592955643934017,0.0,0.5,False,below threshold
4fd8df72-2ce8-4aa3-bbeb-e37f0086fb27,2026-06-01 00:31:00,31,6,2.0,1.2017889726856752,0.18323724362377236,2.3592955643934017,1.0,0.6666666666666666,True,below threshold
4fd8df72-2ce8-4aa3-bbeb-e37f0086fb27,2026-06-01 00:32:00,32,6,3.0,1.2017889726856752,0.18323724362377236,2.3592955643934017,1.0,0.6666666666666666,True,below threshold
4fd8df72-2ce8-4aa3-bbeb-e37f0086fb27,2026-06-01 00:33:00,33,6,3.0,1.2017889726856752,0.18323724362377236,2.3592955643934017,0.0,0.6666666666666666,True,below threshold
4fd8df72-2ce8-4aa3-bbeb-e37f0086fb27,2026-06-01 00:34:00,34,6,1.0,1.2017889726856752,0.18323724362377236,2.3592955643934017,4.0,1.6666666666666667,True,below threshold
506458df-c26d-4071-9d3d-86de55974321,2026-06-01 00:00:00,0,0,4.0,0.38886922004288826,0.19277945666598956,0.24413460306305326,,,False,missing or insufficient EMA data
506458df-c26d-4071-9d3d-86de55974321,2026-06-01 00:01:00,1,0,4.0,0.38886922004288826,0.19277945666598956,0.24413460306305326,0.0,0.0,True,below threshold
506458df-c26d-4071-9d3d-86de55974321,2026-06-01 00:02:00,2,0,,0.38886922004288826,0.19277945666598956,0.24413460306305326,,0.0,True,below threshold
506458df-c26d-4071-9d3d-86de55974321,2026-06-01 00:03:00,3,0,,0.38886922004288826,0.19277945666598956,0.24413460306305326,,0.0,True,below threshold
506458df-c26d-4071-9d3d-86de55974321,2026-06-01 00:04:00,4,0,,0.38886922004288826,0.19277945666598956,0.24413460306305326,,,True,below threshold
506458df-c26d-4071-9d3d-86de55974321,2026-06-01 00:05:00,5,1,4.0,0.38886922004288826,0.19277945666598956,0.24413460306305326,,,True,below threshold
506458df-c26d-4071-9d3d-86de55974321,2026-06-01 00:06:00,6,1,4.0,0.38886922004288826,0.19277945666598956,0.24413460306305326,0.0,0.0,True,below threshold
506458df-c26d-4071-9d3d-86de55974321,2026-06-01 00:07:00,7,1,3.0,0.38886922004288826,0.19277945666598956,0.24413460306305326,1.0,0.5,True,below threshold
506458df-c26d-4071-9d3d-86de55974321,2026-06-01 00:08:00,8,1,4.0,0.38886922004288826,0.19277945666598956,0.24413460306305326,1.0,0.6666666666666666,True,below threshold
506458df-c26d-4071-9d3d-86de55974321,2026-06-01 00:09:00,9,1,4.0,0.38886922004288826,0.19277945666598956,0.24413460306305326,0.0,0.6666666666666666,True,below threshold
506458df-c26d-4071-9d3d-86de55974321,2026-06-01 00:10:00,10,2,4.0,0.38886922004288826,0.19277945666598956,0.24413460306305326,0.0,0.3333333333333333,True,prompt sent
506458df-c26d-4071-9d3d-86de55974321,2026-06-01 00:11:00,11,2,4.0,0.38886922004288826,0.19277945666598956,0.24413460306305326,0.0,0.0,True,cooldown active
506458df-c26d-4071-9d3d-86de55974321,2026-06-01 00:12:00,12,2,4.0,0.38886922004288826,0.19277945666598956,0.24413460306305326,0.0,0.0,True,cooldown active
506458df-c26d-4071-9d3d-86de55974321,2026-06-01 00:13:00,13,2,4.0,0.38886922004288826,0.19277945666598956,0.24413460306305326,0.0,0.0,True,cooldown active
506458df-c26d-4071-9d3d-86de55974321,2026-06-01 00:14:00,14,2,4.0,0.38886922004288826,0.19277945666598956,0.24413460306305326,0.0,0.0,True,cooldown active
506458df-c26d-4071-9d3d-86de55974321,2026-06-01 00:15:00,15,3,5.0,0.38886922004288826,0.19277945666598956,0.24413460306305326,1.0,0.3333333333333333,True,below threshold
506458df-c26d-4071-9d3d-86de55974321,2026-06-01 00:16:00,16,3,4.0,0.38886922004288826,0.19277945666598956,0.24413460306305326,1.0,0.6666666666666666,True,missing or insufficient EMA data
506458df-c26d-4071-9d3d-86de55974321,2026-06-01 00:17:00,17,3,4.0,0.38886922004288826,0.19277945666598956,0.24413460306305326,0.0,0.6666666666666666,True,missing or insufficient EMA data
506458df-c26d-4071-9d3d-86de55974321,2026-06-01 00:18:00,18,3,4.0,0.38886922004288826,0.19277945666598956,0.24413460306305326,0.0,0.3333333333333333,True,missing or insufficient EMA data
506458df-c26d-4071-9d3d-86de55974321,2026-06-01 00:19:00,19,3,4.0,0.38886922004288826,0.19277945666598956,0.24413460306305326,0.0,0.0,True,below threshold
506458df-c26d-4071-9d3d-86de55974321,2026-06-01 00:20:00,20,4,4.0,0.38886922004288826,0.19277945666598956,0.24413460306305326,0.0,0.0,True,below threshold
506458df-c26d-4071-9d3d-86de55974321,2026-06-01 00:21:00,21,4,,0.38886922004288826,0.19277945666598956,0.24413460306305326,,0.0,True,prompt sent
506458df-c26d-4071-9d3d-86de55974321,2026-06-01 00:22:00,22,4,,0.38886922004288826,0.19277945666598956,0.24413460306305326,,0.0,True,cooldown active
506458df-c26d-4071-9d3d-86de55974321,2026-06-01 00:23:00,23,4,,0.38886922004288826,0.19277945666598956,0.24413460306305326,,,True,cooldown active
506458df-c26d-4071-9d3d-86de55974321,2026-06-01 00:24:00,24,4,,0.38886922004288826,0.19277945666598956,0.24413460306305326,,,True,below threshold
506458df-c26d-4071-9d3d-86de55974321,2026-06-01 00:25:00,25,5,,0.38886922004288826,0.19277945666598956,0.24413460306305326,,,True,below threshold
506458df-c26d-4071-9d3d-86de55974321,2026-06-01 00:26:00,26,5,,0.38886922004288826,0.19277945666598956,0.24413460306305326,,,True,below threshold
506458df-c26d-4071-9d3d-86de55974321,2026-06-01 00:27:00,27,5,,0.38886922004288826,0.19277945666598956,0.24413460306305326,,,True,below threshold
506458df-c26d-4071-9d3d-86de55974321,2026-06-01 00:28:00,28,5,,0.38886922004288826,0.19277945666598956,0.24413460306305326,,,True,below threshold
506458df-c26d-4071-9d3d-86de55974321,2026-06-01 00:29:00,29,5,4.0,0.38886922004288826,0.19277945666598956,0.24413460306305326,,,True,below threshold
506458df-c26d-4071-9d3d-86de55974321,2026-06-01 00:30:00,30,6,5.0,0.38886922004288826,0.19277945666598956,0.24413460306305326,1.0,1.0,False,below threshold
506458df-c26d-4071-9d3d-86de55974321,2026-06-01 00:31:00,31,6,5.0,0.38886922004288826,0.19277945666598956,0.24413460306305326,0.0,0.5,True,below threshold
506458df-c26d-4071-9d3d-86de55974321,2026-06-01 00:32:00,32,6,,0.38886922004288826,0.19277945666598956,0.24413460306305326,,0.5,True,below threshold
506458df-c26d-4071-9d3d-86de55974321,2026-06-01 00:33:00,33,6,,0.38886922004288826,0.19277945666598956,0.24413460306305326,,0.0,True,below threshold
506458df-c26d-4071-9d3d-86de55974321,2026-06-01 00:34:00,34,6,,0.38886922004288826,0.19277945666598956,0.24413460306305326,,,True,below threshold
54e66c0b-1d78-4ea7-9ad0-11d75bb53925,2026-06-01 00:00:00,0,0,3.0,0.47834380353228456,0.4127574412833983,0.268737221674951,,,False,missing or insufficient EMA data
54e66c0b-1d78-4ea7-9ad0-11d75bb53925,2026-06-01 00:01:00,1,0,3.0,0.47834380353228456,0.4127574412833983,0.268737221674951,0.0,0.0,True,below threshold
54e66c0b-1d78-4ea7-9ad0-11d75bb53925,2026-06-01 00:02:00,2,0,,0.47834380353228456,0.4127574412833983,0.268737221674951,,0.0,True,below threshold
54e66c0b-1d78-4ea7-9ad0-11d75bb53925,2026-06-01 00:03:00,3,0,,0.47834380353228456,0.4127574412833983,0.268737221674951,,0.0,True,below threshold
54e66c0b-1d78-4ea7-9ad0-11d75bb53925,2026-06-01 00:04:00,4,0,,0.47834380353228456,0.4127574412833983,0.268737221674951,,,True,below threshold
54e66c0b-1d78-4ea7-9ad0-11d75bb53925,2026-06-01 00:05:00,5,1,,0.47834380353228456,0.4127574412833983,0.268737221674951,,,True,below threshold
54e66c0b-1d78-4ea7-9ad0-11d75bb53925,2026-06-01 00:06:00,6,1,,0.47834380353228456,0.4127574412833983,0.268737221674951,,,True,below threshold
54e66c0b-1d78-4ea7-9ad0-11d75bb53925,2026-06-01 00:07:00,7,1,,0.47834380353228456,0.4127574412833983,0.268737221674951,,,True,below threshold
54e66c0b-1d78-4ea7-9ad0-11d75bb53925,2026-06-01 00:08:00,8,1,,0.47834380353228456,0.4127574412833983,0.268737221674951,,,True,below threshold
54e66c0b-1d78-4ea7-9ad0-11d75bb53925,2026-06-01 00:09:00,9,1,3.0,0.47834380353228456,0.4127574412833983,0.268737221674951,,,True,below threshold
54e66c0b-1d78-4ea7-9ad0-11d75bb53925,2026-06-01 00:10:00,10,2,3.0,0.47834380353228456,0.4127574412833983,0.268737221674951,0.0,0.0,True,prompt sent
54e66c0b-1d78-4ea7-9ad0-11d75bb53925,2026-06-01 00:11:00,11,2,4.0,0.47834380353228456,0.4127574412833983,0.268737221674951,1.0,0.5,True,cooldown active
54e66c0b-1d78-4ea7-9ad0-11d75bb53925,2026-06-01 00:12:00,12,2,2.0,0.47834380353228456,0.4127574412833983,0.268737221674951,4.0,1.6666666666666667,True,cooldown active
54e66c0b-1d78-4ea7-9ad0-11d75bb53925,2026-06-01 00:13:00,13,2,2.0,0.47834380353228456,0.4127574412833983,0.268737221674951,0.0,1.6666666666666667,True,cooldown active
54e66c0b-1d78-4ea7-9ad0-11d75bb53925,2026-06-01 00:14:00,14,2,4.0,0.47834380353228456,0.4127574412833983,0.268737221674951,4.0,2.6666666666666665,True,cooldown active
54e66c0b-1d78-4ea7-9ad0-11d75bb53925,2026-06-01 00:15:00,15,3,4.0,0.47834380353228456,0.4127574412833983,0.268737221674951,0.0,1.3333333333333333,True,below threshold
54e66c0b-1d78-4ea7-9ad0-11d75bb53925,2026-06-01 00:16:00,16,3,,0.47834380353228456,0.4127574412833983,0.268737221674951,,2.0,True,missing or insufficient EMA data
54e66c0b-1d78-4ea7-9ad0-11d75bb53925,2026-06-01 00:17:00,17,3,,0.47834380353228456,0.4127574412833983,0.268737221674951,,0.0,True,missing or insufficient EMA data
54e66c0b-1d78-4ea7-9ad0-11d75bb53925,2026-06-01 00:18:00,18,3,3.0,0.47834380353228456,0.4127574412833983,0.268737221674951,,,True,missing or insufficient EMA data
54e66c0b-1d78-4ea7-9ad0-11d75bb53925,2026-06-01 00:19:00,19,3,,0.47834380353228456,0.4127574412833983,0.268737221674951,,,True,below threshold
54e66c0b-1d78-4ea7-9ad0-11d75bb53925,2026-06-01 00:20:00,20,4,,0.47834380353228456,0.4127574412833983,0.268737221674951,,,True,below threshold
54e66c0b-1d78-4ea7-9ad0-11d75bb53925,2026-06-01 00:21:00,21,4,4.0,0.47834380353228456,0.4127574412833983,0.268737221674951,,,True,prompt sent
54e66c0b-1d78-4ea7-9ad0-11d75bb53925,2026-06-01 00:22:00,22,4,3.0,0.47834380353228456,0.4127574412833983,0.268737221674951,1.0,1.0,True,cooldown active
54e66c0b-1d78-4ea7-9ad0-11d75bb53925,2026-06-01 00:23:00,23,4,3.0,0.47834380353228456,0.4127574412833983,0.268737221674951,0.0,0.5,True,cooldown active
54e66c0b-1d78-4ea7-9ad0-11d75bb53925,2026-06-01 00:24:00,24,4,3.0,0.47834380353228456,0.4127574412833983,0.268737221674951,0.0,0.3333333333333333,True,below threshold
54e66c0b-1d78-4ea7-9ad0-11d75bb53925,2026-06-01 00:25:00,25,5,2.0,0.47834380353228456,0.4127574412833983,0.268737221674951,1.0,0.3333333333333333,True,below threshold
54e66c0b-1d78-4ea7-9ad0-11d75bb53925,2026-06-01 00:26:00,26,5,2.0,0.47834380353228456,0.4127574412833983,0.268737221674951,0.0,0.3333333333333333,True,below threshold
54e66c0b-1d78-4ea7-9ad0-11d75bb53925,2026-06-01 00:27:00,27,5,2.0,0.47834380353228456,0.4127574412833983,0.268737221674951,0.0,0.3333333333333333,True,below threshold
54e66c0b-1d78-4ea7-9ad0-11d75bb53925,2026-06-01 00:28:00,28,5,2.0,0.47834380353228456,0.4127574412833983,0.268737221674951,0.0,0.0,True,below threshold
54e66c0b-1d78-4ea7-9ad0-11d75bb53925,2026-06-01 00:29:00,29,5,2.0,0.47834380353228456,0.4127574412833983,0.268737221674951,0.0,0.0,True,below threshold
54e66c0b-1d78-4ea7-9ad0-11d75bb53925,2026-06-01 00:30:00,30,6,3.0,0.47834380353228456,0.4127574412833983,0.268737221674951,1.0,0.3333333333333333,False,below threshold
54e66c0b-1d78-4ea7-9ad0-11d75bb53925,2026-06-01 00:31:00,31,6,2.0,0.47834380353228456,0.4127574412833983,0.268737221674951,1.0,0.6666666666666666,True,below threshold
54e66c0b-1d78-4ea7-9ad0-11d75bb53925,2026-06-01 00:32:00,32,6,1.0,0.47834380353228456,0.4127574412833983,0.268737221674951,1.0,1.0,True,below threshold
54e66c0b-1d78-4ea7-9ad0-11d75bb53925,2026-06-01 00:33:00,33,6,2.0,0.47834380353228456,0.4127574412833983,0.268737221674951,1.0,1.0,True,below threshold
54e66c0b-1d78-4ea7-9ad0-11d75bb53925,2026-06-01 00:34:00,34,6,2.0,0.47834380353228456,0.4127574412833983,0.268737221674951,0.0,0.6666666666666666,True,below threshold
5af2eb5b-7f7e-43fb-bd6c-90d6f660c8d6,2026-06-01 00:00:00,0,0,3.0,0.33305714554974736,0.6440069245849067,0.07897853203992153,,,False,missing or insufficient EMA data
5af2eb5b-7f7e-43fb-bd6c-90d6f660c8d6,2026-06-01 00:01:00,1,0,4.0,0.33305714554974736,0.6440069245849067,0.07897853203992153,1.0,1.0,True,below threshold
5af2eb5b-7f7e-43fb-bd6c-90d6f660c8d6,2026-06-01 00:02:00,2,0,4.0,0.33305714554974736,0.6440069245849067,0.07897853203992153,0.0,0.5,True,below threshold
5af2eb5b-7f7e-43fb-bd6c-90d6f660c8d6,2026-06-01 00:03:00,3,0,4.0,0.33305714554974736,0.6440069245849067,0.07897853203992153,0.0,0.3333333333333333,True,below threshold
5af2eb5b-7f7e-43fb-bd6c-90d6f660c8d6,2026-06-01 00:04:00,4,0,4.0,0.33305714554974736,0.6440069245849067,0.07897853203992153,0.0,0.0,True,below threshold
5af2eb5b-7f7e-43fb-bd6c-90d6f660c8d6,2026-06-01 00:05:00,5,1,4.0,0.33305714554974736,0.6440069245849067,0.07897853203992153,0.0,0.0,True,below threshold
5af2eb5b-7f7e-43fb-bd6c-90d6f660c8d6,2026-06-01 00:06:00,6,1,4.0,0.33305714554974736,0.6440069245849067,0.07897853203992153,0.0,0.0,True,below threshold
5af2eb5b-7f7e-43fb-bd6c-90d6f660c8d6,2026-06-01 00:07:00,7,1,4.0,0.33305714554974736,0.6440069245849067,0.07897853203992153,0.0,0.0,True,below threshold
5af2eb5b-7f7e-43fb-bd6c-90d6f660c8d6,2026-06-01 00:08:00,8,1,4.0,0.33305714554974736,0.6440069245849067,0.07897853203992153,0.0,0.0,True,below threshold
5af2eb5b-7f7e-43fb-bd6c-90d6f660c8d6,2026-06-01 00:09:00,9,1,4.0,0.33305714554974736,0.6440069245849067,0.07897853203992153,0.0,0.0,True,below threshold
5af2eb5b-7f7e-43fb-bd6c-90d6f660c8d6,2026-06-01 00:10:00,10,2,4.0,0.33305714554974736,0.6440069245849067,0.07897853203992153,0.0,0.0,True,prompt sent
5af2eb5b-7f7e-43fb-bd6c-90d6f660c8d6,2026-06-01 00:11:00,11,2,4.0,0.33305714554974736,0.6440069245849067,0.07897853203992153,0.0,0.0,True,cooldown active
5af2eb5b-7f7e-43fb-bd6c-90d6f660c8d6,2026-06-01 00:12:00,12,2,4.0,0.33305714554974736,0.6440069245849067,0.07897853203992153,0.0,0.0,True,cooldown active
5af2eb5b-7f7e-43fb-bd6c-90d6f660c8d6,2026-06-01 00:13:00,13,2,,0.33305714554974736,0.6440069245849067,0.07897853203992153,,0.0,True,cooldown active
5af2eb5b-7f7e-43fb-bd6c-90d6f660c8d6,2026-06-01 00:14:00,14,2,4.0,0.33305714554974736,0.6440069245849067,0.07897853203992153,,0.0,True,cooldown active
5af2eb5b-7f7e-43fb-bd6c-90d6f660c8d6,2026-06-01 00:15:00,15,3,,0.33305714554974736,0.6440069245849067,0.07897853203992153,,,True,below threshold
5af2eb5b-7f7e-43fb-bd6c-90d6f660c8d6,2026-06-01 00:16:00,16,3,,0.33305714554974736,0.6440069245849067,0.07897853203992153,,,True,missing or insufficient EMA data
5af2eb5b-7f7e-43fb-bd6c-90d6f660c8d6,2026-06-01 00:17:00,17,3,,0.33305714554974736,0.6440069245849067,0.07897853203992153,,,True,missing or insufficient EMA data
5af2eb5b-7f7e-43fb-bd6c-90d6f660c8d6,2026-06-01 00:18:00,18,3,,0.33305714554974736,0.6440069245849067,0.07897853203992153,,,True,missing or insufficient EMA data
5af2eb5b-7f7e-43fb-bd6c-90d6f660c8d6,2026-06-01 00:19:00,19,3,,0.33305714554974736,0.6440069245849067,0.07897853203992153,,,True,below threshold
5af2eb5b-7f7e-43fb-bd6c-90d6f660c8d6,2026-06-01 00:20:00,20,4,,0.33305714554974736,0.6440069245849067,0.07897853203992153,,,True,below threshold
5af2eb5b-7f7e-43fb-bd6c-90d6f660c8d6,2026-06-01 00:21:00,21,4,,0.33305714554974736,0.6440069245849067,0.07897853203992153,,,True,prompt sent
5af2eb5b-7f7e-43fb-bd6c-90d6f660c8d6,2026-06-01 00:22:00,22,4,3.0,0.33305714554974736,0.6440069245849067,0.07897853203992153,,,True,cooldown active
5af2eb5b-7f7e-43fb-bd6c-90d6f660c8d6,2026-06-01 00:23:00,23,4,3.0,0.33305714554974736,0.6440069245849067,0.07897853203992153,0.0,0.0,True,cooldown active
5af2eb5b-7f7e-43fb-bd6c-90d6f660c8d6,2026-06-01 00:24:00,24,4,3.0,0.33305714554974736,0.6440069245849067,0.07897853203992153,0.0,0.0,True,below threshold
5af2eb5b-7f7e-43fb-bd6c-90d6f660c8d6,2026-06-01 00:25:00,25,5,3.0,0.33305714554974736,0.6440069245849067,0.07897853203992153,0.0,0.0,True,below threshold
5af2eb5b-7f7e-43fb-bd6c-90d6f660c8d6,2026-06-01 00:26:00,26,5,,0.33305714554974736,0.6440069245849067,0.07897853203992153,,0.0,True,below threshold
5af2eb5b-7f7e-43fb-bd6c-90d6f660c8d6,2026-06-01 00:27:00,27,5,,0.33305714554974736,0.6440069245849067,0.07897853203992153,,0.0,True,below threshold
5af2eb5b-7f7e-43fb-bd6c-90d6f660c8d6,2026-06-01 00:28:00,28,5,4.0,0.33305714554974736,0.6440069245849067,0.07897853203992153,,,True,below threshold
5af2eb5b-7f7e-43fb-bd6c-90d6f660c8d6,2026-06-01 00:29:00,29,5,,0.33305714554974736,0.6440069245849067,0.07897853203992153,,,True,below threshold
5af2eb5b-7f7e-43fb-bd6c-90d6f660c8d6,2026-06-01 00:30:00,30,6,4.0,0.33305714554974736,0.6440069245849067,0.07897853203992153,,,False,below threshold
5af2eb5b-7f7e-43fb-bd6c-90d6f660c8d6,2026-06-01 00:31:00,31,6,4.0,0.33305714554974736,0.6440069245849067,0.07897853203992153,0.0,0.0,True,below threshold
5af2eb5b-7f7e-43fb-bd6c-90d6f660c8d6,2026-06-01 00:32:00,32,6,4.0,0.33305714554974736,0.6440069245849067,0.07897853203992153,0.0,0.0,True,below threshold
5af2eb5b-7f7e-43fb-bd6c-90d6f660c8d6,2026-06-01 00:33:00,33,6,4.0,0.33305714554974736,0.6440069245849067,0.07897853203992153,0.0,0.0,True,below threshold
5af2eb5b-7f7e-43fb-bd6c-90d6f660c8d6,2026-06-01 00:34:00,34,6,4.0,0.33305714554974736,0.6440069245849067,0.07897853203992153,0.0,0.0,True,below threshold
5bd10a06-fea9-4315-b211-16a4f40f9dae,2026-06-01 00:00:00,0,0,3.0,0.6249105015813603,0.5969332880969128,0.3148056905480848,,,False,missing or insufficient EMA data
5bd10a06-fea9-4315-b211-16a4f40f9dae,2026-06-01 00:01:00,1,0,2.0,0.6249105015813603,0.5969332880969128,0.3148056905480848,1.0,1.0,True,below threshold
5bd10a06-fea9-4315-b211-16a4f40f9dae,2026-06-01 00:02:00,2,0,3.0,0.6249105015813603,0.5969332880969128,0.3148056905480848,1.0,1.0,True,below threshold
5bd10a06-fea9-4315-b211-16a4f40f9dae,2026-06-01 00:03:00,3,0,,0.6249105015813603,0.5969332880969128,0.3148056905480848,,1.0,True,below threshold
5bd10a06-fea9-4315-b211-16a4f40f9dae,2026-06-01 00:04:00,4,0,,0.6249105015813603,0.5969332880969128,0.3148056905480848,,1.0,True,below threshold
5bd10a06-fea9-4315-b211-16a4f40f9dae,2026-06-01 00:05:00,5,1,,0.6249105015813603,0.5969332880969128,0.3148056905480848,,,True,below threshold
5bd10a06-fea9-4315-b211-16a4f40f9dae,2026-06-01 00:06:00,6,1,1.0,0.6249105015813603,0.5969332880969128,0.3148056905480848,,,True,below threshold
5bd10a06-fea9-4315-b211-16a4f40f9dae,2026-06-01 00:07:00,7,1,2.0,0.6249105015813603,0.5969332880969128,0.3148056905480848,1.0,1.0,True,below threshold
5bd10a06-fea9-4315-b211-16a4f40f9dae,2026-06-01 00:08:00,8,1,2.0,0.6249105015813603,0.5969332880969128,0.3148056905480848,0.0,0.5,True,below threshold
5bd10a06-fea9-4315-b211-16a4f40f9dae,2026-06-01 00:09:00,9,1,2.0,0.6249105015813603,0.5969332880969128,0.3148056905480848,0.0,0.3333333333333333,True,below threshold
5bd10a06-fea9-4315-b211-16a4f40f9dae,2026-06-01 00:10:00,10,2,2.0,0.6249105015813603,0.5969332880969128,0.3148056905480848,0.0,0.0,True,prompt sent
5bd10a06-fea9-4315-b211-16a4f40f9dae,2026-06-01 00:11:00,11,2,2.0,0.6249105015813603,0.5969332880969128,0.3148056905480848,0.0,0.0,True,cooldown active
5bd10a06-fea9-4315-b211-16a4f40f9dae,2026-06-01 00:12:00,12,2,2.0,0.6249105015813603,0.5969332880969128,0.3148056905480848,0.0,0.0,True,cooldown active
5bd10a06-fea9-4315-b211-16a4f40f9dae,2026-06-01 00:13:00,13,2,2.0,0.6249105015813603,0.5969332880969128,0.3148056905480848,0.0,0.0,True,cooldown active
5bd10a06-fea9-4315-b211-16a4f40f9dae,2026-06-01 00:14:00,14,2,2.0,0.6249105015813603,0.5969332880969128,0.3148056905480848,0.0,0.0,True,cooldown active
5bd10a06-fea9-4315-b211-16a4f40f9dae,2026-06-01 00:15:00,15,3,3.0,0.6249105015813603,0.5969332880969128,0.3148056905480848,1.0,0.3333333333333333,True,below threshold
5bd10a06-fea9-4315-b211-16a4f40f9dae,2026-06-01 00:16:00,16,3,3.0,0.6249105015813603,0.5969332880969128,0.3148056905480848,0.0,0.3333333333333333,True,missing or insufficient EMA data
5bd10a06-fea9-4315-b211-16a4f40f9dae,2026-06-01 00:17:00,17,3,3.0,0.6249105015813603,0.5969332880969128,0.3148056905480848,0.0,0.3333333333333333,True,missing or insufficient EMA data
5bd10a06-fea9-4315-b211-16a4f40f9dae,2026-06-01 00:18:00,18,3,2.0,0.6249105015813603,0.5969332880969128,0.3148056905480848,1.0,0.3333333333333333,True,missing or insufficient EMA data
5bd10a06-fea9-4315-b211-16a4f40f9dae,2026-06-01 00:19:00,19,3,3.0,0.6249105015813603,0.5969332880969128,0.3148056905480848,1.0,0.6666666666666666,True,below threshold
5bd10a06-fea9-4315-b211-16a4f40f9dae,2026-06-01 00:20:00,20,4,2.0,0.6249105015813603,0.5969332880969128,0.3148056905480848,1.0,1.0,True,below threshold
5bd10a06-fea9-4315-b211-16a4f40f9dae,2026-06-01 00:21:00,21,4,3.0,0.6249105015813603,0.5969332880969128,0.3148056905480848,1.0,1.0,True,prompt sent
5bd10a06-fea9-4315-b211-16a4f40f9dae,2026-06-01 00:22:00,22,4,3.0,0.6249105015813603,0.5969332880969128,0.3148056905480848,0.0,0.6666666666666666,True,cooldown active
5bd10a06-fea9-4315-b211-16a4f40f9dae,2026-06-01 00:23:00,23,4,3.0,0.6249105015813603,0.5969332880969128,0.3148056905480848,0.0,0.3333333333333333,True,cooldown active
5bd10a06-fea9-4315-b211-16a4f40f9dae,2026-06-01 00:24:00,24,4,3.0,0.6249105015813603,0.5969332880969128,0.3148056905480848,0.0,0.0,True,below threshold
5bd10a06-fea9-4315-b211-16a4f40f9dae,2026-06-01 00:25:00,25,5,4.0,0.6249105015813603,0.5969332880969128,0.3148056905480848,1.0,0.3333333333333333,True,below threshold
5bd10a06-fea9-4315-b211-16a4f40f9dae,2026-06-01 00:26:00,26,5,4.0,0.6249105015813603,0.5969332880969128,0.3148056905480848,0.0,0.3333333333333333,True,below threshold
5bd10a06-fea9-4315-b211-16a4f40f9dae,2026-06-01 00:27:00,27,5,3.0,0.6249105015813603,0.5969332880969128,0.3148056905480848,1.0,0.6666666666666666,True,below threshold
5bd10a06-fea9-4315-b211-16a4f40f9dae,2026-06-01 00:28:00,28,5,3.0,0.6249105015813603,0.5969332880969128,0.3148056905480848,0.0,0.3333333333333333,True,below threshold
5bd10a06-fea9-4315-b211-16a4f40f9dae,2026-06-01 00:29:00,29,5,,0.6249105015813603,0.5969332880969128,0.3148056905480848,,0.5,True,below threshold
5bd10a06-fea9-4315-b211-16a4f40f9dae,2026-06-01 00:30:00,30,6,,0.6249105015813603,0.5969332880969128,0.3148056905480848,,0.0,False,below threshold
5bd10a06-fea9-4315-b211-16a4f40f9dae,2026-06-01 00:31:00,31,6,3.0,0.6249105015813603,0.5969332880969128,0.3148056905480848,,,True,below threshold
5bd10a06-fea9-4315-b211-16a4f40f9dae,2026-06-01 00:32:00,32,6,3.0,0.6249105015813603,0.5969332880969128,0.3148056905480848,0.0,0.0,True,below threshold
5bd10a06-fea9-4315-b211-16a4f40f9dae,2026-06-01 00:33:00,33,6,3.0,0.6249105015813603,0.5969332880969128,0.3148056905480848,0.0,0.0,True,below threshold
5bd10a06-fea9-4315-b211-16a4f40f9dae,2026-06-01 00:34:00,34,6,2.0,0.6249105015813603,0.5969332880969128,0.3148056905480848,1.0,0.3333333333333333,True,below threshold
63103a02-d165-4c7c-b7c4-61a7ed3b0009,2026-06-01 00:00:00,0,0,1.0,0.5816067185539129,0.37527509408046666,0.4226468586790093,,,False,missing or insufficient EMA data
63103a02-d165-4c7c-b7c4-61a7ed3b0009,2026-06-01 00:01:00,1,0,1.0,0.5816067185539129,0.37527509408046666,0.4226468586790093,0.0,0.0,True,below threshold
63103a02-d165-4c7c-b7c4-61a7ed3b0009,2026-06-01 00:02:00,2,0,1.0,0.5816067185539129,0.37527509408046666,0.4226468586790093,0.0,0.0,True,below threshold
63103a02-d165-4c7c-b7c4-61a7ed3b0009,2026-06-01 00:03:00,3,0,2.0,0.5816067185539129,0.37527509408046666,0.4226468586790093,1.0,0.3333333333333333,True,below threshold
63103a02-d165-4c7c-b7c4-61a7ed3b0009,2026-06-01 00:04:00,4,0,3.0,0.5816067185539129,0.37527509408046666,0.4226468586790093,1.0,0.6666666666666666,True,below threshold
63103a02-d165-4c7c-b7c4-61a7ed3b0009,2026-06-01 00:05:00,5,1,3.0,0.5816067185539129,0.37527509408046666,0.4226468586790093,0.0,0.6666666666666666,True,below threshold
63103a02-d165-4c7c-b7c4-61a7ed3b0009,2026-06-01 00:06:00,6,1,4.0,0.5816067185539129,0.37527509408046666,0.4226468586790093,1.0,0.6666666666666666,True,below threshold
63103a02-d165-4c7c-b7c4-61a7ed3b0009,2026-06-01 00:07:00,7,1,2.0,0.5816067185539129,0.37527509408046666,0.4226468586790093,4.0,1.6666666666666667,True,below threshold
63103a02-d165-4c7c-b7c4-61a7ed3b0009,2026-06-01 00:08:00,8,1,3.0,0.5816067185539129,0.37527509408046666,0.4226468586790093,1.0,2.0,True,below threshold
63103a02-d165-4c7c-b7c4-61a7ed3b0009,2026-06-01 00:09:00,9,1,3.0,0.5816067185539129,0.37527509408046666,0.4226468586790093,0.0,1.6666666666666667,True,below threshold
63103a02-d165-4c7c-b7c4-61a7ed3b0009,2026-06-01 00:10:00,10,2,2.0,0.5816067185539129,0.37527509408046666,0.4226468586790093,1.0,0.6666666666666666,True,prompt sent
63103a02-d165-4c7c-b7c4-61a7ed3b0009,2026-06-01 00:11:00,11,2,,0.5816067185539129,0.37527509408046666,0.4226468586790093,,0.5,True,cooldown active
63103a02-d165-4c7c-b7c4-61a7ed3b0009,2026-06-01 00:12:00,12,2,,0.5816067185539129,0.37527509408046666,0.4226468586790093,,1.0,True,cooldown active
63103a02-d165-4c7c-b7c4-61a7ed3b0009,2026-06-01 00:13:00,13,2,,0.5816067185539129,0.37527509408046666,0.4226468586790093,,,True,cooldown active
63103a02-d165-4c7c-b7c4-61a7ed3b0009,2026-06-01 00:14:00,14,2,,0.5816067185539129,0.37527509408046666,0.4226468586790093,,,True,cooldown active
63103a02-d165-4c7c-b7c4-61a7ed3b0009,2026-06-01 00:15:00,15,3,,0.5816067185539129,0.37527509408046666,0.4226468586790093,,,True,below threshold
63103a02-d165-4c7c-b7c4-61a7ed3b0009,2026-06-01 00:16:00,16,3,,0.5816067185539129,0.37527509408046666,0.4226468586790093,,,True,missing or insufficient EMA data
63103a02-d165-4c7c-b7c4-61a7ed3b0009,2026-06-01 00:17:00,17,3,,0.5816067185539129,0.37527509408046666,0.4226468586790093,,,True,missing or insufficient EMA data
63103a02-d165-4c7c-b7c4-61a7ed3b0009,2026-06-01 00:18:00,18,3,,0.5816067185539129,0.37527509408046666,0.4226468586790093,,,True,missing or insufficient EMA data
63103a02-d165-4c7c-b7c4-61a7ed3b0009,2026-06-01 00:19:00,19,3,,0.5816067185539129,0.37527509408046666,0.4226468586790093,,,True,below threshold
63103a02-d165-4c7c-b7c4-61a7ed3b0009,2026-06-01 00:20:00,20,4,2.0,0.5816067185539129,0.37527509408046666,0.4226468586790093,,,True,below threshold
63103a02-d165-4c7c-b7c4-61a7ed3b0009,2026-06-01 00:21:00,21,4,3.0,0.5816067185539129,0.37527509408046666,0.4226468586790093,1.0,1.0,True,prompt sent
63103a02-d165-4c7c-b7c4-61a7ed3b0009,2026-06-01 00:22:00,22,4,3.0,0.5816067185539129,0.37527509408046666,0.4226468586790093,0.0,0.5,True,cooldown active
63103a02-d165-4c7c-b7c4-61a7ed3b0009,2026-06-01 00:23:00,23,4,2.0,0.5816067185539129,0.37527509408046666,0.4226468586790093,1.0,0.6666666666666666,True,cooldown active
63103a02-d165-4c7c-b7c4-61a7ed3b0009,2026-06-01 00:24:00,24,4,2.0,0.5816067185539129,0.37527509408046666,0.4226468586790093,0.0,0.3333333333333333,True,below threshold
63103a02-d165-4c7c-b7c4-61a7ed3b0009,2026-06-01 00:25:00,25,5,2.0,0.5816067185539129,0.37527509408046666,0.4226468586790093,0.0,0.3333333333333333,True,below threshold
63103a02-d165-4c7c-b7c4-61a7ed3b0009,2026-06-01 00:26:00,26,5,4.0,0.5816067185539129,0.37527509408046666,0.4226468586790093,4.0,1.3333333333333333,True,below threshold
63103a02-d165-4c7c-b7c4-61a7ed3b0009,2026-06-01 00:27:00,27,5,3.0,0.5816067185539129,0.37527509408046666,0.4226468586790093,1.0,1.6666666666666667,True,below threshold
63103a02-d165-4c7c-b7c4-61a7ed3b0009,2026-06-01 00:28:00,28,5,4.0,0.5816067185539129,0.37527509408046666,0.4226468586790093,1.0,2.0,True,below threshold
63103a02-d165-4c7c-b7c4-61a7ed3b0009,2026-06-01 00:29:00,29,5,3.0,0.5816067185539129,0.37527509408046666,0.4226468586790093,1.0,1.0,True,below threshold
63103a02-d165-4c7c-b7c4-61a7ed3b0009,2026-06-01 00:30:00,30,6,3.0,0.5816067185539129,0.37527509408046666,0.4226468586790093,0.0,0.6666666666666666,False,below threshold
63103a02-d165-4c7c-b7c4-61a7ed3b0009,2026-06-01 00:31:00,31,6,2.0,0.5816067185539129,0.37527509408046666,0.4226468586790093,1.0,0.6666666666666666,True,below threshold
63103a02-d165-4c7c-b7c4-61a7ed3b0009,2026-06-01 00:32:00,32,6,2.0,0.5816067185539129,0.37527509408046666,0.4226468586790093,0.0,0.3333333333333333,True,below threshold
63103a02-d165-4c7c-b7c4-61a7ed3b0009,2026-06-01 00:33:00,33,6,3.0,0.5816067185539129,0.37527509408046666,0.4226468586790093,1.0,0.6666666666666666,True,below threshold
63103a02-d165-4c7c-b7c4-61a7ed3b0009,2026-06-01 00:34:00,34,6,3.0,0.5816067185539129,0.37527509408046666,0.4226468586790093,0.0,0.3333333333333333,True,below threshold
678747ca-38f8-4d4d-b847-b796f7a87812,2026-06-01 00:00:00,0,0,,1.2474698448007868,0.1047010489143696,2.786494458507224,,,False,missing or insufficient EMA data
678747ca-38f8-4d4d-b847-b796f7a87812,2026-06-01 00:01:00,1,0,,1.2474698448007868,0.1047010489143696,2.786494458507224,,,True,below threshold
678747ca-38f8-4d4d-b847-b796f7a87812,2026-06-01 00:02:00,2,0,,1.2474698448007868,0.1047010489143696,2.786494458507224,,,True,below threshold
678747ca-38f8-4d4d-b847-b796f7a87812,2026-06-01 00:03:00,3,0,,1.2474698448007868,0.1047010489143696,2.786494458507224,,,True,below threshold
678747ca-38f8-4d4d-b847-b796f7a87812,2026-06-01 00:04:00,4,0,,1.2474698448007868,0.1047010489143696,2.786494458507224,,,True,below threshold
678747ca-38f8-4d4d-b847-b796f7a87812,2026-06-01 00:05:00,5,1,,1.2474698448007868,0.1047010489143696,2.786494458507224,,,True,below threshold
678747ca-38f8-4d4d-b847-b796f7a87812,2026-06-01 00:06:00,6,1,,1.2474698448007868,0.1047010489143696,2.786494458507224,,,True,below threshold
678747ca-38f8-4d4d-b847-b796f7a87812,2026-06-01 00:07:00,7,1,2.0,1.2474698448007868,0.1047010489143696,2.786494458507224,,,True,below threshold
678747ca-38f8-4d4d-b847-b796f7a87812,2026-06-01 00:08:00,8,1,1.0,1.2474698448007868,0.1047010489143696,2.786494458507224,1.0,1.0,True,below threshold
678747ca-38f8-4d4d-b847-b796f7a87812,2026-06-01 00:09:00,9,1,3.0,1.2474698448007868,0.1047010489143696,2.786494458507224,4.0,2.5,True,below threshold
678747ca-38f8-4d4d-b847-b796f7a87812,2026-06-01 00:10:00,10,2,4.0,1.2474698448007868,0.1047010489143696,2.786494458507224,1.0,2.0,True,prompt sent
678747ca-38f8-4d4d-b847-b796f7a87812,2026-06-01 00:11:00,11,2,2.0,1.2474698448007868,0.1047010489143696,2.786494458507224,4.0,3.0,True,cooldown active
678747ca-38f8-4d4d-b847-b796f7a87812,2026-06-01 00:12:00,12,2,2.0,1.2474698448007868,0.1047010489143696,2.786494458507224,0.0,1.6666666666666667,True,cooldown active
678747ca-38f8-4d4d-b847-b796f7a87812,2026-06-01 00:13:00,13,2,1.0,1.2474698448007868,0.1047010489143696,2.786494458507224,1.0,1.6666666666666667,True,cooldown active
678747ca-38f8-4d4d-b847-b796f7a87812,2026-06-01 00:14:00,14,2,2.0,1.2474698448007868,0.1047010489143696,2.786494458507224,1.0,0.6666666666666666,True,cooldown active
678747ca-38f8-4d4d-b847-b796f7a87812,2026-06-01 00:15:00,15,3,3.0,1.2474698448007868,0.1047010489143696,2.786494458507224,1.0,1.0,True,below threshold
678747ca-38f8-4d4d-b847-b796f7a87812,2026-06-01 00:16:00,16,3,4.0,1.2474698448007868,0.1047010489143696,2.786494458507224,1.0,1.0,True,missing or insufficient EMA data
678747ca-38f8-4d4d-b847-b796f7a87812,2026-06-01 00:17:00,17,3,2.0,1.2474698448007868,0.1047010489143696,2.786494458507224,4.0,2.0,True,missing or insufficient EMA data
678747ca-38f8-4d4d-b847-b796f7a87812,2026-06-01 00:18:00,18,3,4.0,1.2474698448007868,0.1047010489143696,2.786494458507224,4.0,3.0,True,missing or insufficient EMA data
678747ca-38f8-4d4d-b847-b796f7a87812,2026-06-01 00:19:00,19,3,1.0,1.2474698448007868,0.1047010489143696,2.786494458507224,9.0,5.666666666666667,True,below threshold
678747ca-38f8-4d4d-b847-b796f7a87812,2026-06-01 00:20:00,20,4,1.0,1.2474698448007868,0.1047010489143696,2.786494458507224,0.0,4.333333333333333,True,below threshold
678747ca-38f8-4d4d-b847-b796f7a87812,2026-06-01 00:21:00,21,4,4.0,1.2474698448007868,0.1047010489143696,2.786494458507224,9.0,6.0,True,prompt sent
678747ca-38f8-4d4d-b847-b796f7a87812,2026-06-01 00:22:00,22,4,5.0,1.2474698448007868,0.1047010489143696,2.786494458507224,1.0,3.3333333333333335,True,cooldown active
678747ca-38f8-4d4d-b847-b796f7a87812,2026-06-01 00:23:00,23,4,4.0,1.2474698448007868,0.1047010489143696,2.786494458507224,1.0,3.6666666666666665,True,cooldown active
678747ca-38f8-4d4d-b847-b796f7a87812,2026-06-01 00:24:00,24,4,3.0,1.2474698448007868,0.1047010489143696,2.786494458507224,1.0,1.0,True,below threshold
678747ca-38f8-4d4d-b847-b796f7a87812,2026-06-01 00:25:00,25,5,1.0,1.2474698448007868,0.1047010489143696,2.786494458507224,4.0,2.0,True,below threshold
678747ca-38f8-4d4d-b847-b796f7a87812,2026-06-01 00:26:00,26,5,1.0,1.2474698448007868,0.1047010489143696,2.786494458507224,0.0,1.6666666666666667,True,below threshold
678747ca-38f8-4d4d-b847-b796f7a87812,2026-06-01 00:27:00,27,5,3.0,1.2474698448007868,0.1047010489143696,2.786494458507224,4.0,2.6666666666666665,True,below threshold
678747ca-38f8-4d4d-b847-b796f7a87812,2026-06-01 00:28:00,28,5,,1.2474698448007868,0.1047010489143696,2.786494458507224,,2.0,True,below threshold
678747ca-38f8-4d4d-b847-b796f7a87812,2026-06-01 00:29:00,29,5,1.0,1.2474698448007868,0.1047010489143696,2.786494458507224,,4.0,True,below threshold
678747ca-38f8-4d4d-b847-b796f7a87812,2026-06-01 00:30:00,30,6,3.0,1.2474698448007868,0.1047010489143696,2.786494458507224,4.0,4.0,False,below threshold
678747ca-38f8-4d4d-b847-b796f7a87812,2026-06-01 00:31:00,31,6,3.0,1.2474698448007868,0.1047010489143696,2.786494458507224,0.0,2.0,True,below threshold
678747ca-38f8-4d4d-b847-b796f7a87812,2026-06-01 00:32:00,32,6,4.0,1.2474698448007868,0.1047010489143696,2.786494458507224,1.0,1.6666666666666667,True,below threshold
678747ca-38f8-4d4d-b847-b796f7a87812,2026-06-01 00:33:00,33,6,3.0,1.2474698448007868,0.1047010489143696,2.786494458507224,1.0,0.6666666666666666,True,below threshold
678747ca-38f8-4d4d-b847-b796f7a87812,2026-06-01 00:34:00,34,6,4.0,1.2474698448007868,0.1047010489143696,2.786494458507224,1.0,1.0,True,below threshold
681c9341-c693-44ed-a464-928aeb7577c5,2026-06-01 00:00:00,0,0,4.0,0.7340216100265802,0.48439840381990584,0.5555996209788565,,,False,missing or insufficient EMA data
681c9341-c693-44ed-a464-928aeb7577c5,2026-06-01 00:01:00,1,0,4.0,0.7340216100265802,0.48439840381990584,0.5555996209788565,0.0,0.0,True,below threshold
681c9341-c693-44ed-a464-928aeb7577c5,2026-06-01 00:02:00,2,0,4.0,0.7340216100265802,0.48439840381990584,0.5555996209788565,0.0,0.0,True,below threshold
681c9341-c693-44ed-a464-928aeb7577c5,2026-06-01 00:03:00,3,0,3.0,0.7340216100265802,0.48439840381990584,0.5555996209788565,1.0,0.3333333333333333,True,below threshold
681c9341-c693-44ed-a464-928aeb7577c5,2026-06-01 00:04:00,4,0,3.0,0.7340216100265802,0.48439840381990584,0.5555996209788565,0.0,0.3333333333333333,True,below threshold
681c9341-c693-44ed-a464-928aeb7577c5,2026-06-01 00:05:00,5,1,5.0,0.7340216100265802,0.48439840381990584,0.5555996209788565,4.0,1.6666666666666667,True,below threshold
681c9341-c693-44ed-a464-928aeb7577c5,2026-06-01 00:06:00,6,1,5.0,0.7340216100265802,0.48439840381990584,0.5555996209788565,0.0,1.3333333333333333,True,below threshold
681c9341-c693-44ed-a464-928aeb7577c5,2026-06-01 00:07:00,7,1,5.0,0.7340216100265802,0.48439840381990584,0.5555996209788565,0.0,1.3333333333333333,True,below threshold
681c9341-c693-44ed-a464-928aeb7577c5,2026-06-01 00:08:00,8,1,5.0,0.7340216100265802,0.48439840381990584,0.5555996209788565,0.0,0.0,True,below threshold
681c9341-c693-44ed-a464-928aeb7577c5,2026-06-01 00:09:00,9,1,4.0,0.7340216100265802,0.48439840381990584,0.5555996209788565,1.0,0.3333333333333333,True,below threshold
681c9341-c693-44ed-a464-928aeb7577c5,2026-06-01 00:10:00,10,2,4.0,0.7340216100265802,0.48439840381990584,0.5555996209788565,0.0,0.3333333333333333,True,prompt sent
681c9341-c693-44ed-a464-928aeb7577c5,2026-06-01 00:11:00,11,2,,0.7340216100265802,0.48439840381990584,0.5555996209788565,,0.5,True,cooldown active
681c9341-c693-44ed-a464-928aeb7577c5,2026-06-01 00:12:00,12,2,4.0,0.7340216100265802,0.48439840381990584,0.5555996209788565,,0.0,True,cooldown active
681c9341-c693-44ed-a464-928aeb7577c5,2026-06-01 00:13:00,13,2,4.0,0.7340216100265802,0.48439840381990584,0.5555996209788565,0.0,0.0,True,cooldown active
681c9341-c693-44ed-a464-928aeb7577c5,2026-06-01 00:14:00,14,2,4.0,0.7340216100265802,0.48439840381990584,0.5555996209788565,0.0,0.0,True,cooldown active
681c9341-c693-44ed-a464-928aeb7577c5,2026-06-01 00:15:00,15,3,4.0,0.7340216100265802,0.48439840381990584,0.5555996209788565,0.0,0.0,True,below threshold
681c9341-c693-44ed-a464-928aeb7577c5,2026-06-01 00:16:00,16,3,4.0,0.7340216100265802,0.48439840381990584,0.5555996209788565,0.0,0.0,True,missing or insufficient EMA data
681c9341-c693-44ed-a464-928aeb7577c5,2026-06-01 00:17:00,17,3,4.0,0.7340216100265802,0.48439840381990584,0.5555996209788565,0.0,0.0,True,missing or insufficient EMA data
681c9341-c693-44ed-a464-928aeb7577c5,2026-06-01 00:18:00,18,3,4.0,0.7340216100265802,0.48439840381990584,0.5555996209788565,0.0,0.0,True,missing or insufficient EMA data
681c9341-c693-44ed-a464-928aeb7577c5,2026-06-01 00:19:00,19,3,3.0,0.7340216100265802,0.48439840381990584,0.5555996209788565,1.0,0.3333333333333333,True,below threshold
681c9341-c693-44ed-a464-928aeb7577c5,2026-06-01 00:20:00,20,4,4.0,0.7340216100265802,0.48439840381990584,0.5555996209788565,1.0,0.6666666666666666,True,below threshold
681c9341-c693-44ed-a464-928aeb7577c5,2026-06-01 00:21:00,21,4,5.0,0.7340216100265802,0.48439840381990584,0.5555996209788565,1.0,1.0,True,prompt sent
681c9341-c693-44ed-a464-928aeb7577c5,2026-06-01 00:22:00,22,4,5.0,0.7340216100265802,0.48439840381990584,0.5555996209788565,0.0,0.6666666666666666,True,cooldown active
681c9341-c693-44ed-a464-928aeb7577c5,2026-06-01 00:23:00,23,4,3.0,0.7340216100265802,0.48439840381990584,0.5555996209788565,4.0,1.6666666666666667,True,cooldown active
681c9341-c693-44ed-a464-928aeb7577c5,2026-06-01 00:24:00,24,4,3.0,0.7340216100265802,0.48439840381990584,0.5555996209788565,0.0,1.3333333333333333,True,below threshold
681c9341-c693-44ed-a464-928aeb7577c5,2026-06-01 00:25:00,25,5,4.0,0.7340216100265802,0.48439840381990584,0.5555996209788565,1.0,1.6666666666666667,True,below threshold
681c9341-c693-44ed-a464-928aeb7577c5,2026-06-01 00:26:00,26,5,5.0,0.7340216100265802,0.48439840381990584,0.5555996209788565,1.0,0.6666666666666666,True,below threshold
681c9341-c693-44ed-a464-928aeb7577c5,2026-06-01 00:27:00,27,5,3.0,0.7340216100265802,0.48439840381990584,0.5555996209788565,4.0,2.0,True,below threshold
681c9341-c693-44ed-a464-928aeb7577c5,2026-06-01 00:28:00,28,5,3.0,0.7340216100265802,0.48439840381990584,0.5555996209788565,0.0,1.6666666666666667,True,below threshold
681c9341-c693-44ed-a464-928aeb7577c5,2026-06-01 00:29:00,29,5,4.0,0.7340216100265802,0.48439840381990584,0.5555996209788565,1.0,1.6666666666666667,True,below threshold
681c9341-c693-44ed-a464-928aeb7577c5,2026-06-01 00:30:00,30,6,4.0,0.7340216100265802,0.48439840381990584,0.5555996209788565,0.0,0.3333333333333333,False,below threshold
681c9341-c693-44ed-a464-928aeb7577c5,2026-06-01 00:31:00,31,6,4.0,0.7340216100265802,0.48439840381990584,0.5555996209788565,0.0,0.3333333333333333,True,below threshold
681c9341-c693-44ed-a464-928aeb7577c5,2026-06-01 00:32:00,32,6,3.0,0.7340216100265802,0.48439840381990584,0.5555996209788565,1.0,0.3333333333333333,True,below threshold
681c9341-c693-44ed-a464-928aeb7577c5,2026-06-01 00:33:00,33,6,4.0,0.7340216100265802,0.48439840381990584,0.5555996209788565,1.0,0.6666666666666666,True,below threshold
681c9341-c693-44ed-a464-928aeb7577c5,2026-06-01 00:34:00,34,6,4.0,0.7340216100265802,0.48439840381990584,0.5555996209788565,0.0,0.6666666666666666,True,below threshold
6892fc7b-f2b0-4383-bf3e-7c0ecd07f208,2026-06-01 00:00:00,0,0,5.0,1.3146239254538732,0.6046427330550735,1.36654137488522,,,False,missing or insufficient EMA data
6892fc7b-f2b0-4383-bf3e-7c0ecd07f208,2026-06-01 00:01:00,1,0,5.0,1.3146239254538732,0.6046427330550735,1.36654137488522,0.0,0.0,True,below threshold
6892fc7b-f2b0-4383-bf3e-7c0ecd07f208,2026-06-01 00:02:00,2,0,5.0,1.3146239254538732,0.6046427330550735,1.36654137488522,0.0,0.0,True,below threshold
6892fc7b-f2b0-4383-bf3e-7c0ecd07f208,2026-06-01 00:03:00,3,0,,1.3146239254538732,0.6046427330550735,1.36654137488522,,0.0,True,below threshold
6892fc7b-f2b0-4383-bf3e-7c0ecd07f208,2026-06-01 00:04:00,4,0,,1.3146239254538732,0.6046427330550735,1.36654137488522,,0.0,True,below threshold
6892fc7b-f2b0-4383-bf3e-7c0ecd07f208,2026-06-01 00:05:00,5,1,,1.3146239254538732,0.6046427330550735,1.36654137488522,,,True,below threshold
6892fc7b-f2b0-4383-bf3e-7c0ecd07f208,2026-06-01 00:06:00,6,1,,1.3146239254538732,0.6046427330550735,1.36654137488522,,,True,below threshold
6892fc7b-f2b0-4383-bf3e-7c0ecd07f208,2026-06-01 00:07:00,7,1,5.0,1.3146239254538732,0.6046427330550735,1.36654137488522,,,True,below threshold
6892fc7b-f2b0-4383-bf3e-7c0ecd07f208,2026-06-01 00:08:00,8,1,5.0,1.3146239254538732,0.6046427330550735,1.36654137488522,0.0,0.0,True,below threshold
6892fc7b-f2b0-4383-bf3e-7c0ecd07f208,2026-06-01 00:09:00,9,1,5.0,1.3146239254538732,0.6046427330550735,1.36654137488522,0.0,0.0,True,below threshold
6892fc7b-f2b0-4383-bf3e-7c0ecd07f208,2026-06-01 00:10:00,10,2,5.0,1.3146239254538732,0.6046427330550735,1.36654137488522,0.0,0.0,True,prompt sent
6892fc7b-f2b0-4383-bf3e-7c0ecd07f208,2026-06-01 00:11:00,11,2,4.0,1.3146239254538732,0.6046427330550735,1.36654137488522,1.0,0.3333333333333333,True,cooldown active
6892fc7b-f2b0-4383-bf3e-7c0ecd07f208,2026-06-01 00:12:00,12,2,3.0,1.3146239254538732,0.6046427330550735,1.36654137488522,1.0,0.6666666666666666,True,cooldown active
6892fc7b-f2b0-4383-bf3e-7c0ecd07f208,2026-06-01 00:13:00,13,2,1.0,1.3146239254538732,0.6046427330550735,1.36654137488522,4.0,2.0,True,cooldown active
6892fc7b-f2b0-4383-bf3e-7c0ecd07f208,2026-06-01 00:14:00,14,2,2.0,1.3146239254538732,0.6046427330550735,1.36654137488522,1.0,2.0,True,cooldown active
6892fc7b-f2b0-4383-bf3e-7c0ecd07f208,2026-06-01 00:15:00,15,3,4.0,1.3146239254538732,0.6046427330550735,1.36654137488522,4.0,3.0,True,below threshold
6892fc7b-f2b0-4383-bf3e-7c0ecd07f208,2026-06-01 00:16:00,16,3,4.0,1.3146239254538732,0.6046427330550735,1.36654137488522,0.0,1.6666666666666667,True,missing or insufficient EMA data
6892fc7b-f2b0-4383-bf3e-7c0ecd07f208,2026-06-01 00:17:00,17,3,4.0,1.3146239254538732,0.6046427330550735,1.36654137488522,0.0,1.3333333333333333,True,missing or insufficient EMA data
6892fc7b-f2b0-4383-bf3e-7c0ecd07f208,2026-06-01 00:18:00,18,3,3.0,1.3146239254538732,0.6046427330550735,1.36654137488522,1.0,0.3333333333333333,True,missing or insufficient EMA data
6892fc7b-f2b0-4383-bf3e-7c0ecd07f208,2026-06-01 00:19:00,19,3,3.0,1.3146239254538732,0.6046427330550735,1.36654137488522,0.0,0.3333333333333333,True,below threshold
6892fc7b-f2b0-4383-bf3e-7c0ecd07f208,2026-06-01 00:20:00,20,4,4.0,1.3146239254538732,0.6046427330550735,1.36654137488522,1.0,0.6666666666666666,True,below threshold
6892fc7b-f2b0-4383-bf3e-7c0ecd07f208,2026-06-01 00:21:00,21,4,4.0,1.3146239254538732,0.6046427330550735,1.36654137488522,0.0,0.3333333333333333,True,prompt sent
6892fc7b-f2b0-4383-bf3e-7c0ecd07f208,2026-06-01 00:22:00,22,4,4.0,1.3146239254538732,0.6046427330550735,1.36654137488522,0.0,0.3333333333333333,True,cooldown active
6892fc7b-f2b0-4383-bf3e-7c0ecd07f208,2026-06-01 00:23:00,23,4,3.0,1.3146239254538732,0.6046427330550735,1.36654137488522,1.0,0.3333333333333333,True,cooldown active
6892fc7b-f2b0-4383-bf3e-7c0ecd07f208,2026-06-01 00:24:00,24,4,4.0,1.3146239254538732,0.6046427330550735,1.36654137488522,1.0,0.6666666666666666,True,below threshold
6892fc7b-f2b0-4383-bf3e-7c0ecd07f208,2026-06-01 00:25:00,25,5,1.0,1.3146239254538732,0.6046427330550735,1.36654137488522,9.0,3.6666666666666665,True,below threshold
6892fc7b-f2b0-4383-bf3e-7c0ecd07f208,2026-06-01 00:26:00,26,5,2.0,1.3146239254538732,0.6046427330550735,1.36654137488522,1.0,3.6666666666666665,True,below threshold
6892fc7b-f2b0-4383-bf3e-7c0ecd07f208,2026-06-01 00:27:00,27,5,,1.3146239254538732,0.6046427330550735,1.36654137488522,,5.0,True,below threshold
6892fc7b-f2b0-4383-bf3e-7c0ecd07f208,2026-06-01 00:28:00,28,5,3.0,1.3146239254538732,0.6046427330550735,1.36654137488522,,1.0,True,below threshold
6892fc7b-f2b0-4383-bf3e-7c0ecd07f208,2026-06-01 00:29:00,29,5,3.0,1.3146239254538732,0.6046427330550735,1.36654137488522,0.0,0.0,True,below threshold
6892fc7b-f2b0-4383-bf3e-7c0ecd07f208,2026-06-01 00:30:00,30,6,3.0,1.3146239254538732,0.6046427330550735,1.36654137488522,0.0,0.0,False,below threshold
6892fc7b-f2b0-4383-bf3e-7c0ecd07f208,2026-06-01 00:31:00,31,6,3.0,1.3146239254538732,0.6046427330550735,1.36654137488522,0.0,0.0,True,below threshold
6892fc7b-f2b0-4383-bf3e-7c0ecd07f208,2026-06-01 00:32:00,32,6,4.0,1.3146239254538732,0.6046427330550735,1.36654137488522,1.0,0.3333333333333333,True,below threshold
6892fc7b-f2b0-4383-bf3e-7c0ecd07f208,2026-06-01 00:33:00,33,6,4.0,1.3146239254538732,0.6046427330550735,1.36654137488522,0.0,0.3333333333333333,True,below threshold
6892fc7b-f2b0-4383-bf3e-7c0ecd07f208,2026-06-01 00:34:00,34,6,4.0,1.3146239254538732,0.6046427330550735,1.36654137488522,0.0,0.3333333333333333,True,below threshold
698537f5-9356-4d34-9e69-3e396f81f84f,2026-06-01 00:00:00,0,0,3.0,0.43884500077131533,0.37304381310957047,0.24148463262658615,,,False,missing or insufficient EMA data
698537f5-9356-4d34-9e69-3e396f81f84f,2026-06-01 00:01:00,1,0,3.0,0.43884500077131533,0.37304381310957047,0.24148463262658615,0.0,0.0,True,below threshold
698537f5-9356-4d34-9e69-3e396f81f84f,2026-06-01 00:02:00,2,0,3.0,0.43884500077131533,0.37304381310957047,0.24148463262658615,0.0,0.0,True,below threshold
698537f5-9356-4d34-9e69-3e396f81f84f,2026-06-01 00:03:00,3,0,4.0,0.43884500077131533,0.37304381310957047,0.24148463262658615,1.0,0.3333333333333333,True,below threshold
698537f5-9356-4d34-9e69-3e396f81f84f,2026-06-01 00:04:00,4,0,5.0,0.43884500077131533,0.37304381310957047,0.24148463262658615,1.0,0.6666666666666666,True,below threshold
698537f5-9356-4d34-9e69-3e396f81f84f,2026-06-01 00:05:00,5,1,4.0,0.43884500077131533,0.37304381310957047,0.24148463262658615,1.0,1.0,True,below threshold
698537f5-9356-4d34-9e69-3e396f81f84f,2026-06-01 00:06:00,6,1,4.0,0.43884500077131533,0.37304381310957047,0.24148463262658615,0.0,0.6666666666666666,True,below threshold
698537f5-9356-4d34-9e69-3e396f81f84f,2026-06-01 00:07:00,7,1,4.0,0.43884500077131533,0.37304381310957047,0.24148463262658615,0.0,0.3333333333333333,True,below threshold
698537f5-9356-4d34-9e69-3e396f81f84f,2026-06-01 00:08:00,8,1,4.0,0.43884500077131533,0.37304381310957047,0.24148463262658615,0.0,0.0,True,below threshold
698537f5-9356-4d34-9e69-3e396f81f84f,2026-06-01 00:09:00,9,1,4.0,0.43884500077131533,0.37304381310957047,0.24148463262658615,0.0,0.0,True,below threshold
698537f5-9356-4d34-9e69-3e396f81f84f,2026-06-01 00:10:00,10,2,4.0,0.43884500077131533,0.37304381310957047,0.24148463262658615,0.0,0.0,True,prompt sent
698537f5-9356-4d34-9e69-3e396f81f84f,2026-06-01 00:11:00,11,2,,0.43884500077131533,0.37304381310957047,0.24148463262658615,,0.0,True,cooldown active
698537f5-9356-4d34-9e69-3e396f81f84f,2026-06-01 00:12:00,12,2,3.0,0.43884500077131533,0.37304381310957047,0.24148463262658615,,0.0,True,cooldown active
698537f5-9356-4d34-9e69-3e396f81f84f,2026-06-01 00:13:00,13,2,,0.43884500077131533,0.37304381310957047,0.24148463262658615,,,True,cooldown active
698537f5-9356-4d34-9e69-3e396f81f84f,2026-06-01 00:14:00,14,2,,0.43884500077131533,0.37304381310957047,0.24148463262658615,,,True,cooldown active
698537f5-9356-4d34-9e69-3e396f81f84f,2026-06-01 00:15:00,15,3,,0.43884500077131533,0.37304381310957047,0.24148463262658615,,,True,below threshold
698537f5-9356-4d34-9e69-3e396f81f84f,2026-06-01 00:16:00,16,3,3.0,0.43884500077131533,0.37304381310957047,0.24148463262658615,,,True,missing or insufficient EMA data
698537f5-9356-4d34-9e69-3e396f81f84f,2026-06-01 00:17:00,17,3,3.0,0.43884500077131533,0.37304381310957047,0.24148463262658615,0.0,0.0,True,missing or insufficient EMA data
698537f5-9356-4d34-9e69-3e396f81f84f,2026-06-01 00:18:00,18,3,3.0,0.43884500077131533,0.37304381310957047,0.24148463262658615,0.0,0.0,True,missing or insufficient EMA data
698537f5-9356-4d34-9e69-3e396f81f84f,2026-06-01 00:19:00,19,3,4.0,0.43884500077131533,0.37304381310957047,0.24148463262658615,1.0,0.3333333333333333,True,below threshold
698537f5-9356-4d34-9e69-3e396f81f84f,2026-06-01 00:20:00,20,4,4.0,0.43884500077131533,0.37304381310957047,0.24148463262658615,0.0,0.3333333333333333,True,below threshold
698537f5-9356-4d34-9e69-3e396f81f84f,2026-06-01 00:21:00,21,4,3.0,0.43884500077131533,0.37304381310957047,0.24148463262658615,1.0,0.6666666666666666,True,prompt sent
698537f5-9356-4d34-9e69-3e396f81f84f,2026-06-01 00:22:00,22,4,4.0,0.43884500077131533,0.37304381310957047,0.24148463262658615,1.0,0.6666666666666666,True,cooldown active
698537f5-9356-4d34-9e69-3e396f81f84f,2026-06-01 00:23:00,23,4,4.0,0.43884500077131533,0.37304381310957047,0.24148463262658615,0.0,0.6666666666666666,True,cooldown active
698537f5-9356-4d34-9e69-3e396f81f84f,2026-06-01 00:24:00,24,4,4.0,0.43884500077131533,0.37304381310957047,0.24148463262658615,0.0,0.3333333333333333,True,below threshold
698537f5-9356-4d34-9e69-3e396f81f84f,2026-06-01 00:25:00,25,5,4.0,0.43884500077131533,0.37304381310957047,0.24148463262658615,0.0,0.0,True,below threshold
698537f5-9356-4d34-9e69-3e396f81f84f,2026-06-01 00:26:00,26,5,4.0,0.43884500077131533,0.37304381310957047,0.24148463262658615,0.0,0.0,True,below threshold
698537f5-9356-4d34-9e69-3e396f81f84f,2026-06-01 00:27:00,27,5,4.0,0.43884500077131533,0.37304381310957047,0.24148463262658615,0.0,0.0,True,below threshold
698537f5-9356-4d34-9e69-3e396f81f84f,2026-06-01 00:28:00,28,5,4.0,0.43884500077131533,0.37304381310957047,0.24148463262658615,0.0,0.0,True,below threshold
698537f5-9356-4d34-9e69-3e396f81f84f,2026-06-01 00:29:00,29,5,4.0,0.43884500077131533,0.37304381310957047,0.24148463262658615,0.0,0.0,True,below threshold
698537f5-9356-4d34-9e69-3e396f81f84f,2026-06-01 00:30:00,30,6,4.0,0.43884500077131533,0.37304381310957047,0.24148463262658615,0.0,0.0,False,below threshold
698537f5-9356-4d34-9e69-3e396f81f84f,2026-06-01 00:31:00,31,6,3.0,0.43884500077131533,0.37304381310957047,0.24148463262658615,1.0,0.3333333333333333,True,below threshold
698537f5-9356-4d34-9e69-3e396f81f84f,2026-06-01 00:32:00,32,6,4.0,0.43884500077131533,0.37304381310957047,0.24148463262658615,1.0,0.6666666666666666,True,below threshold
698537f5-9356-4d34-9e69-3e396f81f84f,2026-06-01 00:33:00,33,6,3.0,0.43884500077131533,0.37304381310957047,0.24148463262658615,1.0,1.0,True,below threshold
698537f5-9356-4d34-9e69-3e396f81f84f,2026-06-01 00:34:00,34,6,3.0,0.43884500077131533,0.37304381310957047,0.24148463262658615,0.0,0.6666666666666666,True,below threshold
6df7375a-2e57-4dd1-ab2a-80311242a624,2026-06-01 00:00:00,0,0,2.0,0.9579279814298263,0.39837094222603975,1.1041409527226052,,,False,missing or insufficient EMA data
6df7375a-2e57-4dd1-ab2a-80311242a624,2026-06-01 00:01:00,1,0,4.0,0.9579279814298263,0.39837094222603975,1.1041409527226052,4.0,4.0,True,below threshold
6df7375a-2e57-4dd1-ab2a-80311242a624,2026-06-01 00:02:00,2,0,3.0,0.9579279814298263,0.39837094222603975,1.1041409527226052,1.0,2.5,True,below threshold
6df7375a-2e57-4dd1-ab2a-80311242a624,2026-06-01 00:03:00,3,0,,0.9579279814298263,0.39837094222603975,1.1041409527226052,,2.5,True,below threshold
6df7375a-2e57-4dd1-ab2a-80311242a624,2026-06-01 00:04:00,4,0,,0.9579279814298263,0.39837094222603975,1.1041409527226052,,1.0,True,below threshold
6df7375a-2e57-4dd1-ab2a-80311242a624,2026-06-01 00:05:00,5,1,,0.9579279814298263,0.39837094222603975,1.1041409527226052,,,True,below threshold
6df7375a-2e57-4dd1-ab2a-80311242a624,2026-06-01 00:06:00,6,1,3.0,0.9579279814298263,0.39837094222603975,1.1041409527226052,,,True,below threshold
6df7375a-2e57-4dd1-ab2a-80311242a624,2026-06-01 00:07:00,7,1,4.0,0.9579279814298263,0.39837094222603975,1.1041409527226052,1.0,1.0,True,below threshold
6df7375a-2e57-4dd1-ab2a-80311242a624,2026-06-01 00:08:00,8,1,3.0,0.9579279814298263,0.39837094222603975,1.1041409527226052,1.0,1.0,True,below threshold
6df7375a-2e57-4dd1-ab2a-80311242a624,2026-06-01 00:09:00,9,1,3.0,0.9579279814298263,0.39837094222603975,1.1041409527226052,0.0,0.6666666666666666,True,below threshold
6df7375a-2e57-4dd1-ab2a-80311242a624,2026-06-01 00:10:00,10,2,3.0,0.9579279814298263,0.39837094222603975,1.1041409527226052,0.0,0.3333333333333333,True,prompt sent
6df7375a-2e57-4dd1-ab2a-80311242a624,2026-06-01 00:11:00,11,2,2.0,0.9579279814298263,0.39837094222603975,1.1041409527226052,1.0,0.3333333333333333,True,cooldown active
6df7375a-2e57-4dd1-ab2a-80311242a624,2026-06-01 00:12:00,12,2,3.0,0.9579279814298263,0.39837094222603975,1.1041409527226052,1.0,0.6666666666666666,True,cooldown active
6df7375a-2e57-4dd1-ab2a-80311242a624,2026-06-01 00:13:00,13,2,5.0,0.9579279814298263,0.39837094222603975,1.1041409527226052,4.0,2.0,True,cooldown active
6df7375a-2e57-4dd1-ab2a-80311242a624,2026-06-01 00:14:00,14,2,3.0,0.9579279814298263,0.39837094222603975,1.1041409527226052,4.0,3.0,True,cooldown active
6df7375a-2e57-4dd1-ab2a-80311242a624,2026-06-01 00:15:00,15,3,3.0,0.9579279814298263,0.39837094222603975,1.1041409527226052,0.0,2.6666666666666665,True,below threshold
6df7375a-2e57-4dd1-ab2a-80311242a624,2026-06-01 00:16:00,16,3,4.0,0.9579279814298263,0.39837094222603975,1.1041409527226052,1.0,1.6666666666666667,True,missing or insufficient EMA data
6df7375a-2e57-4dd1-ab2a-80311242a624,2026-06-01 00:17:00,17,3,4.0,0.9579279814298263,0.39837094222603975,1.1041409527226052,0.0,0.3333333333333333,True,missing or insufficient EMA data
6df7375a-2e57-4dd1-ab2a-80311242a624,2026-06-01 00:18:00,18,3,3.0,0.9579279814298263,0.39837094222603975,1.1041409527226052,1.0,0.6666666666666666,True,missing or insufficient EMA data
6df7375a-2e57-4dd1-ab2a-80311242a624,2026-06-01 00:19:00,19,3,1.0,0.9579279814298263,0.39837094222603975,1.1041409527226052,4.0,1.6666666666666667,True,below threshold
6df7375a-2e57-4dd1-ab2a-80311242a624,2026-06-01 00:20:00,20,4,2.0,0.9579279814298263,0.39837094222603975,1.1041409527226052,1.0,2.0,True,below threshold
6df7375a-2e57-4dd1-ab2a-80311242a624,2026-06-01 00:21:00,21,4,1.0,0.9579279814298263,0.39837094222603975,1.1041409527226052,1.0,2.0,True,prompt sent
6df7375a-2e57-4dd1-ab2a-80311242a624,2026-06-01 00:22:00,22,4,3.0,0.9579279814298263,0.39837094222603975,1.1041409527226052,4.0,2.0,True,cooldown active
6df7375a-2e57-4dd1-ab2a-80311242a624,2026-06-01 00:23:00,23,4,3.0,0.9579279814298263,0.39837094222603975,1.1041409527226052,0.0,1.6666666666666667,True,cooldown active
6df7375a-2e57-4dd1-ab2a-80311242a624,2026-06-01 00:24:00,24,4,3.0,0.9579279814298263,0.39837094222603975,1.1041409527226052,0.0,1.3333333333333333,True,below threshold
6df7375a-2e57-4dd1-ab2a-80311242a624,2026-06-01 00:25:00,25,5,2.0,0.9579279814298263,0.39837094222603975,1.1041409527226052,1.0,0.3333333333333333,True,below threshold
6df7375a-2e57-4dd1-ab2a-80311242a624,2026-06-01 00:26:00,26,5,1.0,0.9579279814298263,0.39837094222603975,1.1041409527226052,1.0,0.6666666666666666,True,below threshold
6df7375a-2e57-4dd1-ab2a-80311242a624,2026-06-01 00:27:00,27,5,2.0,0.9579279814298263,0.39837094222603975,1.1041409527226052,1.0,1.0,True,below threshold
6df7375a-2e57-4dd1-ab2a-80311242a624,2026-06-01 00:28:00,28,5,,0.9579279814298263,0.39837094222603975,1.1041409527226052,,1.0,True,below threshold
6df7375a-2e57-4dd1-ab2a-80311242a624,2026-06-01 00:29:00,29,5,,0.9579279814298263,0.39837094222603975,1.1041409527226052,,1.0,True,below threshold
6df7375a-2e57-4dd1-ab2a-80311242a624,2026-06-01 00:30:00,30,6,2.0,0.9579279814298263,0.39837094222603975,1.1041409527226052,,,False,below threshold
6df7375a-2e57-4dd1-ab2a-80311242a624,2026-06-01 00:31:00,31,6,5.0,0.9579279814298263,0.39837094222603975,1.1041409527226052,9.0,9.0,True,below threshold
6df7375a-2e57-4dd1-ab2a-80311242a624,2026-06-01 00:32:00,32,6,4.0,0.9579279814298263,0.39837094222603975,1.1041409527226052,1.0,5.0,True,below threshold
6df7375a-2e57-4dd1-ab2a-80311242a624,2026-06-01 00:33:00,33,6,4.0,0.9579279814298263,0.39837094222603975,1.1041409527226052,0.0,3.3333333333333335,True,below threshold
6df7375a-2e57-4dd1-ab2a-80311242a624,2026-06-01 00:34:00,34,6,4.0,0.9579279814298263,0.39837094222603975,1.1041409527226052,0.0,0.3333333333333333,True,below threshold
757b3f84-b267-40e4-b702-c7cbdb2aa041,2026-06-01 00:00:00,0,0,2.0,0.30111132807768587,0.4316374262821009,0.1030646319254988,,,False,missing or insufficient EMA data
757b3f84-b267-40e4-b702-c7cbdb2aa041,2026-06-01 00:01:00,1,0,2.0,0.30111132807768587,0.4316374262821009,0.1030646319254988,0.0,0.0,True,below threshold
757b3f84-b267-40e4-b702-c7cbdb2aa041,2026-06-01 00:02:00,2,0,2.0,0.30111132807768587,0.4316374262821009,0.1030646319254988,0.0,0.0,True,below threshold
757b3f84-b267-40e4-b702-c7cbdb2aa041,2026-06-01 00:03:00,3,0,2.0,0.30111132807768587,0.4316374262821009,0.1030646319254988,0.0,0.0,True,below threshold
757b3f84-b267-40e4-b702-c7cbdb2aa041,2026-06-01 00:04:00,4,0,3.0,0.30111132807768587,0.4316374262821009,0.1030646319254988,1.0,0.3333333333333333,True,below threshold
757b3f84-b267-40e4-b702-c7cbdb2aa041,2026-06-01 00:05:00,5,1,3.0,0.30111132807768587,0.4316374262821009,0.1030646319254988,0.0,0.3333333333333333,True,below threshold
757b3f84-b267-40e4-b702-c7cbdb2aa041,2026-06-01 00:06:00,6,1,2.0,0.30111132807768587,0.4316374262821009,0.1030646319254988,1.0,0.6666666666666666,True,below threshold
757b3f84-b267-40e4-b702-c7cbdb2aa041,2026-06-01 00:07:00,7,1,2.0,0.30111132807768587,0.4316374262821009,0.1030646319254988,0.0,0.3333333333333333,True,below threshold
757b3f84-b267-40e4-b702-c7cbdb2aa041,2026-06-01 00:08:00,8,1,2.0,0.30111132807768587,0.4316374262821009,0.1030646319254988,0.0,0.3333333333333333,True,below threshold
757b3f84-b267-40e4-b702-c7cbdb2aa041,2026-06-01 00:09:00,9,1,2.0,0.30111132807768587,0.4316374262821009,0.1030646319254988,0.0,0.0,True,below threshold
757b3f84-b267-40e4-b702-c7cbdb2aa041,2026-06-01 00:10:00,10,2,2.0,0.30111132807768587,0.4316374262821009,0.1030646319254988,0.0,0.0,True,prompt sent
757b3f84-b267-40e4-b702-c7cbdb2aa041,2026-06-01 00:11:00,11,2,2.0,0.30111132807768587,0.4316374262821009,0.1030646319254988,0.0,0.0,True,cooldown active
757b3f84-b267-40e4-b702-c7cbdb2aa041,2026-06-01 00:12:00,12,2,2.0,0.30111132807768587,0.4316374262821009,0.1030646319254988,0.0,0.0,True,cooldown active
757b3f84-b267-40e4-b702-c7cbdb2aa041,2026-06-01 00:13:00,13,2,2.0,0.30111132807768587,0.4316374262821009,0.1030646319254988,0.0,0.0,True,cooldown active
757b3f84-b267-40e4-b702-c7cbdb2aa041,2026-06-01 00:14:00,14,2,3.0,0.30111132807768587,0.4316374262821009,0.1030646319254988,1.0,0.3333333333333333,True,cooldown active
757b3f84-b267-40e4-b702-c7cbdb2aa041,2026-06-01 00:15:00,15,3,2.0,0.30111132807768587,0.4316374262821009,0.1030646319254988,1.0,0.6666666666666666,True,below threshold
757b3f84-b267-40e4-b702-c7cbdb2aa041,2026-06-01 00:16:00,16,3,2.0,0.30111132807768587,0.4316374262821009,0.1030646319254988,0.0,0.6666666666666666,True,missing or insufficient EMA data
757b3f84-b267-40e4-b702-c7cbdb2aa041,2026-06-01 00:17:00,17,3,2.0,0.30111132807768587,0.4316374262821009,0.1030646319254988,0.0,0.3333333333333333,True,missing or insufficient EMA data
757b3f84-b267-40e4-b702-c7cbdb2aa041,2026-06-01 00:18:00,18,3,3.0,0.30111132807768587,0.4316374262821009,0.1030646319254988,1.0,0.3333333333333333,True,missing or insufficient EMA data
757b3f84-b267-40e4-b702-c7cbdb2aa041,2026-06-01 00:19:00,19,3,3.0,0.30111132807768587,0.4316374262821009,0.1030646319254988,0.0,0.3333333333333333,True,below threshold
757b3f84-b267-40e4-b702-c7cbdb2aa041,2026-06-01 00:20:00,20,4,3.0,0.30111132807768587,0.4316374262821009,0.1030646319254988,0.0,0.3333333333333333,True,below threshold
757b3f84-b267-40e4-b702-c7cbdb2aa041,2026-06-01 00:21:00,21,4,3.0,0.30111132807768587,0.4316374262821009,0.1030646319254988,0.0,0.0,True,prompt sent
757b3f84-b267-40e4-b702-c7cbdb2aa041,2026-06-01 00:22:00,22,4,3.0,0.30111132807768587,0.4316374262821009,0.1030646319254988,0.0,0.0,True,cooldown active
757b3f84-b267-40e4-b702-c7cbdb2aa041,2026-06-01 00:23:00,23,4,2.0,0.30111132807768587,0.4316374262821009,0.1030646319254988,1.0,0.3333333333333333,True,cooldown active
757b3f84-b267-40e4-b702-c7cbdb2aa041,2026-06-01 00:24:00,24,4,2.0,0.30111132807768587,0.4316374262821009,0.1030646319254988,0.0,0.3333333333333333,True,below threshold
757b3f84-b267-40e4-b702-c7cbdb2aa041,2026-06-01 00:25:00,25,5,2.0,0.30111132807768587,0.4316374262821009,0.1030646319254988,0.0,0.3333333333333333,True,below threshold
757b3f84-b267-40e4-b702-c7cbdb2aa041,2026-06-01 00:26:00,26,5,2.0,0.30111132807768587,0.4316374262821009,0.1030646319254988,0.0,0.0,True,below threshold
757b3f84-b267-40e4-b702-c7cbdb2aa041,2026-06-01 00:27:00,27,5,2.0,0.30111132807768587,0.4316374262821009,0.1030646319254988,0.0,0.0,True,below threshold
757b3f84-b267-40e4-b702-c7cbdb2aa041,2026-06-01 00:28:00,28,5,3.0,0.30111132807768587,0.4316374262821009,0.1030646319254988,1.0,0.3333333333333333,True,below threshold
757b3f84-b267-40e4-b702-c7cbdb2aa041,2026-06-01 00:29:00,29,5,2.0,0.30111132807768587,0.4316374262821009,0.1030646319254988,1.0,0.6666666666666666,True,below threshold
757b3f84-b267-40e4-b702-c7cbdb2aa041,2026-06-01 00:30:00,30,6,2.0,0.30111132807768587,0.4316374262821009,0.1030646319254988,0.0,0.6666666666666666,False,below threshold
757b3f84-b267-40e4-b702-c7cbdb2aa041,2026-06-01 00:31:00,31,6,2.0,0.30111132807768587,0.4316374262821009,0.1030646319254988,0.0,0.3333333333333333,True,below threshold
757b3f84-b267-40e4-b702-c7cbdb2aa041,2026-06-01 00:32:00,32,6,2.0,0.30111132807768587,0.4316374262821009,0.1030646319254988,0.0,0.0,True,below threshold
757b3f84-b267-40e4-b702-c7cbdb2aa041,2026-06-01 00:33:00,33,6,3.0,0.30111132807768587,0.4316374262821009,0.1030646319254988,1.0,0.3333333333333333,True,below threshold
757b3f84-b267-40e4-b702-c7cbdb2aa041,2026-06-01 00:34:00,34,6,2.0,0.30111132807768587,0.4316374262821009,0.1030646319254988,1.0,0.6666666666666666,True,below threshold
7d2a9983-a6ad-461a-8e52-3565406dcfae,2026-06-01 00:00:00,0,0,3.0,0.3385789053634202,0.49898803251582313,0.11486769030866315,,,False,missing or insufficient EMA data
7d2a9983-a6ad-461a-8e52-3565406dcfae,2026-06-01 00:01:00,1,0,3.0,0.3385789053634202,0.49898803251582313,0.11486769030866315,0.0,0.0,True,below threshold
7d2a9983-a6ad-461a-8e52-3565406dcfae,2026-06-01 00:02:00,2,0,3.0,0.3385789053634202,0.49898803251582313,0.11486769030866315,0.0,0.0,True,below threshold
7d2a9983-a6ad-461a-8e52-3565406dcfae,2026-06-01 00:03:00,3,0,3.0,0.3385789053634202,0.49898803251582313,0.11486769030866315,0.0,0.0,True,below threshold
7d2a9983-a6ad-461a-8e52-3565406dcfae,2026-06-01 00:04:00,4,0,4.0,0.3385789053634202,0.49898803251582313,0.11486769030866315,1.0,0.3333333333333333,True,below threshold
7d2a9983-a6ad-461a-8e52-3565406dcfae,2026-06-01 00:05:00,5,1,3.0,0.3385789053634202,0.49898803251582313,0.11486769030866315,1.0,0.6666666666666666,True,below threshold
7d2a9983-a6ad-461a-8e52-3565406dcfae,2026-06-01 00:06:00,6,1,3.0,0.3385789053634202,0.49898803251582313,0.11486769030866315,0.0,0.6666666666666666,True,below threshold
7d2a9983-a6ad-461a-8e52-3565406dcfae,2026-06-01 00:07:00,7,1,3.0,0.3385789053634202,0.49898803251582313,0.11486769030866315,0.0,0.3333333333333333,True,below threshold
7d2a9983-a6ad-461a-8e52-3565406dcfae,2026-06-01 00:08:00,8,1,3.0,0.3385789053634202,0.49898803251582313,0.11486769030866315,0.0,0.0,True,below threshold
7d2a9983-a6ad-461a-8e52-3565406dcfae,2026-06-01 00:09:00,9,1,3.0,0.3385789053634202,0.49898803251582313,0.11486769030866315,0.0,0.0,True,below threshold
7d2a9983-a6ad-461a-8e52-3565406dcfae,2026-06-01 00:10:00,10,2,3.0,0.3385789053634202,0.49898803251582313,0.11486769030866315,0.0,0.0,True,prompt sent
7d2a9983-a6ad-461a-8e52-3565406dcfae,2026-06-01 00:11:00,11,2,3.0,0.3385789053634202,0.49898803251582313,0.11486769030866315,0.0,0.0,True,cooldown active
7d2a9983-a6ad-461a-8e52-3565406dcfae,2026-06-01 00:12:00,12,2,4.0,0.3385789053634202,0.49898803251582313,0.11486769030866315,1.0,0.3333333333333333,True,cooldown active
7d2a9983-a6ad-461a-8e52-3565406dcfae,2026-06-01 00:13:00,13,2,3.0,0.3385789053634202,0.49898803251582313,0.11486769030866315,1.0,0.6666666666666666,True,cooldown active
7d2a9983-a6ad-461a-8e52-3565406dcfae,2026-06-01 00:14:00,14,2,3.0,0.3385789053634202,0.49898803251582313,0.11486769030866315,0.0,0.6666666666666666,True,cooldown active
7d2a9983-a6ad-461a-8e52-3565406dcfae,2026-06-01 00:15:00,15,3,3.0,0.3385789053634202,0.49898803251582313,0.11486769030866315,0.0,0.3333333333333333,True,below threshold
7d2a9983-a6ad-461a-8e52-3565406dcfae,2026-06-01 00:16:00,16,3,,0.3385789053634202,0.49898803251582313,0.11486769030866315,,0.0,True,missing or insufficient EMA data
7d2a9983-a6ad-461a-8e52-3565406dcfae,2026-06-01 00:17:00,17,3,3.0,0.3385789053634202,0.49898803251582313,0.11486769030866315,,0.0,True,missing or insufficient EMA data
7d2a9983-a6ad-461a-8e52-3565406dcfae,2026-06-01 00:18:00,18,3,3.0,0.3385789053634202,0.49898803251582313,0.11486769030866315,0.0,0.0,True,missing or insufficient EMA data
7d2a9983-a6ad-461a-8e52-3565406dcfae,2026-06-01 00:19:00,19,3,4.0,0.3385789053634202,0.49898803251582313,0.11486769030866315,1.0,0.5,True,below threshold
7d2a9983-a6ad-461a-8e52-3565406dcfae,2026-06-01 00:20:00,20,4,4.0,0.3385789053634202,0.49898803251582313,0.11486769030866315,0.0,0.3333333333333333,True,below threshold
7d2a9983-a6ad-461a-8e52-3565406dcfae,2026-06-01 00:21:00,21,4,,0.3385789053634202,0.49898803251582313,0.11486769030866315,,0.5,True,prompt sent
7d2a9983-a6ad-461a-8e52-3565406dcfae,2026-06-01 00:22:00,22,4,4.0,0.3385789053634202,0.49898803251582313,0.11486769030866315,,0.0,True,cooldown active
7d2a9983-a6ad-461a-8e52-3565406dcfae,2026-06-01 00:23:00,23,4,3.0,0.3385789053634202,0.49898803251582313,0.11486769030866315,1.0,1.0,True,cooldown active
7d2a9983-a6ad-461a-8e52-3565406dcfae,2026-06-01 00:24:00,24,4,,0.3385789053634202,0.49898803251582313,0.11486769030866315,,1.0,True,below threshold
7d2a9983-a6ad-461a-8e52-3565406dcfae,2026-06-01 00:25:00,25,5,,0.3385789053634202,0.49898803251582313,0.11486769030866315,,1.0,True,below threshold
7d2a9983-a6ad-461a-8e52-3565406dcfae,2026-06-01 00:26:00,26,5,4.0,0.3385789053634202,0.49898803251582313,0.11486769030866315,,,True,below threshold
7d2a9983-a6ad-461a-8e52-3565406dcfae,2026-06-01 00:27:00,27,5,3.0,0.3385789053634202,0.49898803251582313,0.11486769030866315,1.0,1.0,True,below threshold
7d2a9983-a6ad-461a-8e52-3565406dcfae,2026-06-01 00:28:00,28,5,4.0,0.3385789053634202,0.49898803251582313,0.11486769030866315,1.0,1.0,True,below threshold
7d2a9983-a6ad-461a-8e52-3565406dcfae,2026-06-01 00:29:00,29,5,4.0,0.3385789053634202,0.49898803251582313,0.11486769030866315,0.0,0.6666666666666666,True,below threshold
7d2a9983-a6ad-461a-8e52-3565406dcfae,2026-06-01 00:30:00,30,6,,0.3385789053634202,0.49898803251582313,0.11486769030866315,,0.5,False,below threshold
7d2a9983-a6ad-461a-8e52-3565406dcfae,2026-06-01 00:31:00,31,6,,0.3385789053634202,0.49898803251582313,0.11486769030866315,,0.0,True,below threshold
7d2a9983-a6ad-461a-8e52-3565406dcfae,2026-06-01 00:32:00,32,6,,0.3385789053634202,0.49898803251582313,0.11486769030866315,,,True,below threshold
7d2a9983-a6ad-461a-8e52-3565406dcfae,2026-06-01 00:33:00,33,6,4.0,0.3385789053634202,0.49898803251582313,0.11486769030866315,,,True,below threshold
7d2a9983-a6ad-461a-8e52-3565406dcfae,2026-06-01 00:34:00,34,6,4.0,0.3385789053634202,0.49898803251582313,0.11486769030866315,0.0,0.0,True,below threshold
80b2e1df-d890-4c8c-903a-e1b594f20a36,2026-06-01 00:00:00,0,0,3.0,0.693014493975779,0.5305170673323614,0.4509562806156892,,,False,missing or insufficient EMA data
80b2e1df-d890-4c8c-903a-e1b594f20a36,2026-06-01 00:01:00,1,0,4.0,0.693014493975779,0.5305170673323614,0.4509562806156892,1.0,1.0,True,below threshold
80b2e1df-d890-4c8c-903a-e1b594f20a36,2026-06-01 00:02:00,2,0,4.0,0.693014493975779,0.5305170673323614,0.4509562806156892,0.0,0.5,True,below threshold
80b2e1df-d890-4c8c-903a-e1b594f20a36,2026-06-01 00:03:00,3,0,4.0,0.693014493975779,0.5305170673323614,0.4509562806156892,0.0,0.3333333333333333,True,below threshold
80b2e1df-d890-4c8c-903a-e1b594f20a36,2026-06-01 00:04:00,4,0,4.0,0.693014493975779,0.5305170673323614,0.4509562806156892,0.0,0.0,True,below threshold
80b2e1df-d890-4c8c-903a-e1b594f20a36,2026-06-01 00:05:00,5,1,4.0,0.693014493975779,0.5305170673323614,0.4509562806156892,0.0,0.0,True,below threshold
80b2e1df-d890-4c8c-903a-e1b594f20a36,2026-06-01 00:06:00,6,1,3.0,0.693014493975779,0.5305170673323614,0.4509562806156892,1.0,0.3333333333333333,True,below threshold
80b2e1df-d890-4c8c-903a-e1b594f20a36,2026-06-01 00:07:00,7,1,,0.693014493975779,0.5305170673323614,0.4509562806156892,,0.5,True,below threshold
80b2e1df-d890-4c8c-903a-e1b594f20a36,2026-06-01 00:08:00,8,1,3.0,0.693014493975779,0.5305170673323614,0.4509562806156892,,1.0,True,below threshold
80b2e1df-d890-4c8c-903a-e1b594f20a36,2026-06-01 00:09:00,9,1,4.0,0.693014493975779,0.5305170673323614,0.4509562806156892,1.0,1.0,True,below threshold
80b2e1df-d890-4c8c-903a-e1b594f20a36,2026-06-01 00:10:00,10,2,3.0,0.693014493975779,0.5305170673323614,0.4509562806156892,1.0,1.0,True,prompt sent
80b2e1df-d890-4c8c-903a-e1b594f20a36,2026-06-01 00:11:00,11,2,,0.693014493975779,0.5305170673323614,0.4509562806156892,,1.0,True,cooldown active
80b2e1df-d890-4c8c-903a-e1b594f20a36,2026-06-01 00:12:00,12,2,4.0,0.693014493975779,0.5305170673323614,0.4509562806156892,,1.0,True,cooldown active
80b2e1df-d890-4c8c-903a-e1b594f20a36,2026-06-01 00:13:00,13,2,3.0,0.693014493975779,0.5305170673323614,0.4509562806156892,1.0,1.0,True,cooldown active
80b2e1df-d890-4c8c-903a-e1b594f20a36,2026-06-01 00:14:00,14,2,4.0,0.693014493975779,0.5305170673323614,0.4509562806156892,1.0,1.0,True,cooldown active
80b2e1df-d890-4c8c-903a-e1b594f20a36,2026-06-01 00:15:00,15,3,3.0,0.693014493975779,0.5305170673323614,0.4509562806156892,1.0,1.0,True,below threshold
80b2e1df-d890-4c8c-903a-e1b594f20a36,2026-06-01 00:16:00,16,3,3.0,0.693014493975779,0.5305170673323614,0.4509562806156892,0.0,0.6666666666666666,True,missing or insufficient EMA data
80b2e1df-d890-4c8c-903a-e1b594f20a36,2026-06-01 00:17:00,17,3,4.0,0.693014493975779,0.5305170673323614,0.4509562806156892,1.0,0.6666666666666666,True,missing or insufficient EMA data
80b2e1df-d890-4c8c-903a-e1b594f20a36,2026-06-01 00:18:00,18,3,4.0,0.693014493975779,0.5305170673323614,0.4509562806156892,0.0,0.3333333333333333,True,missing or insufficient EMA data
80b2e1df-d890-4c8c-903a-e1b594f20a36,2026-06-01 00:19:00,19,3,3.0,0.693014493975779,0.5305170673323614,0.4509562806156892,1.0,0.6666666666666666,True,below threshold
80b2e1df-d890-4c8c-903a-e1b594f20a36,2026-06-01 00:20:00,20,4,4.0,0.693014493975779,0.5305170673323614,0.4509562806156892,1.0,0.6666666666666666,True,below threshold
80b2e1df-d890-4c8c-903a-e1b594f20a36,2026-06-01 00:21:00,21,4,3.0,0.693014493975779,0.5305170673323614,0.4509562806156892,1.0,1.0,True,prompt sent
80b2e1df-d890-4c8c-903a-e1b594f20a36,2026-06-01 00:22:00,22,4,2.0,0.693014493975779,0.5305170673323614,0.4509562806156892,1.0,1.0,True,cooldown active
80b2e1df-d890-4c8c-903a-e1b594f20a36,2026-06-01 00:23:00,23,4,3.0,0.693014493975779,0.5305170673323614,0.4509562806156892,1.0,1.0,True,cooldown active
80b2e1df-d890-4c8c-903a-e1b594f20a36,2026-06-01 00:24:00,24,4,2.0,0.693014493975779,0.5305170673323614,0.4509562806156892,1.0,1.0,True,below threshold
80b2e1df-d890-4c8c-903a-e1b594f20a36,2026-06-01 00:25:00,25,5,3.0,0.693014493975779,0.5305170673323614,0.4509562806156892,1.0,1.0,True,below threshold
80b2e1df-d890-4c8c-903a-e1b594f20a36,2026-06-01 00:26:00,26,5,3.0,0.693014493975779,0.5305170673323614,0.4509562806156892,0.0,0.6666666666666666,True,below threshold
80b2e1df-d890-4c8c-903a-e1b594f20a36,2026-06-01 00:27:00,27,5,3.0,0.693014493975779,0.5305170673323614,0.4509562806156892,0.0,0.3333333333333333,True,below threshold
80b2e1df-d890-4c8c-903a-e1b594f20a36,2026-06-01 00:28:00,28,5,3.0,0.693014493975779,0.5305170673323614,0.4509562806156892,0.0,0.0,True,below threshold
80b2e1df-d890-4c8c-903a-e1b594f20a36,2026-06-01 00:29:00,29,5,4.0,0.693014493975779,0.5305170673323614,0.4509562806156892,1.0,0.3333333333333333,True,below threshold
80b2e1df-d890-4c8c-903a-e1b594f20a36,2026-06-01 00:30:00,30,6,3.0,0.693014493975779,0.5305170673323614,0.4509562806156892,1.0,0.6666666666666666,False,below threshold
80b2e1df-d890-4c8c-903a-e1b594f20a36,2026-06-01 00:31:00,31,6,,0.693014493975779,0.5305170673323614,0.4509562806156892,,1.0,True,below threshold
80b2e1df-d890-4c8c-903a-e1b594f20a36,2026-06-01 00:32:00,32,6,,0.693014493975779,0.5305170673323614,0.4509562806156892,,1.0,True,below threshold
80b2e1df-d890-4c8c-903a-e1b594f20a36,2026-06-01 00:33:00,33,6,3.0,0.693014493975779,0.5305170673323614,0.4509562806156892,,,True,below threshold
80b2e1df-d890-4c8c-903a-e1b594f20a36,2026-06-01 00:34:00,34,6,3.0,0.693014493975779,0.5305170673323614,0.4509562806156892,0.0,0.0,True,below threshold
821c3d81-9315-4cd8-bf73-b0ed0647e770,2026-06-01 00:00:00,0,0,,1.1135662230540535,0.4661633494955205,1.323946638516824,,,False,missing or insufficient EMA data
821c3d81-9315-4cd8-bf73-b0ed0647e770,2026-06-01 00:01:00,1,0,,1.1135662230540535,0.4661633494955205,1.323946638516824,,,True,below threshold
821c3d81-9315-4cd8-bf73-b0ed0647e770,2026-06-01 00:02:00,2,0,2.0,1.1135662230540535,0.4661633494955205,1.323946638516824,,,True,below threshold
821c3d81-9315-4cd8-bf73-b0ed0647e770,2026-06-01 00:03:00,3,0,3.0,1.1135662230540535,0.4661633494955205,1.323946638516824,1.0,1.0,True,below threshold
821c3d81-9315-4cd8-bf73-b0ed0647e770,2026-06-01 00:04:00,4,0,4.0,1.1135662230540535,0.4661633494955205,1.323946638516824,1.0,1.0,True,below threshold
821c3d81-9315-4cd8-bf73-b0ed0647e770,2026-06-01 00:05:00,5,1,5.0,1.1135662230540535,0.4661633494955205,1.323946638516824,1.0,1.0,True,below threshold
821c3d81-9315-4cd8-bf73-b0ed0647e770,2026-06-01 00:06:00,6,1,3.0,1.1135662230540535,0.4661633494955205,1.323946638516824,4.0,2.0,True,below threshold
821c3d81-9315-4cd8-bf73-b0ed0647e770,2026-06-01 00:07:00,7,1,3.0,1.1135662230540535,0.4661633494955205,1.323946638516824,0.0,1.6666666666666667,True,below threshold
821c3d81-9315-4cd8-bf73-b0ed0647e770,2026-06-01 00:08:00,8,1,5.0,1.1135662230540535,0.4661633494955205,1.323946638516824,4.0,2.6666666666666665,True,below threshold
821c3d81-9315-4cd8-bf73-b0ed0647e770,2026-06-01 00:09:00,9,1,5.0,1.1135662230540535,0.4661633494955205,1.323946638516824,0.0,1.3333333333333333,True,below threshold
821c3d81-9315-4cd8-bf73-b0ed0647e770,2026-06-01 00:10:00,10,2,4.0,1.1135662230540535,0.4661633494955205,1.323946638516824,1.0,1.6666666666666667,True,prompt sent
821c3d81-9315-4cd8-bf73-b0ed0647e770,2026-06-01 00:11:00,11,2,,1.1135662230540535,0.4661633494955205,1.323946638516824,,0.5,True,cooldown active
821c3d81-9315-4cd8-bf73-b0ed0647e770,2026-06-01 00:12:00,12,2,,1.1135662230540535,0.4661633494955205,1.323946638516824,,1.0,True,cooldown active
821c3d81-9315-4cd8-bf73-b0ed0647e770,2026-06-01 00:13:00,13,2,,1.1135662230540535,0.4661633494955205,1.323946638516824,,,True,cooldown active
821c3d81-9315-4cd8-bf73-b0ed0647e770,2026-06-01 00:14:00,14,2,,1.1135662230540535,0.4661633494955205,1.323946638516824,,,True,cooldown active
821c3d81-9315-4cd8-bf73-b0ed0647e770,2026-06-01 00:15:00,15,3,,1.1135662230540535,0.4661633494955205,1.323946638516824,,,True,below threshold
821c3d81-9315-4cd8-bf73-b0ed0647e770,2026-06-01 00:16:00,16,3,,1.1135662230540535,0.4661633494955205,1.323946638516824,,,True,missing or insufficient EMA data
821c3d81-9315-4cd8-bf73-b0ed0647e770,2026-06-01 00:17:00,17,3,,1.1135662230540535,0.4661633494955205,1.323946638516824,,,True,missing or insufficient EMA data
821c3d81-9315-4cd8-bf73-b0ed0647e770,2026-06-01 00:18:00,18,3,,1.1135662230540535,0.4661633494955205,1.323946638516824,,,True,missing or insufficient EMA data
821c3d81-9315-4cd8-bf73-b0ed0647e770,2026-06-01 00:19:00,19,3,,1.1135662230540535,0.4661633494955205,1.323946638516824,,,True,below threshold
821c3d81-9315-4cd8-bf73-b0ed0647e770,2026-06-01 00:20:00,20,4,2.0,1.1135662230540535,0.4661633494955205,1.323946638516824,,,True,below threshold
821c3d81-9315-4cd8-bf73-b0ed0647e770,2026-06-01 00:21:00,21,4,4.0,1.1135662230540535,0.4661633494955205,1.323946638516824,4.0,4.0,True,prompt sent
821c3d81-9315-4cd8-bf73-b0ed0647e770,2026-06-01 00:22:00,22,4,4.0,1.1135662230540535,0.4661633494955205,1.323946638516824,0.0,2.0,True,cooldown active
821c3d81-9315-4cd8-bf73-b0ed0647e770,2026-06-01 00:23:00,23,4,3.0,1.1135662230540535,0.4661633494955205,1.323946638516824,1.0,1.6666666666666667,True,cooldown active
821c3d81-9315-4cd8-bf73-b0ed0647e770,2026-06-01 00:24:00,24,4,3.0,1.1135662230540535,0.4661633494955205,1.323946638516824,0.0,0.3333333333333333,True,below threshold
821c3d81-9315-4cd8-bf73-b0ed0647e770,2026-06-01 00:25:00,25,5,2.0,1.1135662230540535,0.4661633494955205,1.323946638516824,1.0,0.6666666666666666,True,below threshold
821c3d81-9315-4cd8-bf73-b0ed0647e770,2026-06-01 00:26:00,26,5,2.0,1.1135662230540535,0.4661633494955205,1.323946638516824,0.0,0.3333333333333333,True,below threshold
821c3d81-9315-4cd8-bf73-b0ed0647e770,2026-06-01 00:27:00,27,5,2.0,1.1135662230540535,0.4661633494955205,1.323946638516824,0.0,0.3333333333333333,True,below threshold
821c3d81-9315-4cd8-bf73-b0ed0647e770,2026-06-01 00:28:00,28,5,4.0,1.1135662230540535,0.4661633494955205,1.323946638516824,4.0,1.3333333333333333,True,below threshold
821c3d81-9315-4cd8-bf73-b0ed0647e770,2026-06-01 00:29:00,29,5,3.0,1.1135662230540535,0.4661633494955205,1.323946638516824,1.0,1.6666666666666667,True,below threshold
821c3d81-9315-4cd8-bf73-b0ed0647e770,2026-06-01 00:30:00,30,6,4.0,1.1135662230540535,0.4661633494955205,1.323946638516824,1.0,2.0,False,below threshold
821c3d81-9315-4cd8-bf73-b0ed0647e770,2026-06-01 00:31:00,31,6,3.0,1.1135662230540535,0.4661633494955205,1.323946638516824,1.0,1.0,True,below threshold
821c3d81-9315-4cd8-bf73-b0ed0647e770,2026-06-01 00:32:00,32,6,4.0,1.1135662230540535,0.4661633494955205,1.323946638516824,1.0,1.0,True,below threshold
821c3d81-9315-4cd8-bf73-b0ed0647e770,2026-06-01 00:33:00,33,6,3.0,1.1135662230540535,0.4661633494955205,1.323946638516824,1.0,1.0,True,below threshold
821c3d81-9315-4cd8-bf73-b0ed0647e770,2026-06-01 00:34:00,34,6,,1.1135662230540535,0.4661633494955205,1.323946638516824,,1.0,True,below threshold
85cc49a7-5a7e-4ed7-8275-b13243fd6587,2026-06-01 00:00:00,0,0,3.0,0.609472810977353,0.5850486134100985,0.3082732834827437,,,False,missing or insufficient EMA data
85cc49a7-5a7e-4ed7-8275-b13243fd6587,2026-06-01 00:01:00,1,0,3.0,0.609472810977353,0.5850486134100985,0.3082732834827437,0.0,0.0,True,below threshold
85cc49a7-5a7e-4ed7-8275-b13243fd6587,2026-06-01 00:02:00,2,0,2.0,0.609472810977353,0.5850486134100985,0.3082732834827437,1.0,0.5,True,below threshold
85cc49a7-5a7e-4ed7-8275-b13243fd6587,2026-06-01 00:03:00,3,0,3.0,0.609472810977353,0.5850486134100985,0.3082732834827437,1.0,0.6666666666666666,True,below threshold
85cc49a7-5a7e-4ed7-8275-b13243fd6587,2026-06-01 00:04:00,4,0,3.0,0.609472810977353,0.5850486134100985,0.3082732834827437,0.0,0.6666666666666666,True,below threshold
85cc49a7-5a7e-4ed7-8275-b13243fd6587,2026-06-01 00:05:00,5,1,3.0,0.609472810977353,0.5850486134100985,0.3082732834827437,0.0,0.3333333333333333,True,below threshold
85cc49a7-5a7e-4ed7-8275-b13243fd6587,2026-06-01 00:06:00,6,1,4.0,0.609472810977353,0.5850486134100985,0.3082732834827437,1.0,0.3333333333333333,True,below threshold
85cc49a7-5a7e-4ed7-8275-b13243fd6587,2026-06-01 00:07:00,7,1,,0.609472810977353,0.5850486134100985,0.3082732834827437,,0.5,True,below threshold
85cc49a7-5a7e-4ed7-8275-b13243fd6587,2026-06-01 00:08:00,8,1,,0.609472810977353,0.5850486134100985,0.3082732834827437,,1.0,True,below threshold
85cc49a7-5a7e-4ed7-8275-b13243fd6587,2026-06-01 00:09:00,9,1,,0.609472810977353,0.5850486134100985,0.3082732834827437,,,True,below threshold
85cc49a7-5a7e-4ed7-8275-b13243fd6587,2026-06-01 00:10:00,10,2,,0.609472810977353,0.5850486134100985,0.3082732834827437,,,True,prompt sent
85cc49a7-5a7e-4ed7-8275-b13243fd6587,2026-06-01 00:11:00,11,2,4.0,0.609472810977353,0.5850486134100985,0.3082732834827437,,,True,cooldown active
85cc49a7-5a7e-4ed7-8275-b13243fd6587,2026-06-01 00:12:00,12,2,3.0,0.609472810977353,0.5850486134100985,0.3082732834827437,1.0,1.0,True,cooldown active
85cc49a7-5a7e-4ed7-8275-b13243fd6587,2026-06-01 00:13:00,13,2,4.0,0.609472810977353,0.5850486134100985,0.3082732834827437,1.0,1.0,True,cooldown active
85cc49a7-5a7e-4ed7-8275-b13243fd6587,2026-06-01 00:14:00,14,2,,0.609472810977353,0.5850486134100985,0.3082732834827437,,1.0,True,cooldown active
85cc49a7-5a7e-4ed7-8275-b13243fd6587,2026-06-01 00:15:00,15,3,,0.609472810977353,0.5850486134100985,0.3082732834827437,,1.0,True,below threshold
85cc49a7-5a7e-4ed7-8275-b13243fd6587,2026-06-01 00:16:00,16,3,,0.609472810977353,0.5850486134100985,0.3082732834827437,,,True,missing or insufficient EMA data
85cc49a7-5a7e-4ed7-8275-b13243fd6587,2026-06-01 00:17:00,17,3,4.0,0.609472810977353,0.5850486134100985,0.3082732834827437,,,True,missing or insufficient EMA data
85cc49a7-5a7e-4ed7-8275-b13243fd6587,2026-06-01 00:18:00,18,3,3.0,0.609472810977353,0.5850486134100985,0.3082732834827437,1.0,1.0,True,missing or insufficient EMA data
85cc49a7-5a7e-4ed7-8275-b13243fd6587,2026-06-01 00:19:00,19,3,3.0,0.609472810977353,0.5850486134100985,0.3082732834827437,0.0,0.5,True,below threshold
85cc49a7-5a7e-4ed7-8275-b13243fd6587,2026-06-01 00:20:00,20,4,3.0,0.609472810977353,0.5850486134100985,0.3082732834827437,0.0,0.3333333333333333,True,below threshold
85cc49a7-5a7e-4ed7-8275-b13243fd6587,2026-06-01 00:21:00,21,4,3.0,0.609472810977353,0.5850486134100985,0.3082732834827437,0.0,0.0,True,prompt sent
85cc49a7-5a7e-4ed7-8275-b13243fd6587,2026-06-01 00:22:00,22,4,,0.609472810977353,0.5850486134100985,0.3082732834827437,,0.0,True,cooldown active
85cc49a7-5a7e-4ed7-8275-b13243fd6587,2026-06-01 00:23:00,23,4,,0.609472810977353,0.5850486134100985,0.3082732834827437,,0.0,True,cooldown active
85cc49a7-5a7e-4ed7-8275-b13243fd6587,2026-06-01 00:24:00,24,4,,0.609472810977353,0.5850486134100985,0.3082732834827437,,,True,below threshold
85cc49a7-5a7e-4ed7-8275-b13243fd6587,2026-06-01 00:25:00,25,5,4.0,0.609472810977353,0.5850486134100985,0.3082732834827437,,,True,below threshold
85cc49a7-5a7e-4ed7-8275-b13243fd6587,2026-06-01 00:26:00,26,5,4.0,0.609472810977353,0.5850486134100985,0.3082732834827437,0.0,0.0,True,below threshold
85cc49a7-5a7e-4ed7-8275-b13243fd6587,2026-06-01 00:27:00,27,5,4.0,0.609472810977353,0.5850486134100985,0.3082732834827437,0.0,0.0,True,below threshold
85cc49a7-5a7e-4ed7-8275-b13243fd6587,2026-06-01 00:28:00,28,5,,0.609472810977353,0.5850486134100985,0.3082732834827437,,0.0,True,below threshold
85cc49a7-5a7e-4ed7-8275-b13243fd6587,2026-06-01 00:29:00,29,5,,0.609472810977353,0.5850486134100985,0.3082732834827437,,0.0,True,below threshold
85cc49a7-5a7e-4ed7-8275-b13243fd6587,2026-06-01 00:30:00,30,6,,0.609472810977353,0.5850486134100985,0.3082732834827437,,,False,below threshold
85cc49a7-5a7e-4ed7-8275-b13243fd6587,2026-06-01 00:31:00,31,6,4.0,0.609472810977353,0.5850486134100985,0.3082732834827437,,,True,below threshold
85cc49a7-5a7e-4ed7-8275-b13243fd6587,2026-06-01 00:32:00,32,6,4.0,0.609472810977353,0.5850486134100985,0.3082732834827437,0.0,0.0,True,below threshold
85cc49a7-5a7e-4ed7-8275-b13243fd6587,2026-06-01 00:33:00,33,6,3.0,0.609472810977353,0.5850486134100985,0.3082732834827437,1.0,0.5,True,below threshold
85cc49a7-5a7e-4ed7-8275-b13243fd6587,2026-06-01 00:34:00,34,6,4.0,0.609472810977353,0.5850486134100985,0.3082732834827437,1.0,0.6666666666666666,True,below threshold
8674fef2-896a-47c0-90b4-4d9b8e871fdd,2026-06-01 00:00:00,0,0,2.0,1.0586754445059838,0.799086844764268,0.45036439598479366,,,False,missing or insufficient EMA data
8674fef2-896a-47c0-90b4-4d9b8e871fdd,2026-06-01 00:01:00,1,0,2.0,1.0586754445059838,0.799086844764268,0.45036439598479366,0.0,0.0,True,below threshold
8674fef2-896a-47c0-90b4-4d9b8e871fdd,2026-06-01 00:02:00,2,0,,1.0586754445059838,0.799086844764268,0.45036439598479366,,0.0,True,below threshold
8674fef2-896a-47c0-90b4-4d9b8e871fdd,2026-06-01 00:03:00,3,0,,1.0586754445059838,0.799086844764268,0.45036439598479366,,0.0,True,below threshold
8674fef2-896a-47c0-90b4-4d9b8e871fdd,2026-06-01 00:04:00,4,0,,1.0586754445059838,0.799086844764268,0.45036439598479366,,,True,below threshold
8674fef2-896a-47c0-90b4-4d9b8e871fdd,2026-06-01 00:05:00,5,1,,1.0586754445059838,0.799086844764268,0.45036439598479366,,,True,below threshold
8674fef2-896a-47c0-90b4-4d9b8e871fdd,2026-06-01 00:06:00,6,1,2.0,1.0586754445059838,0.799086844764268,0.45036439598479366,,,True,below threshold
8674fef2-896a-47c0-90b4-4d9b8e871fdd,2026-06-01 00:07:00,7,1,2.0,1.0586754445059838,0.799086844764268,0.45036439598479366,0.0,0.0,True,below threshold
8674fef2-896a-47c0-90b4-4d9b8e871fdd,2026-06-01 00:08:00,8,1,2.0,1.0586754445059838,0.799086844764268,0.45036439598479366,0.0,0.0,True,below threshold
8674fef2-896a-47c0-90b4-4d9b8e871fdd,2026-06-01 00:09:00,9,1,2.0,1.0586754445059838,0.799086844764268,0.45036439598479366,0.0,0.0,True,below threshold
8674fef2-896a-47c0-90b4-4d9b8e871fdd,2026-06-01 00:10:00,10,2,3.0,1.0586754445059838,0.799086844764268,0.45036439598479366,1.0,0.3333333333333333,True,prompt sent
8674fef2-896a-47c0-90b4-4d9b8e871fdd,2026-06-01 00:11:00,11,2,3.0,1.0586754445059838,0.799086844764268,0.45036439598479366,0.0,0.3333333333333333,True,cooldown active
8674fef2-896a-47c0-90b4-4d9b8e871fdd,2026-06-01 00:12:00,12,2,4.0,1.0586754445059838,0.799086844764268,0.45036439598479366,1.0,0.6666666666666666,True,cooldown active
8674fef2-896a-47c0-90b4-4d9b8e871fdd,2026-06-01 00:13:00,13,2,3.0,1.0586754445059838,0.799086844764268,0.45036439598479366,1.0,0.6666666666666666,True,cooldown active
8674fef2-896a-47c0-90b4-4d9b8e871fdd,2026-06-01 00:14:00,14,2,2.0,1.0586754445059838,0.799086844764268,0.45036439598479366,1.0,1.0,True,cooldown active
8674fef2-896a-47c0-90b4-4d9b8e871fdd,2026-06-01 00:15:00,15,3,2.0,1.0586754445059838,0.799086844764268,0.45036439598479366,0.0,0.6666666666666666,True,below threshold
8674fef2-896a-47c0-90b4-4d9b8e871fdd,2026-06-01 00:16:00,16,3,2.0,1.0586754445059838,0.799086844764268,0.45036439598479366,0.0,0.3333333333333333,True,missing or insufficient EMA data
8674fef2-896a-47c0-90b4-4d9b8e871fdd,2026-06-01 00:17:00,17,3,2.0,1.0586754445059838,0.799086844764268,0.45036439598479366,0.0,0.0,True,missing or insufficient EMA data
8674fef2-896a-47c0-90b4-4d9b8e871fdd,2026-06-01 00:18:00,18,3,,1.0586754445059838,0.799086844764268,0.45036439598479366,,0.0,True,missing or insufficient EMA data
8674fef2-896a-47c0-90b4-4d9b8e871fdd,2026-06-01 00:19:00,19,3,1.0,1.0586754445059838,0.799086844764268,0.45036439598479366,,0.0,True,below threshold
8674fef2-896a-47c0-90b4-4d9b8e871fdd,2026-06-01 00:20:00,20,4,1.0,1.0586754445059838,0.799086844764268,0.45036439598479366,0.0,0.0,True,below threshold
8674fef2-896a-47c0-90b4-4d9b8e871fdd,2026-06-01 00:21:00,21,4,1.0,1.0586754445059838,0.799086844764268,0.45036439598479366,0.0,0.0,True,prompt sent
8674fef2-896a-47c0-90b4-4d9b8e871fdd,2026-06-01 00:22:00,22,4,1.0,1.0586754445059838,0.799086844764268,0.45036439598479366,0.0,0.0,True,cooldown active
8674fef2-896a-47c0-90b4-4d9b8e871fdd,2026-06-01 00:23:00,23,4,1.0,1.0586754445059838,0.799086844764268,0.45036439598479366,0.0,0.0,True,cooldown active
8674fef2-896a-47c0-90b4-4d9b8e871fdd,2026-06-01 00:24:00,24,4,1.0,1.0586754445059838,0.799086844764268,0.45036439598479366,0.0,0.0,True,below threshold
8674fef2-896a-47c0-90b4-4d9b8e871fdd,2026-06-01 00:25:00,25,5,1.0,1.0586754445059838,0.799086844764268,0.45036439598479366,0.0,0.0,True,below threshold
8674fef2-896a-47c0-90b4-4d9b8e871fdd,2026-06-01 00:26:00,26,5,1.0,1.0586754445059838,0.799086844764268,0.45036439598479366,0.0,0.0,True,below threshold
8674fef2-896a-47c0-90b4-4d9b8e871fdd,2026-06-01 00:27:00,27,5,1.0,1.0586754445059838,0.799086844764268,0.45036439598479366,0.0,0.0,True,below threshold
8674fef2-896a-47c0-90b4-4d9b8e871fdd,2026-06-01 00:28:00,28,5,1.0,1.0586754445059838,0.799086844764268,0.45036439598479366,0.0,0.0,True,below threshold
8674fef2-896a-47c0-90b4-4d9b8e871fdd,2026-06-01 00:29:00,29,5,,1.0586754445059838,0.799086844764268,0.45036439598479366,,0.0,True,below threshold
8674fef2-896a-47c0-90b4-4d9b8e871fdd,2026-06-01 00:30:00,30,6,,1.0586754445059838,0.799086844764268,0.45036439598479366,,0.0,False,below threshold
8674fef2-896a-47c0-90b4-4d9b8e871fdd,2026-06-01 00:31:00,31,6,,1.0586754445059838,0.799086844764268,0.45036439598479366,,,True,below threshold
8674fef2-896a-47c0-90b4-4d9b8e871fdd,2026-06-01 00:32:00,32,6,,1.0586754445059838,0.799086844764268,0.45036439598479366,,,True,below threshold
8674fef2-896a-47c0-90b4-4d9b8e871fdd,2026-06-01 00:33:00,33,6,1.0,1.0586754445059838,0.799086844764268,0.45036439598479366,,,True,below threshold
8674fef2-896a-47c0-90b4-4d9b8e871fdd,2026-06-01 00:34:00,34,6,2.0,1.0586754445059838,0.799086844764268,0.45036439598479366,1.0,1.0,True,below threshold
887b9e0c-e55c-420a-b01a-536a9c8df121,2026-06-01 00:00:00,0,0,2.0,0.8462764171813888,0.31123850896364724,0.9865596084546454,,,False,missing or insufficient EMA data
887b9e0c-e55c-420a-b01a-536a9c8df121,2026-06-01 00:01:00,1,0,2.0,0.8462764171813888,0.31123850896364724,0.9865596084546454,0.0,0.0,True,below threshold
887b9e0c-e55c-420a-b01a-536a9c8df121,2026-06-01 00:02:00,2,0,3.0,0.8462764171813888,0.31123850896364724,0.9865596084546454,1.0,0.5,True,below threshold
887b9e0c-e55c-420a-b01a-536a9c8df121,2026-06-01 00:03:00,3,0,2.0,0.8462764171813888,0.31123850896364724,0.9865596084546454,1.0,0.6666666666666666,True,below threshold
887b9e0c-e55c-420a-b01a-536a9c8df121,2026-06-01 00:04:00,4,0,3.0,0.8462764171813888,0.31123850896364724,0.9865596084546454,1.0,1.0,True,below threshold
887b9e0c-e55c-420a-b01a-536a9c8df121,2026-06-01 00:05:00,5,1,2.0,0.8462764171813888,0.31123850896364724,0.9865596084546454,1.0,1.0,True,below threshold
887b9e0c-e55c-420a-b01a-536a9c8df121,2026-06-01 00:06:00,6,1,1.0,0.8462764171813888,0.31123850896364724,0.9865596084546454,1.0,1.0,True,below threshold
887b9e0c-e55c-420a-b01a-536a9c8df121,2026-06-01 00:07:00,7,1,4.0,0.8462764171813888,0.31123850896364724,0.9865596084546454,9.0,3.6666666666666665,True,below threshold
887b9e0c-e55c-420a-b01a-536a9c8df121,2026-06-01 00:08:00,8,1,4.0,0.8462764171813888,0.31123850896364724,0.9865596084546454,0.0,3.3333333333333335,True,below threshold
887b9e0c-e55c-420a-b01a-536a9c8df121,2026-06-01 00:09:00,9,1,,0.8462764171813888,0.31123850896364724,0.9865596084546454,,4.5,True,below threshold
887b9e0c-e55c-420a-b01a-536a9c8df121,2026-06-01 00:10:00,10,2,3.0,0.8462764171813888,0.31123850896364724,0.9865596084546454,,0.0,True,prompt sent
887b9e0c-e55c-420a-b01a-536a9c8df121,2026-06-01 00:11:00,11,2,4.0,0.8462764171813888,0.31123850896364724,0.9865596084546454,1.0,1.0,True,cooldown active
887b9e0c-e55c-420a-b01a-536a9c8df121,2026-06-01 00:12:00,12,2,,0.8462764171813888,0.31123850896364724,0.9865596084546454,,1.0,True,cooldown active
887b9e0c-e55c-420a-b01a-536a9c8df121,2026-06-01 00:13:00,13,2,3.0,0.8462764171813888,0.31123850896364724,0.9865596084546454,,1.0,True,cooldown active
887b9e0c-e55c-420a-b01a-536a9c8df121,2026-06-01 00:14:00,14,2,4.0,0.8462764171813888,0.31123850896364724,0.9865596084546454,1.0,1.0,True,cooldown active
887b9e0c-e55c-420a-b01a-536a9c8df121,2026-06-01 00:15:00,15,3,3.0,0.8462764171813888,0.31123850896364724,0.9865596084546454,1.0,1.0,True,below threshold
887b9e0c-e55c-420a-b01a-536a9c8df121,2026-06-01 00:16:00,16,3,3.0,0.8462764171813888,0.31123850896364724,0.9865596084546454,0.0,0.6666666666666666,True,missing or insufficient EMA data
887b9e0c-e55c-420a-b01a-536a9c8df121,2026-06-01 00:17:00,17,3,3.0,0.8462764171813888,0.31123850896364724,0.9865596084546454,0.0,0.3333333333333333,True,missing or insufficient EMA data
887b9e0c-e55c-420a-b01a-536a9c8df121,2026-06-01 00:18:00,18,3,3.0,0.8462764171813888,0.31123850896364724,0.9865596084546454,0.0,0.0,True,missing or insufficient EMA data
887b9e0c-e55c-420a-b01a-536a9c8df121,2026-06-01 00:19:00,19,3,3.0,0.8462764171813888,0.31123850896364724,0.9865596084546454,0.0,0.0,True,below threshold
887b9e0c-e55c-420a-b01a-536a9c8df121,2026-06-01 00:20:00,20,4,3.0,0.8462764171813888,0.31123850896364724,0.9865596084546454,0.0,0.0,True,below threshold
887b9e0c-e55c-420a-b01a-536a9c8df121,2026-06-01 00:21:00,21,4,,0.8462764171813888,0.31123850896364724,0.9865596084546454,,0.0,True,prompt sent
887b9e0c-e55c-420a-b01a-536a9c8df121,2026-06-01 00:22:00,22,4,2.0,0.8462764171813888,0.31123850896364724,0.9865596084546454,,0.0,True,cooldown active
887b9e0c-e55c-420a-b01a-536a9c8df121,2026-06-01 00:23:00,23,4,4.0,0.8462764171813888,0.31123850896364724,0.9865596084546454,4.0,4.0,True,cooldown active
887b9e0c-e55c-420a-b01a-536a9c8df121,2026-06-01 00:24:00,24,4,3.0,0.8462764171813888,0.31123850896364724,0.9865596084546454,1.0,2.5,True,below threshold
887b9e0c-e55c-420a-b01a-536a9c8df121,2026-06-01 00:25:00,25,5,3.0,0.8462764171813888,0.31123850896364724,0.9865596084546454,0.0,1.6666666666666667,True,below threshold
887b9e0c-e55c-420a-b01a-536a9c8df121,2026-06-01 00:26:00,26,5,3.0,0.8462764171813888,0.31123850896364724,0.9865596084546454,0.0,0.3333333333333333,True,below threshold
887b9e0c-e55c-420a-b01a-536a9c8df121,2026-06-01 00:27:00,27,5,3.0,0.8462764171813888,0.31123850896364724,0.9865596084546454,0.0,0.0,True,below threshold
887b9e0c-e55c-420a-b01a-536a9c8df121,2026-06-01 00:28:00,28,5,2.0,0.8462764171813888,0.31123850896364724,0.9865596084546454,1.0,0.3333333333333333,True,below threshold
887b9e0c-e55c-420a-b01a-536a9c8df121,2026-06-01 00:29:00,29,5,3.0,0.8462764171813888,0.31123850896364724,0.9865596084546454,1.0,0.6666666666666666,True,below threshold
887b9e0c-e55c-420a-b01a-536a9c8df121,2026-06-01 00:30:00,30,6,3.0,0.8462764171813888,0.31123850896364724,0.9865596084546454,0.0,0.6666666666666666,False,below threshold
887b9e0c-e55c-420a-b01a-536a9c8df121,2026-06-01 00:31:00,31,6,,0.8462764171813888,0.31123850896364724,0.9865596084546454,,0.5,True,below threshold
887b9e0c-e55c-420a-b01a-536a9c8df121,2026-06-01 00:32:00,32,6,3.0,0.8462764171813888,0.31123850896364724,0.9865596084546454,,0.0,True,below threshold
887b9e0c-e55c-420a-b01a-536a9c8df121,2026-06-01 00:33:00,33,6,3.0,0.8462764171813888,0.31123850896364724,0.9865596084546454,0.0,0.0,True,below threshold
887b9e0c-e55c-420a-b01a-536a9c8df121,2026-06-01 00:34:00,34,6,5.0,0.8462764171813888,0.31123850896364724,0.9865596084546454,4.0,2.0,True,below threshold
88f403cd-0431-45c3-98bf-11a00fb9c2b6,2026-06-01 00:00:00,0,0,3.0,0.4980943225053748,0.7917234971900051,0.10334594847356067,,,False,missing or insufficient EMA data
88f403cd-0431-45c3-98bf-11a00fb9c2b6,2026-06-01 00:01:00,1,0,4.0,0.4980943225053748,0.7917234971900051,0.10334594847356067,1.0,1.0,True,below threshold
88f403cd-0431-45c3-98bf-11a00fb9c2b6,2026-06-01 00:02:00,2,0,4.0,0.4980943225053748,0.7917234971900051,0.10334594847356067,0.0,0.5,True,below threshold
88f403cd-0431-45c3-98bf-11a00fb9c2b6,2026-06-01 00:03:00,3,0,4.0,0.4980943225053748,0.7917234971900051,0.10334594847356067,0.0,0.3333333333333333,True,below threshold
88f403cd-0431-45c3-98bf-11a00fb9c2b6,2026-06-01 00:04:00,4,0,,0.4980943225053748,0.7917234971900051,0.10334594847356067,,0.0,True,below threshold
88f403cd-0431-45c3-98bf-11a00fb9c2b6,2026-06-01 00:05:00,5,1,4.0,0.4980943225053748,0.7917234971900051,0.10334594847356067,,0.0,True,below threshold
88f403cd-0431-45c3-98bf-11a00fb9c2b6,2026-06-01 00:06:00,6,1,4.0,0.4980943225053748,0.7917234971900051,0.10334594847356067,0.0,0.0,True,below threshold
88f403cd-0431-45c3-98bf-11a00fb9c2b6,2026-06-01 00:07:00,7,1,4.0,0.4980943225053748,0.7917234971900051,0.10334594847356067,0.0,0.0,True,below threshold
88f403cd-0431-45c3-98bf-11a00fb9c2b6,2026-06-01 00:08:00,8,1,,0.4980943225053748,0.7917234971900051,0.10334594847356067,,0.0,True,below threshold
88f403cd-0431-45c3-98bf-11a00fb9c2b6,2026-06-01 00:09:00,9,1,4.0,0.4980943225053748,0.7917234971900051,0.10334594847356067,,0.0,True,below threshold
88f403cd-0431-45c3-98bf-11a00fb9c2b6,2026-06-01 00:10:00,10,2,3.0,0.4980943225053748,0.7917234971900051,0.10334594847356067,1.0,1.0,True,prompt sent
88f403cd-0431-45c3-98bf-11a00fb9c2b6,2026-06-01 00:11:00,11,2,4.0,0.4980943225053748,0.7917234971900051,0.10334594847356067,1.0,1.0,True,cooldown active
88f403cd-0431-45c3-98bf-11a00fb9c2b6,2026-06-01 00:12:00,12,2,3.0,0.4980943225053748,0.7917234971900051,0.10334594847356067,1.0,1.0,True,cooldown active
88f403cd-0431-45c3-98bf-11a00fb9c2b6,2026-06-01 00:13:00,13,2,4.0,0.4980943225053748,0.7917234971900051,0.10334594847356067,1.0,1.0,True,cooldown active
88f403cd-0431-45c3-98bf-11a00fb9c2b6,2026-06-01 00:14:00,14,2,4.0,0.4980943225053748,0.7917234971900051,0.10334594847356067,0.0,0.6666666666666666,True,cooldown active
88f403cd-0431-45c3-98bf-11a00fb9c2b6,2026-06-01 00:15:00,15,3,5.0,0.4980943225053748,0.7917234971900051,0.10334594847356067,1.0,0.6666666666666666,True,below threshold
88f403cd-0431-45c3-98bf-11a00fb9c2b6,2026-06-01 00:16:00,16,3,5.0,0.4980943225053748,0.7917234971900051,0.10334594847356067,0.0,0.3333333333333333,True,missing or insufficient EMA data
88f403cd-0431-45c3-98bf-11a00fb9c2b6,2026-06-01 00:17:00,17,3,,0.4980943225053748,0.7917234971900051,0.10334594847356067,,0.5,True,missing or insufficient EMA data
88f403cd-0431-45c3-98bf-11a00fb9c2b6,2026-06-01 00:18:00,18,3,,0.4980943225053748,0.7917234971900051,0.10334594847356067,,0.0,True,missing or insufficient EMA data
88f403cd-0431-45c3-98bf-11a00fb9c2b6,2026-06-01 00:19:00,19,3,,0.4980943225053748,0.7917234971900051,0.10334594847356067,,,True,below threshold
88f403cd-0431-45c3-98bf-11a00fb9c2b6,2026-06-01 00:20:00,20,4,,0.4980943225053748,0.7917234971900051,0.10334594847356067,,,True,below threshold
88f403cd-0431-45c3-98bf-11a00fb9c2b6,2026-06-01 00:21:00,21,4,4.0,0.4980943225053748,0.7917234971900051,0.10334594847356067,,,True,prompt sent
88f403cd-0431-45c3-98bf-11a00fb9c2b6,2026-06-01 00:22:00,22,4,3.0,0.4980943225053748,0.7917234971900051,0.10334594847356067,1.0,1.0,True,cooldown active
88f403cd-0431-45c3-98bf-11a00fb9c2b6,2026-06-01 00:23:00,23,4,4.0,0.4980943225053748,0.7917234971900051,0.10334594847356067,1.0,1.0,True,cooldown active
88f403cd-0431-45c3-98bf-11a00fb9c2b6,2026-06-01 00:24:00,24,4,3.0,0.4980943225053748,0.7917234971900051,0.10334594847356067,1.0,1.0,True,below threshold
88f403cd-0431-45c3-98bf-11a00fb9c2b6,2026-06-01 00:25:00,25,5,3.0,0.4980943225053748,0.7917234971900051,0.10334594847356067,0.0,0.6666666666666666,True,below threshold
88f403cd-0431-45c3-98bf-11a00fb9c2b6,2026-06-01 00:26:00,26,5,3.0,0.4980943225053748,0.7917234971900051,0.10334594847356067,0.0,0.3333333333333333,True,below threshold
88f403cd-0431-45c3-98bf-11a00fb9c2b6,2026-06-01 00:27:00,27,5,,0.4980943225053748,0.7917234971900051,0.10334594847356067,,0.0,True,below threshold
88f403cd-0431-45c3-98bf-11a00fb9c2b6,2026-06-01 00:28:00,28,5,,0.4980943225053748,0.7917234971900051,0.10334594847356067,,0.0,True,below threshold
88f403cd-0431-45c3-98bf-11a00fb9c2b6,2026-06-01 00:29:00,29,5,,0.4980943225053748,0.7917234971900051,0.10334594847356067,,,True,below threshold
88f403cd-0431-45c3-98bf-11a00fb9c2b6,2026-06-01 00:30:00,30,6,3.0,0.4980943225053748,0.7917234971900051,0.10334594847356067,,,False,below threshold
88f403cd-0431-45c3-98bf-11a00fb9c2b6,2026-06-01 00:31:00,31,6,3.0,0.4980943225053748,0.7917234971900051,0.10334594847356067,0.0,0.0,True,below threshold
88f403cd-0431-45c3-98bf-11a00fb9c2b6,2026-06-01 00:32:00,32,6,3.0,0.4980943225053748,0.7917234971900051,0.10334594847356067,0.0,0.0,True,below threshold
88f403cd-0431-45c3-98bf-11a00fb9c2b6,2026-06-01 00:33:00,33,6,4.0,0.4980943225053748,0.7917234971900051,0.10334594847356067,1.0,0.3333333333333333,True,below threshold
88f403cd-0431-45c3-98bf-11a00fb9c2b6,2026-06-01 00:34:00,34,6,4.0,0.4980943225053748,0.7917234971900051,0.10334594847356067,0.0,0.3333333333333333,True,below threshold
88fd2506-eb2e-49cd-a6f2-541d5ecaebf1,2026-06-01 00:00:00,0,0,3.0,0.43832492136689394,0.3053626209543976,0.26691960418916594,,,False,missing or insufficient EMA data
88fd2506-eb2e-49cd-a6f2-541d5ecaebf1,2026-06-01 00:01:00,1,0,3.0,0.43832492136689394,0.3053626209543976,0.26691960418916594,0.0,0.0,True,below threshold
88fd2506-eb2e-49cd-a6f2-541d5ecaebf1,2026-06-01 00:02:00,2,0,3.0,0.43832492136689394,0.3053626209543976,0.26691960418916594,0.0,0.0,True,below threshold
88fd2506-eb2e-49cd-a6f2-541d5ecaebf1,2026-06-01 00:03:00,3,0,4.0,0.43832492136689394,0.3053626209543976,0.26691960418916594,1.0,0.3333333333333333,True,below threshold
88fd2506-eb2e-49cd-a6f2-541d5ecaebf1,2026-06-01 00:04:00,4,0,3.0,0.43832492136689394,0.3053626209543976,0.26691960418916594,1.0,0.6666666666666666,True,below threshold
88fd2506-eb2e-49cd-a6f2-541d5ecaebf1,2026-06-01 00:05:00,5,1,4.0,0.43832492136689394,0.3053626209543976,0.26691960418916594,1.0,1.0,True,below threshold
88fd2506-eb2e-49cd-a6f2-541d5ecaebf1,2026-06-01 00:06:00,6,1,3.0,0.43832492136689394,0.3053626209543976,0.26691960418916594,1.0,1.0,True,below threshold
88fd2506-eb2e-49cd-a6f2-541d5ecaebf1,2026-06-01 00:07:00,7,1,3.0,0.43832492136689394,0.3053626209543976,0.26691960418916594,0.0,0.6666666666666666,True,below threshold
88fd2506-eb2e-49cd-a6f2-541d5ecaebf1,2026-06-01 00:08:00,8,1,4.0,0.43832492136689394,0.3053626209543976,0.26691960418916594,1.0,0.6666666666666666,True,below threshold
88fd2506-eb2e-49cd-a6f2-541d5ecaebf1,2026-06-01 00:09:00,9,1,3.0,0.43832492136689394,0.3053626209543976,0.26691960418916594,1.0,0.6666666666666666,True,below threshold
88fd2506-eb2e-49cd-a6f2-541d5ecaebf1,2026-06-01 00:10:00,10,2,3.0,0.43832492136689394,0.3053626209543976,0.26691960418916594,0.0,0.6666666666666666,True,prompt sent
88fd2506-eb2e-49cd-a6f2-541d5ecaebf1,2026-06-01 00:11:00,11,2,3.0,0.43832492136689394,0.3053626209543976,0.26691960418916594,0.0,0.3333333333333333,True,cooldown active
88fd2506-eb2e-49cd-a6f2-541d5ecaebf1,2026-06-01 00:12:00,12,2,5.0,0.43832492136689394,0.3053626209543976,0.26691960418916594,4.0,1.3333333333333333,True,cooldown active
88fd2506-eb2e-49cd-a6f2-541d5ecaebf1,2026-06-01 00:13:00,13,2,4.0,0.43832492136689394,0.3053626209543976,0.26691960418916594,1.0,1.6666666666666667,True,cooldown active
88fd2506-eb2e-49cd-a6f2-541d5ecaebf1,2026-06-01 00:14:00,14,2,4.0,0.43832492136689394,0.3053626209543976,0.26691960418916594,0.0,1.6666666666666667,True,cooldown active
88fd2506-eb2e-49cd-a6f2-541d5ecaebf1,2026-06-01 00:15:00,15,3,4.0,0.43832492136689394,0.3053626209543976,0.26691960418916594,0.0,0.3333333333333333,True,below threshold
88fd2506-eb2e-49cd-a6f2-541d5ecaebf1,2026-06-01 00:16:00,16,3,4.0,0.43832492136689394,0.3053626209543976,0.26691960418916594,0.0,0.0,True,missing or insufficient EMA data
88fd2506-eb2e-49cd-a6f2-541d5ecaebf1,2026-06-01 00:17:00,17,3,3.0,0.43832492136689394,0.3053626209543976,0.26691960418916594,1.0,0.3333333333333333,True,missing or insufficient EMA data
88fd2506-eb2e-49cd-a6f2-541d5ecaebf1,2026-06-01 00:18:00,18,3,4.0,0.43832492136689394,0.3053626209543976,0.26691960418916594,1.0,0.6666666666666666,True,missing or insufficient EMA data
88fd2506-eb2e-49cd-a6f2-541d5ecaebf1,2026-06-01 00:19:00,19,3,3.0,0.43832492136689394,0.3053626209543976,0.26691960418916594,1.0,1.0,True,below threshold
88fd2506-eb2e-49cd-a6f2-541d5ecaebf1,2026-06-01 00:20:00,20,4,4.0,0.43832492136689394,0.3053626209543976,0.26691960418916594,1.0,1.0,True,below threshold
88fd2506-eb2e-49cd-a6f2-541d5ecaebf1,2026-06-01 00:21:00,21,4,4.0,0.43832492136689394,0.3053626209543976,0.26691960418916594,0.0,0.6666666666666666,True,prompt sent
88fd2506-eb2e-49cd-a6f2-541d5ecaebf1,2026-06-01 00:22:00,22,4,2.0,0.43832492136689394,0.3053626209543976,0.26691960418916594,4.0,1.6666666666666667,True,cooldown active
88fd2506-eb2e-49cd-a6f2-541d5ecaebf1,2026-06-01 00:23:00,23,4,3.0,0.43832492136689394,0.3053626209543976,0.26691960418916594,1.0,1.6666666666666667,True,cooldown active
88fd2506-eb2e-49cd-a6f2-541d5ecaebf1,2026-06-01 00:24:00,24,4,3.0,0.43832492136689394,0.3053626209543976,0.26691960418916594,0.0,1.6666666666666667,True,below threshold
88fd2506-eb2e-49cd-a6f2-541d5ecaebf1,2026-06-01 00:25:00,25,5,3.0,0.43832492136689394,0.3053626209543976,0.26691960418916594,0.0,0.3333333333333333,True,below threshold
88fd2506-eb2e-49cd-a6f2-541d5ecaebf1,2026-06-01 00:26:00,26,5,4.0,0.43832492136689394,0.3053626209543976,0.26691960418916594,1.0,0.3333333333333333,True,below threshold
88fd2506-eb2e-49cd-a6f2-541d5ecaebf1,2026-06-01 00:27:00,27,5,3.0,0.43832492136689394,0.3053626209543976,0.26691960418916594,1.0,0.6666666666666666,True,below threshold
88fd2506-eb2e-49cd-a6f2-541d5ecaebf1,2026-06-01 00:28:00,28,5,3.0,0.43832492136689394,0.3053626209543976,0.26691960418916594,0.0,0.6666666666666666,True,below threshold
88fd2506-eb2e-49cd-a6f2-541d5ecaebf1,2026-06-01 00:29:00,29,5,3.0,0.43832492136689394,0.3053626209543976,0.26691960418916594,0.0,0.3333333333333333,True,below threshold
88fd2506-eb2e-49cd-a6f2-541d5ecaebf1,2026-06-01 00:30:00,30,6,3.0,0.43832492136689394,0.3053626209543976,0.26691960418916594,0.0,0.0,False,below threshold
88fd2506-eb2e-49cd-a6f2-541d5ecaebf1,2026-06-01 00:31:00,31,6,3.0,0.43832492136689394,0.3053626209543976,0.26691960418916594,0.0,0.0,True,below threshold
88fd2506-eb2e-49cd-a6f2-541d5ecaebf1,2026-06-01 00:32:00,32,6,4.0,0.43832492136689394,0.3053626209543976,0.26691960418916594,1.0,0.3333333333333333,True,below threshold
88fd2506-eb2e-49cd-a6f2-541d5ecaebf1,2026-06-01 00:33:00,33,6,3.0,0.43832492136689394,0.3053626209543976,0.26691960418916594,1.0,0.6666666666666666,True,below threshold
88fd2506-eb2e-49cd-a6f2-541d5ecaebf1,2026-06-01 00:34:00,34,6,3.0,0.43832492136689394,0.3053626209543976,0.26691960418916594,0.0,0.6666666666666666,True,below threshold
8a5a9203-9779-4112-aa5f-21ab9908ef7c,2026-06-01 00:00:00,0,0,,0.6676154846132469,0.2387253215759973,0.6786161365994262,,,False,missing or insufficient EMA data
8a5a9203-9779-4112-aa5f-21ab9908ef7c,2026-06-01 00:01:00,1,0,,0.6676154846132469,0.2387253215759973,0.6786161365994262,,,True,below threshold
8a5a9203-9779-4112-aa5f-21ab9908ef7c,2026-06-01 00:02:00,2,0,3.0,0.6676154846132469,0.2387253215759973,0.6786161365994262,,,True,below threshold
8a5a9203-9779-4112-aa5f-21ab9908ef7c,2026-06-01 00:03:00,3,0,4.0,0.6676154846132469,0.2387253215759973,0.6786161365994262,1.0,1.0,True,below threshold
8a5a9203-9779-4112-aa5f-21ab9908ef7c,2026-06-01 00:04:00,4,0,4.0,0.6676154846132469,0.2387253215759973,0.6786161365994262,0.0,0.5,True,below threshold
8a5a9203-9779-4112-aa5f-21ab9908ef7c,2026-06-01 00:05:00,5,1,4.0,0.6676154846132469,0.2387253215759973,0.6786161365994262,0.0,0.3333333333333333,True,below threshold
8a5a9203-9779-4112-aa5f-21ab9908ef7c,2026-06-01 00:06:00,6,1,3.0,0.6676154846132469,0.2387253215759973,0.6786161365994262,1.0,0.3333333333333333,True,below threshold
8a5a9203-9779-4112-aa5f-21ab9908ef7c,2026-06-01 00:07:00,7,1,4.0,0.6676154846132469,0.2387253215759973,0.6786161365994262,1.0,0.6666666666666666,True,below threshold
8a5a9203-9779-4112-aa5f-21ab9908ef7c,2026-06-01 00:08:00,8,1,,0.6676154846132469,0.2387253215759973,0.6786161365994262,,1.0,True,below threshold
8a5a9203-9779-4112-aa5f-21ab9908ef7c,2026-06-01 00:09:00,9,1,,0.6676154846132469,0.2387253215759973,0.6786161365994262,,1.0,True,below threshold
8a5a9203-9779-4112-aa5f-21ab9908ef7c,2026-06-01 00:10:00,10,2,,0.6676154846132469,0.2387253215759973,0.6786161365994262,,,True,prompt sent
8a5a9203-9779-4112-aa5f-21ab9908ef7c,2026-06-01 00:11:00,11,2,4.0,0.6676154846132469,0.2387253215759973,0.6786161365994262,,,True,cooldown active
8a5a9203-9779-4112-aa5f-21ab9908ef7c,2026-06-01 00:12:00,12,2,3.0,0.6676154846132469,0.2387253215759973,0.6786161365994262,1.0,1.0,True,cooldown active
8a5a9203-9779-4112-aa5f-21ab9908ef7c,2026-06-01 00:13:00,13,2,4.0,0.6676154846132469,0.2387253215759973,0.6786161365994262,1.0,1.0,True,cooldown active
8a5a9203-9779-4112-aa5f-21ab9908ef7c,2026-06-01 00:14:00,14,2,4.0,0.6676154846132469,0.2387253215759973,0.6786161365994262,0.0,0.6666666666666666,True,cooldown active
8a5a9203-9779-4112-aa5f-21ab9908ef7c,2026-06-01 00:15:00,15,3,5.0,0.6676154846132469,0.2387253215759973,0.6786161365994262,1.0,0.6666666666666666,True,below threshold
8a5a9203-9779-4112-aa5f-21ab9908ef7c,2026-06-01 00:16:00,16,3,4.0,0.6676154846132469,0.2387253215759973,0.6786161365994262,1.0,0.6666666666666666,True,missing or insufficient EMA data
8a5a9203-9779-4112-aa5f-21ab9908ef7c,2026-06-01 00:17:00,17,3,4.0,0.6676154846132469,0.2387253215759973,0.6786161365994262,0.0,0.6666666666666666,True,missing or insufficient EMA data
8a5a9203-9779-4112-aa5f-21ab9908ef7c,2026-06-01 00:18:00,18,3,5.0,0.6676154846132469,0.2387253215759973,0.6786161365994262,1.0,0.6666666666666666,True,missing or insufficient EMA data
8a5a9203-9779-4112-aa5f-21ab9908ef7c,2026-06-01 00:19:00,19,3,3.0,0.6676154846132469,0.2387253215759973,0.6786161365994262,4.0,1.6666666666666667,True,below threshold
8a5a9203-9779-4112-aa5f-21ab9908ef7c,2026-06-01 00:20:00,20,4,4.0,0.6676154846132469,0.2387253215759973,0.6786161365994262,1.0,2.0,True,below threshold
8a5a9203-9779-4112-aa5f-21ab9908ef7c,2026-06-01 00:21:00,21,4,4.0,0.6676154846132469,0.2387253215759973,0.6786161365994262,0.0,1.6666666666666667,True,prompt sent
8a5a9203-9779-4112-aa5f-21ab9908ef7c,2026-06-01 00:22:00,22,4,4.0,0.6676154846132469,0.2387253215759973,0.6786161365994262,0.0,0.3333333333333333,True,cooldown active
8a5a9203-9779-4112-aa5f-21ab9908ef7c,2026-06-01 00:23:00,23,4,3.0,0.6676154846132469,0.2387253215759973,0.6786161365994262,1.0,0.3333333333333333,True,cooldown active
8a5a9203-9779-4112-aa5f-21ab9908ef7c,2026-06-01 00:24:00,24,4,4.0,0.6676154846132469,0.2387253215759973,0.6786161365994262,1.0,0.6666666666666666,True,below threshold
8a5a9203-9779-4112-aa5f-21ab9908ef7c,2026-06-01 00:25:00,25,5,3.0,0.6676154846132469,0.2387253215759973,0.6786161365994262,1.0,1.0,True,below threshold
8a5a9203-9779-4112-aa5f-21ab9908ef7c,2026-06-01 00:26:00,26,5,4.0,0.6676154846132469,0.2387253215759973,0.6786161365994262,1.0,1.0,True,below threshold
8a5a9203-9779-4112-aa5f-21ab9908ef7c,2026-06-01 00:27:00,27,5,4.0,0.6676154846132469,0.2387253215759973,0.6786161365994262,0.0,0.6666666666666666,True,below threshold
8a5a9203-9779-4112-aa5f-21ab9908ef7c,2026-06-01 00:28:00,28,5,4.0,0.6676154846132469,0.2387253215759973,0.6786161365994262,0.0,0.3333333333333333,True,below threshold
8a5a9203-9779-4112-aa5f-21ab9908ef7c,2026-06-01 00:29:00,29,5,4.0,0.6676154846132469,0.2387253215759973,0.6786161365994262,0.0,0.0,True,below threshold
8a5a9203-9779-4112-aa5f-21ab9908ef7c,2026-06-01 00:30:00,30,6,,0.6676154846132469,0.2387253215759973,0.6786161365994262,,0.0,False,below threshold
8a5a9203-9779-4112-aa5f-21ab9908ef7c,2026-06-01 00:31:00,31,6,,0.6676154846132469,0.2387253215759973,0.6786161365994262,,0.0,True,below threshold
8a5a9203-9779-4112-aa5f-21ab9908ef7c,2026-06-01 00:32:00,32,6,,0.6676154846132469,0.2387253215759973,0.6786161365994262,,,True,below threshold
8a5a9203-9779-4112-aa5f-21ab9908ef7c,2026-06-01 00:33:00,33,6,,0.6676154846132469,0.2387253215759973,0.6786161365994262,,,True,below threshold
8a5a9203-9779-4112-aa5f-21ab9908ef7c,2026-06-01 00:34:00,34,6,,0.6676154846132469,0.2387253215759973,0.6786161365994262,,,True,below threshold
8a8a17e2-7ec4-43bf-9be6-c2a8df1ff5bd,2026-06-01 00:00:00,0,0,3.0,1.3885035922914102,0.39351069154946716,2.3385526945235067,,,False,missing or insufficient EMA data
8a8a17e2-7ec4-43bf-9be6-c2a8df1ff5bd,2026-06-01 00:01:00,1,0,2.0,1.3885035922914102,0.39351069154946716,2.3385526945235067,1.0,1.0,True,below threshold
8a8a17e2-7ec4-43bf-9be6-c2a8df1ff5bd,2026-06-01 00:02:00,2,0,2.0,1.3885035922914102,0.39351069154946716,2.3385526945235067,0.0,0.5,True,below threshold
8a8a17e2-7ec4-43bf-9be6-c2a8df1ff5bd,2026-06-01 00:03:00,3,0,3.0,1.3885035922914102,0.39351069154946716,2.3385526945235067,1.0,0.6666666666666666,True,below threshold
8a8a17e2-7ec4-43bf-9be6-c2a8df1ff5bd,2026-06-01 00:04:00,4,0,3.0,1.3885035922914102,0.39351069154946716,2.3385526945235067,0.0,0.3333333333333333,True,below threshold
8a8a17e2-7ec4-43bf-9be6-c2a8df1ff5bd,2026-06-01 00:05:00,5,1,4.0,1.3885035922914102,0.39351069154946716,2.3385526945235067,1.0,0.6666666666666666,True,below threshold
8a8a17e2-7ec4-43bf-9be6-c2a8df1ff5bd,2026-06-01 00:06:00,6,1,4.0,1.3885035922914102,0.39351069154946716,2.3385526945235067,0.0,0.3333333333333333,True,below threshold
8a8a17e2-7ec4-43bf-9be6-c2a8df1ff5bd,2026-06-01 00:07:00,7,1,3.0,1.3885035922914102,0.39351069154946716,2.3385526945235067,1.0,0.6666666666666666,True,below threshold
8a8a17e2-7ec4-43bf-9be6-c2a8df1ff5bd,2026-06-01 00:08:00,8,1,4.0,1.3885035922914102,0.39351069154946716,2.3385526945235067,1.0,0.6666666666666666,True,below threshold
8a8a17e2-7ec4-43bf-9be6-c2a8df1ff5bd,2026-06-01 00:09:00,9,1,4.0,1.3885035922914102,0.39351069154946716,2.3385526945235067,0.0,0.6666666666666666,True,below threshold
8a8a17e2-7ec4-43bf-9be6-c2a8df1ff5bd,2026-06-01 00:10:00,10,2,2.0,1.3885035922914102,0.39351069154946716,2.3385526945235067,4.0,1.6666666666666667,True,prompt sent
8a8a17e2-7ec4-43bf-9be6-c2a8df1ff5bd,2026-06-01 00:11:00,11,2,4.0,1.3885035922914102,0.39351069154946716,2.3385526945235067,4.0,2.6666666666666665,True,cooldown active
8a8a17e2-7ec4-43bf-9be6-c2a8df1ff5bd,2026-06-01 00:12:00,12,2,3.0,1.3885035922914102,0.39351069154946716,2.3385526945235067,1.0,3.0,True,cooldown active
8a8a17e2-7ec4-43bf-9be6-c2a8df1ff5bd,2026-06-01 00:13:00,13,2,1.0,1.3885035922914102,0.39351069154946716,2.3385526945235067,4.0,3.0,True,cooldown active
8a8a17e2-7ec4-43bf-9be6-c2a8df1ff5bd,2026-06-01 00:14:00,14,2,1.0,1.3885035922914102,0.39351069154946716,2.3385526945235067,0.0,1.6666666666666667,True,cooldown active
8a8a17e2-7ec4-43bf-9be6-c2a8df1ff5bd,2026-06-01 00:15:00,15,3,1.0,1.3885035922914102,0.39351069154946716,2.3385526945235067,0.0,1.3333333333333333,True,below threshold
8a8a17e2-7ec4-43bf-9be6-c2a8df1ff5bd,2026-06-01 00:16:00,16,3,2.0,1.3885035922914102,0.39351069154946716,2.3385526945235067,1.0,0.3333333333333333,True,missing or insufficient EMA data
8a8a17e2-7ec4-43bf-9be6-c2a8df1ff5bd,2026-06-01 00:17:00,17,3,2.0,1.3885035922914102,0.39351069154946716,2.3385526945235067,0.0,0.3333333333333333,True,missing or insufficient EMA data
8a8a17e2-7ec4-43bf-9be6-c2a8df1ff5bd,2026-06-01 00:18:00,18,3,2.0,1.3885035922914102,0.39351069154946716,2.3385526945235067,0.0,0.3333333333333333,True,missing or insufficient EMA data
8a8a17e2-7ec4-43bf-9be6-c2a8df1ff5bd,2026-06-01 00:19:00,19,3,4.0,1.3885035922914102,0.39351069154946716,2.3385526945235067,4.0,1.3333333333333333,True,below threshold
8a8a17e2-7ec4-43bf-9be6-c2a8df1ff5bd,2026-06-01 00:20:00,20,4,4.0,1.3885035922914102,0.39351069154946716,2.3385526945235067,0.0,1.3333333333333333,True,below threshold
8a8a17e2-7ec4-43bf-9be6-c2a8df1ff5bd,2026-06-01 00:21:00,21,4,4.0,1.3885035922914102,0.39351069154946716,2.3385526945235067,0.0,1.3333333333333333,True,prompt sent
8a8a17e2-7ec4-43bf-9be6-c2a8df1ff5bd,2026-06-01 00:22:00,22,4,4.0,1.3885035922914102,0.39351069154946716,2.3385526945235067,0.0,0.0,True,cooldown active
8a8a17e2-7ec4-43bf-9be6-c2a8df1ff5bd,2026-06-01 00:23:00,23,4,4.0,1.3885035922914102,0.39351069154946716,2.3385526945235067,0.0,0.0,True,cooldown active
8a8a17e2-7ec4-43bf-9be6-c2a8df1ff5bd,2026-06-01 00:24:00,24,4,1.0,1.3885035922914102,0.39351069154946716,2.3385526945235067,9.0,3.0,True,below threshold
8a8a17e2-7ec4-43bf-9be6-c2a8df1ff5bd,2026-06-01 00:25:00,25,5,2.0,1.3885035922914102,0.39351069154946716,2.3385526945235067,1.0,3.3333333333333335,True,below threshold
8a8a17e2-7ec4-43bf-9be6-c2a8df1ff5bd,2026-06-01 00:26:00,26,5,1.0,1.3885035922914102,0.39351069154946716,2.3385526945235067,1.0,3.6666666666666665,True,below threshold
8a8a17e2-7ec4-43bf-9be6-c2a8df1ff5bd,2026-06-01 00:27:00,27,5,2.0,1.3885035922914102,0.39351069154946716,2.3385526945235067,1.0,1.0,True,below threshold
8a8a17e2-7ec4-43bf-9be6-c2a8df1ff5bd,2026-06-01 00:28:00,28,5,3.0,1.3885035922914102,0.39351069154946716,2.3385526945235067,1.0,1.0,True,below threshold
8a8a17e2-7ec4-43bf-9be6-c2a8df1ff5bd,2026-06-01 00:29:00,29,5,4.0,1.3885035922914102,0.39351069154946716,2.3385526945235067,1.0,1.0,True,below threshold
8a8a17e2-7ec4-43bf-9be6-c2a8df1ff5bd,2026-06-01 00:30:00,30,6,,1.3885035922914102,0.39351069154946716,2.3385526945235067,,1.0,False,below threshold
8a8a17e2-7ec4-43bf-9be6-c2a8df1ff5bd,2026-06-01 00:31:00,31,6,,1.3885035922914102,0.39351069154946716,2.3385526945235067,,1.0,True,below threshold
8a8a17e2-7ec4-43bf-9be6-c2a8df1ff5bd,2026-06-01 00:32:00,32,6,,1.3885035922914102,0.39351069154946716,2.3385526945235067,,,True,below threshold
8a8a17e2-7ec4-43bf-9be6-c2a8df1ff5bd,2026-06-01 00:33:00,33,6,,1.3885035922914102,0.39351069154946716,2.3385526945235067,,,True,below threshold
8a8a17e2-7ec4-43bf-9be6-c2a8df1ff5bd,2026-06-01 00:34:00,34,6,3.0,1.3885035922914102,0.39351069154946716,2.3385526945235067,,,True,below threshold
8b059236-ffff-4c2a-959f-d4c594351608,2026-06-01 00:00:00,0,0,4.0,0.7497637449809367,0.3289263845773668,0.754482258734921,,,False,missing or insufficient EMA data
8b059236-ffff-4c2a-959f-d4c594351608,2026-06-01 00:01:00,1,0,3.0,0.7497637449809367,0.3289263845773668,0.754482258734921,1.0,1.0,True,below threshold
8b059236-ffff-4c2a-959f-d4c594351608,2026-06-01 00:02:00,2,0,3.0,0.7497637449809367,0.3289263845773668,0.754482258734921,0.0,0.5,True,below threshold
8b059236-ffff-4c2a-959f-d4c594351608,2026-06-01 00:03:00,3,0,4.0,0.7497637449809367,0.3289263845773668,0.754482258734921,1.0,0.6666666666666666,True,below threshold
8b059236-ffff-4c2a-959f-d4c594351608,2026-06-01 00:04:00,4,0,4.0,0.7497637449809367,0.3289263845773668,0.754482258734921,0.0,0.3333333333333333,True,below threshold
8b059236-ffff-4c2a-959f-d4c594351608,2026-06-01 00:05:00,5,1,3.0,0.7497637449809367,0.3289263845773668,0.754482258734921,1.0,0.6666666666666666,True,below threshold
8b059236-ffff-4c2a-959f-d4c594351608,2026-06-01 00:06:00,6,1,3.0,0.7497637449809367,0.3289263845773668,0.754482258734921,0.0,0.3333333333333333,True,below threshold
8b059236-ffff-4c2a-959f-d4c594351608,2026-06-01 00:07:00,7,1,4.0,0.7497637449809367,0.3289263845773668,0.754482258734921,1.0,0.6666666666666666,True,below threshold
8b059236-ffff-4c2a-959f-d4c594351608,2026-06-01 00:08:00,8,1,3.0,0.7497637449809367,0.3289263845773668,0.754482258734921,1.0,0.6666666666666666,True,below threshold
8b059236-ffff-4c2a-959f-d4c594351608,2026-06-01 00:09:00,9,1,,0.7497637449809367,0.3289263845773668,0.754482258734921,,1.0,True,below threshold
8b059236-ffff-4c2a-959f-d4c594351608,2026-06-01 00:10:00,10,2,,0.7497637449809367,0.3289263845773668,0.754482258734921,,1.0,True,prompt sent
8b059236-ffff-4c2a-959f-d4c594351608,2026-06-01 00:11:00,11,2,,0.7497637449809367,0.3289263845773668,0.754482258734921,,,True,cooldown active
8b059236-ffff-4c2a-959f-d4c594351608,2026-06-01 00:12:00,12,2,,0.7497637449809367,0.3289263845773668,0.754482258734921,,,True,cooldown active
8b059236-ffff-4c2a-959f-d4c594351608,2026-06-01 00:13:00,13,2,,0.7497637449809367,0.3289263845773668,0.754482258734921,,,True,cooldown active
8b059236-ffff-4c2a-959f-d4c594351608,2026-06-01 00:14:00,14,2,,0.7497637449809367,0.3289263845773668,0.754482258734921,,,True,cooldown active
8b059236-ffff-4c2a-959f-d4c594351608,2026-06-01 00:15:00,15,3,,0.7497637449809367,0.3289263845773668,0.754482258734921,,,True,below threshold
8b059236-ffff-4c2a-959f-d4c594351608,2026-06-01 00:16:00,16,3,,0.7497637449809367,0.3289263845773668,0.754482258734921,,,True,missing or insufficient EMA data
8b059236-ffff-4c2a-959f-d4c594351608,2026-06-01 00:17:00,17,3,,0.7497637449809367,0.3289263845773668,0.754482258734921,,,True,missing or insufficient EMA data
8b059236-ffff-4c2a-959f-d4c594351608,2026-06-01 00:18:00,18,3,4.0,0.7497637449809367,0.3289263845773668,0.754482258734921,,,True,missing or insufficient EMA data
8b059236-ffff-4c2a-959f-d4c594351608,2026-06-01 00:19:00,19,3,3.0,0.7497637449809367,0.3289263845773668,0.754482258734921,1.0,1.0,True,below threshold
8b059236-ffff-4c2a-959f-d4c594351608,2026-06-01 00:20:00,20,4,3.0,0.7497637449809367,0.3289263845773668,0.754482258734921,0.0,0.5,True,below threshold
8b059236-ffff-4c2a-959f-d4c594351608,2026-06-01 00:21:00,21,4,3.0,0.7497637449809367,0.3289263845773668,0.754482258734921,0.0,0.3333333333333333,True,prompt sent
8b059236-ffff-4c2a-959f-d4c594351608,2026-06-01 00:22:00,22,4,3.0,0.7497637449809367,0.3289263845773668,0.754482258734921,0.0,0.0,True,cooldown active
8b059236-ffff-4c2a-959f-d4c594351608,2026-06-01 00:23:00,23,4,3.0,0.7497637449809367,0.3289263845773668,0.754482258734921,0.0,0.0,True,cooldown active
8b059236-ffff-4c2a-959f-d4c594351608,2026-06-01 00:24:00,24,4,4.0,0.7497637449809367,0.3289263845773668,0.754482258734921,1.0,0.3333333333333333,True,below threshold
8b059236-ffff-4c2a-959f-d4c594351608,2026-06-01 00:25:00,25,5,3.0,0.7497637449809367,0.3289263845773668,0.754482258734921,1.0,0.6666666666666666,True,below threshold
8b059236-ffff-4c2a-959f-d4c594351608,2026-06-01 00:26:00,26,5,2.0,0.7497637449809367,0.3289263845773668,0.754482258734921,1.0,1.0,True,below threshold
8b059236-ffff-4c2a-959f-d4c594351608,2026-06-01 00:27:00,27,5,4.0,0.7497637449809367,0.3289263845773668,0.754482258734921,4.0,2.0,True,below threshold
8b059236-ffff-4c2a-959f-d4c594351608,2026-06-01 00:28:00,28,5,3.0,0.7497637449809367,0.3289263845773668,0.754482258734921,1.0,2.0,True,below threshold
8b059236-ffff-4c2a-959f-d4c594351608,2026-06-01 00:29:00,29,5,3.0,0.7497637449809367,0.3289263845773668,0.754482258734921,0.0,1.6666666666666667,True,below threshold
8b059236-ffff-4c2a-959f-d4c594351608,2026-06-01 00:30:00,30,6,3.0,0.7497637449809367,0.3289263845773668,0.754482258734921,0.0,0.3333333333333333,False,below threshold
8b059236-ffff-4c2a-959f-d4c594351608,2026-06-01 00:31:00,31,6,4.0,0.7497637449809367,0.3289263845773668,0.754482258734921,1.0,0.3333333333333333,True,below threshold
8b059236-ffff-4c2a-959f-d4c594351608,2026-06-01 00:32:00,32,6,5.0,0.7497637449809367,0.3289263845773668,0.754482258734921,1.0,0.6666666666666666,True,below threshold
8b059236-ffff-4c2a-959f-d4c594351608,2026-06-01 00:33:00,33,6,4.0,0.7497637449809367,0.3289263845773668,0.754482258734921,1.0,1.0,True,below threshold
8b059236-ffff-4c2a-959f-d4c594351608,2026-06-01 00:34:00,34,6,4.0,0.7497637449809367,0.3289263845773668,0.754482258734921,0.0,0.6666666666666666,True,below threshold
8e36a6b6-a6b8-4353-9ed9-23a5f36cb314,2026-06-01 00:00:00,0,0,3.0,0.9235032690860043,0.6826235129522733,0.5413543347979146,,,False,missing or insufficient EMA data
8e36a6b6-a6b8-4353-9ed9-23a5f36cb314,2026-06-01 00:01:00,1,0,4.0,0.9235032690860043,0.6826235129522733,0.5413543347979146,1.0,1.0,True,below threshold
8e36a6b6-a6b8-4353-9ed9-23a5f36cb314,2026-06-01 00:02:00,2,0,4.0,0.9235032690860043,0.6826235129522733,0.5413543347979146,0.0,0.5,True,below threshold
8e36a6b6-a6b8-4353-9ed9-23a5f36cb314,2026-06-01 00:03:00,3,0,4.0,0.9235032690860043,0.6826235129522733,0.5413543347979146,0.0,0.3333333333333333,True,below threshold
8e36a6b6-a6b8-4353-9ed9-23a5f36cb314,2026-06-01 00:04:00,4,0,4.0,0.9235032690860043,0.6826235129522733,0.5413543347979146,0.0,0.0,True,below threshold
8e36a6b6-a6b8-4353-9ed9-23a5f36cb314,2026-06-01 00:05:00,5,1,3.0,0.9235032690860043,0.6826235129522733,0.5413543347979146,1.0,0.3333333333333333,True,below threshold
8e36a6b6-a6b8-4353-9ed9-23a5f36cb314,2026-06-01 00:06:00,6,1,2.0,0.9235032690860043,0.6826235129522733,0.5413543347979146,1.0,0.6666666666666666,True,below threshold
8e36a6b6-a6b8-4353-9ed9-23a5f36cb314,2026-06-01 00:07:00,7,1,4.0,0.9235032690860043,0.6826235129522733,0.5413543347979146,4.0,2.0,True,below threshold
8e36a6b6-a6b8-4353-9ed9-23a5f36cb314,2026-06-01 00:08:00,8,1,2.0,0.9235032690860043,0.6826235129522733,0.5413543347979146,4.0,3.0,True,below threshold
8e36a6b6-a6b8-4353-9ed9-23a5f36cb314,2026-06-01 00:09:00,9,1,4.0,0.9235032690860043,0.6826235129522733,0.5413543347979146,4.0,4.0,True,below threshold
8e36a6b6-a6b8-4353-9ed9-23a5f36cb314,2026-06-01 00:10:00,10,2,5.0,0.9235032690860043,0.6826235129522733,0.5413543347979146,1.0,3.0,True,prompt sent
8e36a6b6-a6b8-4353-9ed9-23a5f36cb314,2026-06-01 00:11:00,11,2,4.0,0.9235032690860043,0.6826235129522733,0.5413543347979146,1.0,2.0,True,cooldown active
8e36a6b6-a6b8-4353-9ed9-23a5f36cb314,2026-06-01 00:12:00,12,2,4.0,0.9235032690860043,0.6826235129522733,0.5413543347979146,0.0,0.6666666666666666,True,cooldown active
8e36a6b6-a6b8-4353-9ed9-23a5f36cb314,2026-06-01 00:13:00,13,2,5.0,0.9235032690860043,0.6826235129522733,0.5413543347979146,1.0,0.6666666666666666,True,cooldown active
8e36a6b6-a6b8-4353-9ed9-23a5f36cb314,2026-06-01 00:14:00,14,2,4.0,0.9235032690860043,0.6826235129522733,0.5413543347979146,1.0,0.6666666666666666,True,cooldown active
8e36a6b6-a6b8-4353-9ed9-23a5f36cb314,2026-06-01 00:15:00,15,3,5.0,0.9235032690860043,0.6826235129522733,0.5413543347979146,1.0,1.0,True,below threshold
8e36a6b6-a6b8-4353-9ed9-23a5f36cb314,2026-06-01 00:16:00,16,3,,0.9235032690860043,0.6826235129522733,0.5413543347979146,,1.0,True,missing or insufficient EMA data
8e36a6b6-a6b8-4353-9ed9-23a5f36cb314,2026-06-01 00:17:00,17,3,4.0,0.9235032690860043,0.6826235129522733,0.5413543347979146,,1.0,True,missing or insufficient EMA data
8e36a6b6-a6b8-4353-9ed9-23a5f36cb314,2026-06-01 00:18:00,18,3,3.0,0.9235032690860043,0.6826235129522733,0.5413543347979146,1.0,1.0,True,missing or insufficient EMA data
8e36a6b6-a6b8-4353-9ed9-23a5f36cb314,2026-06-01 00:19:00,19,3,4.0,0.9235032690860043,0.6826235129522733,0.5413543347979146,1.0,1.0,True,below threshold
8e36a6b6-a6b8-4353-9ed9-23a5f36cb314,2026-06-01 00:20:00,20,4,4.0,0.9235032690860043,0.6826235129522733,0.5413543347979146,0.0,0.6666666666666666,True,below threshold
8e36a6b6-a6b8-4353-9ed9-23a5f36cb314,2026-06-01 00:21:00,21,4,4.0,0.9235032690860043,0.6826235129522733,0.5413543347979146,0.0,0.3333333333333333,True,prompt sent
8e36a6b6-a6b8-4353-9ed9-23a5f36cb314,2026-06-01 00:22:00,22,4,3.0,0.9235032690860043,0.6826235129522733,0.5413543347979146,1.0,0.3333333333333333,True,cooldown active
8e36a6b6-a6b8-4353-9ed9-23a5f36cb314,2026-06-01 00:23:00,23,4,3.0,0.9235032690860043,0.6826235129522733,0.5413543347979146,0.0,0.3333333333333333,True,cooldown active
8e36a6b6-a6b8-4353-9ed9-23a5f36cb314,2026-06-01 00:24:00,24,4,3.0,0.9235032690860043,0.6826235129522733,0.5413543347979146,0.0,0.3333333333333333,True,below threshold
8e36a6b6-a6b8-4353-9ed9-23a5f36cb314,2026-06-01 00:25:00,25,5,,0.9235032690860043,0.6826235129522733,0.5413543347979146,,0.0,True,below threshold
8e36a6b6-a6b8-4353-9ed9-23a5f36cb314,2026-06-01 00:26:00,26,5,,0.9235032690860043,0.6826235129522733,0.5413543347979146,,0.0,True,below threshold
8e36a6b6-a6b8-4353-9ed9-23a5f36cb314,2026-06-01 00:27:00,27,5,4.0,0.9235032690860043,0.6826235129522733,0.5413543347979146,,,True,below threshold
8e36a6b6-a6b8-4353-9ed9-23a5f36cb314,2026-06-01 00:28:00,28,5,4.0,0.9235032690860043,0.6826235129522733,0.5413543347979146,0.0,0.0,True,below threshold
8e36a6b6-a6b8-4353-9ed9-23a5f36cb314,2026-06-01 00:29:00,29,5,4.0,0.9235032690860043,0.6826235129522733,0.5413543347979146,0.0,0.0,True,below threshold
8e36a6b6-a6b8-4353-9ed9-23a5f36cb314,2026-06-01 00:30:00,30,6,4.0,0.9235032690860043,0.6826235129522733,0.5413543347979146,0.0,0.0,False,below threshold
8e36a6b6-a6b8-4353-9ed9-23a5f36cb314,2026-06-01 00:31:00,31,6,,0.9235032690860043,0.6826235129522733,0.5413543347979146,,0.0,True,below threshold
8e36a6b6-a6b8-4353-9ed9-23a5f36cb314,2026-06-01 00:32:00,32,6,4.0,0.9235032690860043,0.6826235129522733,0.5413543347979146,,0.0,True,below threshold
8e36a6b6-a6b8-4353-9ed9-23a5f36cb314,2026-06-01 00:33:00,33,6,2.0,0.9235032690860043,0.6826235129522733,0.5413543347979146,4.0,4.0,True,below threshold
8e36a6b6-a6b8-4353-9ed9-23a5f36cb314,2026-06-01 00:34:00,34,6,3.0,0.9235032690860043,0.6826235129522733,0.5413543347979146,1.0,2.5,True,below threshold
921da1cf-a5f9-4556-9482-2e92c60385b0,2026-06-01 00:00:00,0,0,2.0,1.4625027856339186,0.317457929556758,2.9197981234057764,,,False,missing or insufficient EMA data
921da1cf-a5f9-4556-9482-2e92c60385b0,2026-06-01 00:01:00,1,0,2.0,1.4625027856339186,0.317457929556758,2.9197981234057764,0.0,0.0,True,below threshold
921da1cf-a5f9-4556-9482-2e92c60385b0,2026-06-01 00:02:00,2,0,,1.4625027856339186,0.317457929556758,2.9197981234057764,,0.0,True,below threshold
921da1cf-a5f9-4556-9482-2e92c60385b0,2026-06-01 00:03:00,3,0,4.0,1.4625027856339186,0.317457929556758,2.9197981234057764,,0.0,True,below threshold
921da1cf-a5f9-4556-9482-2e92c60385b0,2026-06-01 00:04:00,4,0,,1.4625027856339186,0.317457929556758,2.9197981234057764,,,True,below threshold
921da1cf-a5f9-4556-9482-2e92c60385b0,2026-06-01 00:05:00,5,1,4.0,1.4625027856339186,0.317457929556758,2.9197981234057764,,,True,below threshold
921da1cf-a5f9-4556-9482-2e92c60385b0,2026-06-01 00:06:00,6,1,1.0,1.4625027856339186,0.317457929556758,2.9197981234057764,9.0,9.0,True,below threshold
921da1cf-a5f9-4556-9482-2e92c60385b0,2026-06-01 00:07:00,7,1,3.0,1.4625027856339186,0.317457929556758,2.9197981234057764,4.0,6.5,True,below threshold
921da1cf-a5f9-4556-9482-2e92c60385b0,2026-06-01 00:08:00,8,1,3.0,1.4625027856339186,0.317457929556758,2.9197981234057764,0.0,4.333333333333333,True,below threshold
921da1cf-a5f9-4556-9482-2e92c60385b0,2026-06-01 00:09:00,9,1,1.0,1.4625027856339186,0.317457929556758,2.9197981234057764,4.0,2.6666666666666665,True,below threshold
921da1cf-a5f9-4556-9482-2e92c60385b0,2026-06-01 00:10:00,10,2,1.0,1.4625027856339186,0.317457929556758,2.9197981234057764,0.0,1.3333333333333333,True,prompt sent
921da1cf-a5f9-4556-9482-2e92c60385b0,2026-06-01 00:11:00,11,2,2.0,1.4625027856339186,0.317457929556758,2.9197981234057764,1.0,1.6666666666666667,True,cooldown active
921da1cf-a5f9-4556-9482-2e92c60385b0,2026-06-01 00:12:00,12,2,3.0,1.4625027856339186,0.317457929556758,2.9197981234057764,1.0,0.6666666666666666,True,cooldown active
921da1cf-a5f9-4556-9482-2e92c60385b0,2026-06-01 00:13:00,13,2,3.0,1.4625027856339186,0.317457929556758,2.9197981234057764,0.0,0.6666666666666666,True,cooldown active
921da1cf-a5f9-4556-9482-2e92c60385b0,2026-06-01 00:14:00,14,2,3.0,1.4625027856339186,0.317457929556758,2.9197981234057764,0.0,0.3333333333333333,True,cooldown active
921da1cf-a5f9-4556-9482-2e92c60385b0,2026-06-01 00:15:00,15,3,4.0,1.4625027856339186,0.317457929556758,2.9197981234057764,1.0,0.3333333333333333,True,below threshold
921da1cf-a5f9-4556-9482-2e92c60385b0,2026-06-01 00:16:00,16,3,5.0,1.4625027856339186,0.317457929556758,2.9197981234057764,1.0,0.6666666666666666,True,missing or insufficient EMA data
921da1cf-a5f9-4556-9482-2e92c60385b0,2026-06-01 00:17:00,17,3,1.0,1.4625027856339186,0.317457929556758,2.9197981234057764,16.0,6.0,True,missing or insufficient EMA data
921da1cf-a5f9-4556-9482-2e92c60385b0,2026-06-01 00:18:00,18,3,1.0,1.4625027856339186,0.317457929556758,2.9197981234057764,0.0,5.666666666666667,True,missing or insufficient EMA data
921da1cf-a5f9-4556-9482-2e92c60385b0,2026-06-01 00:19:00,19,3,1.0,1.4625027856339186,0.317457929556758,2.9197981234057764,0.0,5.333333333333333,True,below threshold
921da1cf-a5f9-4556-9482-2e92c60385b0,2026-06-01 00:20:00,20,4,1.0,1.4625027856339186,0.317457929556758,2.9197981234057764,0.0,0.0,True,below threshold
921da1cf-a5f9-4556-9482-2e92c60385b0,2026-06-01 00:21:00,21,4,1.0,1.4625027856339186,0.317457929556758,2.9197981234057764,0.0,0.0,True,prompt sent
921da1cf-a5f9-4556-9482-2e92c60385b0,2026-06-01 00:22:00,22,4,4.0,1.4625027856339186,0.317457929556758,2.9197981234057764,9.0,3.0,True,cooldown active
921da1cf-a5f9-4556-9482-2e92c60385b0,2026-06-01 00:23:00,23,4,1.0,1.4625027856339186,0.317457929556758,2.9197981234057764,9.0,6.0,True,cooldown active
921da1cf-a5f9-4556-9482-2e92c60385b0,2026-06-01 00:24:00,24,4,2.0,1.4625027856339186,0.317457929556758,2.9197981234057764,1.0,6.333333333333333,True,below threshold
921da1cf-a5f9-4556-9482-2e92c60385b0,2026-06-01 00:25:00,25,5,1.0,1.4625027856339186,0.317457929556758,2.9197981234057764,1.0,3.6666666666666665,True,below threshold
921da1cf-a5f9-4556-9482-2e92c60385b0,2026-06-01 00:26:00,26,5,1.0,1.4625027856339186,0.317457929556758,2.9197981234057764,0.0,0.6666666666666666,True,below threshold
921da1cf-a5f9-4556-9482-2e92c60385b0,2026-06-01 00:27:00,27,5,4.0,1.4625027856339186,0.317457929556758,2.9197981234057764,9.0,3.3333333333333335,True,below threshold
921da1cf-a5f9-4556-9482-2e92c60385b0,2026-06-01 00:28:00,28,5,2.0,1.4625027856339186,0.317457929556758,2.9197981234057764,4.0,4.333333333333333,True,below threshold
921da1cf-a5f9-4556-9482-2e92c60385b0,2026-06-01 00:29:00,29,5,3.0,1.4625027856339186,0.317457929556758,2.9197981234057764,1.0,4.666666666666667,True,below threshold
921da1cf-a5f9-4556-9482-2e92c60385b0,2026-06-01 00:30:00,30,6,1.0,1.4625027856339186,0.317457929556758,2.9197981234057764,4.0,3.0,False,below threshold
921da1cf-a5f9-4556-9482-2e92c60385b0,2026-06-01 00:31:00,31,6,4.0,1.4625027856339186,0.317457929556758,2.9197981234057764,9.0,4.666666666666667,True,below threshold
921da1cf-a5f9-4556-9482-2e92c60385b0,2026-06-01 00:32:00,32,6,4.0,1.4625027856339186,0.317457929556758,2.9197981234057764,0.0,4.333333333333333,True,below threshold
921da1cf-a5f9-4556-9482-2e92c60385b0,2026-06-01 00:33:00,33,6,2.0,1.4625027856339186,0.317457929556758,2.9197981234057764,4.0,4.333333333333333,True,below threshold
921da1cf-a5f9-4556-9482-2e92c60385b0,2026-06-01 00:34:00,34,6,3.0,1.4625027856339186,0.317457929556758,2.9197981234057764,1.0,1.6666666666666667,True,below threshold
94d4932d-c532-43db-b28d-e5926a8df5b1,2026-06-01 00:00:00,0,0,,0.37676705088992796,0.6162223116342709,0.10895710357925571,,,False,missing or insufficient EMA data
94d4932d-c532-43db-b28d-e5926a8df5b1,2026-06-01 00:01:00,1,0,3.0,0.37676705088992796,0.6162223116342709,0.10895710357925571,,,True,below threshold
94d4932d-c532-43db-b28d-e5926a8df5b1,2026-06-01 00:02:00,2,0,3.0,0.37676705088992796,0.6162223116342709,0.10895710357925571,0.0,0.0,True,below threshold
94d4932d-c532-43db-b28d-e5926a8df5b1,2026-06-01 00:03:00,3,0,3.0,0.37676705088992796,0.6162223116342709,0.10895710357925571,0.0,0.0,True,below threshold
94d4932d-c532-43db-b28d-e5926a8df5b1,2026-06-01 00:04:00,4,0,3.0,0.37676705088992796,0.6162223116342709,0.10895710357925571,0.0,0.0,True,below threshold
94d4932d-c532-43db-b28d-e5926a8df5b1,2026-06-01 00:05:00,5,1,3.0,0.37676705088992796,0.6162223116342709,0.10895710357925571,0.0,0.0,True,below threshold
94d4932d-c532-43db-b28d-e5926a8df5b1,2026-06-01 00:06:00,6,1,2.0,0.37676705088992796,0.6162223116342709,0.10895710357925571,1.0,0.3333333333333333,True,below threshold
94d4932d-c532-43db-b28d-e5926a8df5b1,2026-06-01 00:07:00,7,1,2.0,0.37676705088992796,0.6162223116342709,0.10895710357925571,0.0,0.3333333333333333,True,below threshold
94d4932d-c532-43db-b28d-e5926a8df5b1,2026-06-01 00:08:00,8,1,3.0,0.37676705088992796,0.6162223116342709,0.10895710357925571,1.0,0.6666666666666666,True,below threshold
94d4932d-c532-43db-b28d-e5926a8df5b1,2026-06-01 00:09:00,9,1,3.0,0.37676705088992796,0.6162223116342709,0.10895710357925571,0.0,0.3333333333333333,True,below threshold
94d4932d-c532-43db-b28d-e5926a8df5b1,2026-06-01 00:10:00,10,2,3.0,0.37676705088992796,0.6162223116342709,0.10895710357925571,0.0,0.3333333333333333,True,prompt sent
94d4932d-c532-43db-b28d-e5926a8df5b1,2026-06-01 00:11:00,11,2,3.0,0.37676705088992796,0.6162223116342709,0.10895710357925571,0.0,0.0,True,cooldown active
94d4932d-c532-43db-b28d-e5926a8df5b1,2026-06-01 00:12:00,12,2,2.0,0.37676705088992796,0.6162223116342709,0.10895710357925571,1.0,0.3333333333333333,True,cooldown active
94d4932d-c532-43db-b28d-e5926a8df5b1,2026-06-01 00:13:00,13,2,3.0,0.37676705088992796,0.6162223116342709,0.10895710357925571,1.0,0.6666666666666666,True,cooldown active
94d4932d-c532-43db-b28d-e5926a8df5b1,2026-06-01 00:14:00,14,2,3.0,0.37676705088992796,0.6162223116342709,0.10895710357925571,0.0,0.6666666666666666,True,cooldown active
94d4932d-c532-43db-b28d-e5926a8df5b1,2026-06-01 00:15:00,15,3,3.0,0.37676705088992796,0.6162223116342709,0.10895710357925571,0.0,0.3333333333333333,True,below threshold
94d4932d-c532-43db-b28d-e5926a8df5b1,2026-06-01 00:16:00,16,3,2.0,0.37676705088992796,0.6162223116342709,0.10895710357925571,1.0,0.3333333333333333,True,missing or insufficient EMA data
94d4932d-c532-43db-b28d-e5926a8df5b1,2026-06-01 00:17:00,17,3,3.0,0.37676705088992796,0.6162223116342709,0.10895710357925571,1.0,0.6666666666666666,True,missing or insufficient EMA data
94d4932d-c532-43db-b28d-e5926a8df5b1,2026-06-01 00:18:00,18,3,3.0,0.37676705088992796,0.6162223116342709,0.10895710357925571,0.0,0.6666666666666666,True,missing or insufficient EMA data
94d4932d-c532-43db-b28d-e5926a8df5b1,2026-06-01 00:19:00,19,3,,0.37676705088992796,0.6162223116342709,0.10895710357925571,,0.5,True,below threshold
94d4932d-c532-43db-b28d-e5926a8df5b1,2026-06-01 00:20:00,20,4,,0.37676705088992796,0.6162223116342709,0.10895710357925571,,0.0,True,below threshold
94d4932d-c532-43db-b28d-e5926a8df5b1,2026-06-01 00:21:00,21,4,2.0,0.37676705088992796,0.6162223116342709,0.10895710357925571,,,True,prompt sent
94d4932d-c532-43db-b28d-e5926a8df5b1,2026-06-01 00:22:00,22,4,2.0,0.37676705088992796,0.6162223116342709,0.10895710357925571,0.0,0.0,True,cooldown active
94d4932d-c532-43db-b28d-e5926a8df5b1,2026-06-01 00:23:00,23,4,3.0,0.37676705088992796,0.6162223116342709,0.10895710357925571,1.0,0.5,True,cooldown active
94d4932d-c532-43db-b28d-e5926a8df5b1,2026-06-01 00:24:00,24,4,,0.37676705088992796,0.6162223116342709,0.10895710357925571,,0.5,True,below threshold
94d4932d-c532-43db-b28d-e5926a8df5b1,2026-06-01 00:25:00,25,5,,0.37676705088992796,0.6162223116342709,0.10895710357925571,,1.0,True,below threshold
94d4932d-c532-43db-b28d-e5926a8df5b1,2026-06-01 00:26:00,26,5,,0.37676705088992796,0.6162223116342709,0.10895710357925571,,,True,below threshold
94d4932d-c532-43db-b28d-e5926a8df5b1,2026-06-01 00:27:00,27,5,,0.37676705088992796,0.6162223116342709,0.10895710357925571,,,True,below threshold
94d4932d-c532-43db-b28d-e5926a8df5b1,2026-06-01 00:28:00,28,5,2.0,0.37676705088992796,0.6162223116342709,0.10895710357925571,,,True,below threshold
94d4932d-c532-43db-b28d-e5926a8df5b1,2026-06-01 00:29:00,29,5,2.0,0.37676705088992796,0.6162223116342709,0.10895710357925571,0.0,0.0,True,below threshold
94d4932d-c532-43db-b28d-e5926a8df5b1,2026-06-01 00:30:00,30,6,3.0,0.37676705088992796,0.6162223116342709,0.10895710357925571,1.0,0.5,False,below threshold
94d4932d-c532-43db-b28d-e5926a8df5b1,2026-06-01 00:31:00,31,6,3.0,0.37676705088992796,0.6162223116342709,0.10895710357925571,0.0,0.3333333333333333,True,below threshold
94d4932d-c532-43db-b28d-e5926a8df5b1,2026-06-01 00:32:00,32,6,2.0,0.37676705088992796,0.6162223116342709,0.10895710357925571,1.0,0.6666666666666666,True,below threshold
94d4932d-c532-43db-b28d-e5926a8df5b1,2026-06-01 00:33:00,33,6,2.0,0.37676705088992796,0.6162223116342709,0.10895710357925571,0.0,0.3333333333333333,True,below threshold
94d4932d-c532-43db-b28d-e5926a8df5b1,2026-06-01 00:34:00,34,6,2.0,0.37676705088992796,0.6162223116342709,0.10895710357925571,0.0,0.3333333333333333,True,below threshold
94eec1fd-8da0-4a7a-9593-86f3e7da6959,2026-06-01 00:00:00,0,0,4.0,0.5213659010149271,0.1661887454643774,0.453297157280899,,,False,missing or insufficient EMA data
94eec1fd-8da0-4a7a-9593-86f3e7da6959,2026-06-01 00:01:00,1,0,2.0,0.5213659010149271,0.1661887454643774,0.453297157280899,4.0,4.0,True,below threshold
94eec1fd-8da0-4a7a-9593-86f3e7da6959,2026-06-01 00:02:00,2,0,4.0,0.5213659010149271,0.1661887454643774,0.453297157280899,4.0,4.0,True,below threshold
94eec1fd-8da0-4a7a-9593-86f3e7da6959,2026-06-01 00:03:00,3,0,3.0,0.5213659010149271,0.1661887454643774,0.453297157280899,1.0,3.0,True,below threshold
94eec1fd-8da0-4a7a-9593-86f3e7da6959,2026-06-01 00:04:00,4,0,3.0,0.5213659010149271,0.1661887454643774,0.453297157280899,0.0,1.6666666666666667,True,below threshold
94eec1fd-8da0-4a7a-9593-86f3e7da6959,2026-06-01 00:05:00,5,1,2.0,0.5213659010149271,0.1661887454643774,0.453297157280899,1.0,0.6666666666666666,True,below threshold
94eec1fd-8da0-4a7a-9593-86f3e7da6959,2026-06-01 00:06:00,6,1,4.0,0.5213659010149271,0.1661887454643774,0.453297157280899,4.0,1.6666666666666667,True,below threshold
94eec1fd-8da0-4a7a-9593-86f3e7da6959,2026-06-01 00:07:00,7,1,3.0,0.5213659010149271,0.1661887454643774,0.453297157280899,1.0,2.0,True,below threshold
94eec1fd-8da0-4a7a-9593-86f3e7da6959,2026-06-01 00:08:00,8,1,3.0,0.5213659010149271,0.1661887454643774,0.453297157280899,0.0,1.6666666666666667,True,below threshold
94eec1fd-8da0-4a7a-9593-86f3e7da6959,2026-06-01 00:09:00,9,1,3.0,0.5213659010149271,0.1661887454643774,0.453297157280899,0.0,0.3333333333333333,True,below threshold
94eec1fd-8da0-4a7a-9593-86f3e7da6959,2026-06-01 00:10:00,10,2,3.0,0.5213659010149271,0.1661887454643774,0.453297157280899,0.0,0.0,True,prompt sent
94eec1fd-8da0-4a7a-9593-86f3e7da6959,2026-06-01 00:11:00,11,2,3.0,0.5213659010149271,0.1661887454643774,0.453297157280899,0.0,0.0,True,cooldown active
94eec1fd-8da0-4a7a-9593-86f3e7da6959,2026-06-01 00:12:00,12,2,3.0,0.5213659010149271,0.1661887454643774,0.453297157280899,0.0,0.0,True,cooldown active
94eec1fd-8da0-4a7a-9593-86f3e7da6959,2026-06-01 00:13:00,13,2,2.0,0.5213659010149271,0.1661887454643774,0.453297157280899,1.0,0.3333333333333333,True,cooldown active
94eec1fd-8da0-4a7a-9593-86f3e7da6959,2026-06-01 00:14:00,14,2,3.0,0.5213659010149271,0.1661887454643774,0.453297157280899,1.0,0.6666666666666666,True,cooldown active
94eec1fd-8da0-4a7a-9593-86f3e7da6959,2026-06-01 00:15:00,15,3,4.0,0.5213659010149271,0.1661887454643774,0.453297157280899,1.0,1.0,True,below threshold
94eec1fd-8da0-4a7a-9593-86f3e7da6959,2026-06-01 00:16:00,16,3,3.0,0.5213659010149271,0.1661887454643774,0.453297157280899,1.0,1.0,True,missing or insufficient EMA data
94eec1fd-8da0-4a7a-9593-86f3e7da6959,2026-06-01 00:17:00,17,3,3.0,0.5213659010149271,0.1661887454643774,0.453297157280899,0.0,0.6666666666666666,True,missing or insufficient EMA data
94eec1fd-8da0-4a7a-9593-86f3e7da6959,2026-06-01 00:18:00,18,3,3.0,0.5213659010149271,0.1661887454643774,0.453297157280899,0.0,0.3333333333333333,True,missing or insufficient EMA data
94eec1fd-8da0-4a7a-9593-86f3e7da6959,2026-06-01 00:19:00,19,3,3.0,0.5213659010149271,0.1661887454643774,0.453297157280899,0.0,0.0,True,below threshold
94eec1fd-8da0-4a7a-9593-86f3e7da6959,2026-06-01 00:20:00,20,4,3.0,0.5213659010149271,0.1661887454643774,0.453297157280899,0.0,0.0,True,below threshold
94eec1fd-8da0-4a7a-9593-86f3e7da6959,2026-06-01 00:21:00,21,4,2.0,0.5213659010149271,0.1661887454643774,0.453297157280899,1.0,0.3333333333333333,True,prompt sent
94eec1fd-8da0-4a7a-9593-86f3e7da6959,2026-06-01 00:22:00,22,4,3.0,0.5213659010149271,0.1661887454643774,0.453297157280899,1.0,0.6666666666666666,True,cooldown active
94eec1fd-8da0-4a7a-9593-86f3e7da6959,2026-06-01 00:23:00,23,4,3.0,0.5213659010149271,0.1661887454643774,0.453297157280899,0.0,0.6666666666666666,True,cooldown active
94eec1fd-8da0-4a7a-9593-86f3e7da6959,2026-06-01 00:24:00,24,4,4.0,0.5213659010149271,0.1661887454643774,0.453297157280899,1.0,0.6666666666666666,True,below threshold
94eec1fd-8da0-4a7a-9593-86f3e7da6959,2026-06-01 00:25:00,25,5,3.0,0.5213659010149271,0.1661887454643774,0.453297157280899,1.0,0.6666666666666666,True,below threshold
94eec1fd-8da0-4a7a-9593-86f3e7da6959,2026-06-01 00:26:00,26,5,3.0,0.5213659010149271,0.1661887454643774,0.453297157280899,0.0,0.6666666666666666,True,below threshold
94eec1fd-8da0-4a7a-9593-86f3e7da6959,2026-06-01 00:27:00,27,5,4.0,0.5213659010149271,0.1661887454643774,0.453297157280899,1.0,0.6666666666666666,True,below threshold
94eec1fd-8da0-4a7a-9593-86f3e7da6959,2026-06-01 00:28:00,28,5,3.0,0.5213659010149271,0.1661887454643774,0.453297157280899,1.0,0.6666666666666666,True,below threshold
94eec1fd-8da0-4a7a-9593-86f3e7da6959,2026-06-01 00:29:00,29,5,3.0,0.5213659010149271,0.1661887454643774,0.453297157280899,0.0,0.6666666666666666,True,below threshold
94eec1fd-8da0-4a7a-9593-86f3e7da6959,2026-06-01 00:30:00,30,6,4.0,0.5213659010149271,0.1661887454643774,0.453297157280899,1.0,0.6666666666666666,False,below threshold
94eec1fd-8da0-4a7a-9593-86f3e7da6959,2026-06-01 00:31:00,31,6,3.0,0.5213659010149271,0.1661887454643774,0.453297157280899,1.0,0.6666666666666666,True,below threshold
94eec1fd-8da0-4a7a-9593-86f3e7da6959,2026-06-01 00:32:00,32,6,3.0,0.5213659010149271,0.1661887454643774,0.453297157280899,0.0,0.6666666666666666,True,below threshold
94eec1fd-8da0-4a7a-9593-86f3e7da6959,2026-06-01 00:33:00,33,6,3.0,0.5213659010149271,0.1661887454643774,0.453297157280899,0.0,0.3333333333333333,True,below threshold
94eec1fd-8da0-4a7a-9593-86f3e7da6959,2026-06-01 00:34:00,34,6,2.0,0.5213659010149271,0.1661887454643774,0.453297157280899,1.0,0.3333333333333333,True,below threshold
982f96ad-1991-43a9-8bed-687bc9736a46,2026-06-01 00:00:00,0,0,2.0,0.9333843873685685,0.56863613174912,0.7516139380793488,,,False,missing or insufficient EMA data
982f96ad-1991-43a9-8bed-687bc9736a46,2026-06-01 00:01:00,1,0,2.0,0.9333843873685685,0.56863613174912,0.7516139380793488,0.0,0.0,True,below threshold
982f96ad-1991-43a9-8bed-687bc9736a46,2026-06-01 00:02:00,2,0,2.0,0.9333843873685685,0.56863613174912,0.7516139380793488,0.0,0.0,True,below threshold
982f96ad-1991-43a9-8bed-687bc9736a46,2026-06-01 00:03:00,3,0,2.0,0.9333843873685685,0.56863613174912,0.7516139380793488,0.0,0.0,True,below threshold
982f96ad-1991-43a9-8bed-687bc9736a46,2026-06-01 00:04:00,4,0,2.0,0.9333843873685685,0.56863613174912,0.7516139380793488,0.0,0.0,True,below threshold
982f96ad-1991-43a9-8bed-687bc9736a46,2026-06-01 00:05:00,5,1,3.0,0.9333843873685685,0.56863613174912,0.7516139380793488,1.0,0.3333333333333333,True,below threshold
982f96ad-1991-43a9-8bed-687bc9736a46,2026-06-01 00:06:00,6,1,3.0,0.9333843873685685,0.56863613174912,0.7516139380793488,0.0,0.3333333333333333,True,below threshold
982f96ad-1991-43a9-8bed-687bc9736a46,2026-06-01 00:07:00,7,1,3.0,0.9333843873685685,0.56863613174912,0.7516139380793488,0.0,0.3333333333333333,True,below threshold
982f96ad-1991-43a9-8bed-687bc9736a46,2026-06-01 00:08:00,8,1,3.0,0.9333843873685685,0.56863613174912,0.7516139380793488,0.0,0.0,True,below threshold
982f96ad-1991-43a9-8bed-687bc9736a46,2026-06-01 00:09:00,9,1,1.0,0.9333843873685685,0.56863613174912,0.7516139380793488,4.0,1.3333333333333333,True,below threshold
982f96ad-1991-43a9-8bed-687bc9736a46,2026-06-01 00:10:00,10,2,2.0,0.9333843873685685,0.56863613174912,0.7516139380793488,1.0,1.6666666666666667,True,prompt sent
982f96ad-1991-43a9-8bed-687bc9736a46,2026-06-01 00:11:00,11,2,5.0,0.9333843873685685,0.56863613174912,0.7516139380793488,9.0,4.666666666666667,True,cooldown active
982f96ad-1991-43a9-8bed-687bc9736a46,2026-06-01 00:12:00,12,2,4.0,0.9333843873685685,0.56863613174912,0.7516139380793488,1.0,3.6666666666666665,True,cooldown active
982f96ad-1991-43a9-8bed-687bc9736a46,2026-06-01 00:13:00,13,2,3.0,0.9333843873685685,0.56863613174912,0.7516139380793488,1.0,3.6666666666666665,True,cooldown active
982f96ad-1991-43a9-8bed-687bc9736a46,2026-06-01 00:14:00,14,2,4.0,0.9333843873685685,0.56863613174912,0.7516139380793488,1.0,1.0,True,cooldown active
982f96ad-1991-43a9-8bed-687bc9736a46,2026-06-01 00:15:00,15,3,4.0,0.9333843873685685,0.56863613174912,0.7516139380793488,0.0,0.6666666666666666,True,below threshold
982f96ad-1991-43a9-8bed-687bc9736a46,2026-06-01 00:16:00,16,3,4.0,0.9333843873685685,0.56863613174912,0.7516139380793488,0.0,0.3333333333333333,True,missing or insufficient EMA data
982f96ad-1991-43a9-8bed-687bc9736a46,2026-06-01 00:17:00,17,3,,0.9333843873685685,0.56863613174912,0.7516139380793488,,0.0,True,missing or insufficient EMA data
982f96ad-1991-43a9-8bed-687bc9736a46,2026-06-01 00:18:00,18,3,,0.9333843873685685,0.56863613174912,0.7516139380793488,,0.0,True,missing or insufficient EMA data
982f96ad-1991-43a9-8bed-687bc9736a46,2026-06-01 00:19:00,19,3,,0.9333843873685685,0.56863613174912,0.7516139380793488,,,True,below threshold
982f96ad-1991-43a9-8bed-687bc9736a46,2026-06-01 00:20:00,20,4,4.0,0.9333843873685685,0.56863613174912,0.7516139380793488,,,True,below threshold
982f96ad-1991-43a9-8bed-687bc9736a46,2026-06-01 00:21:00,21,4,3.0,0.9333843873685685,0.56863613174912,0.7516139380793488,1.0,1.0,True,prompt sent
982f96ad-1991-43a9-8bed-687bc9736a46,2026-06-01 00:22:00,22,4,3.0,0.9333843873685685,0.56863613174912,0.7516139380793488,0.0,0.5,True,cooldown active
982f96ad-1991-43a9-8bed-687bc9736a46,2026-06-01 00:23:00,23,4,2.0,0.9333843873685685,0.56863613174912,0.7516139380793488,1.0,0.6666666666666666,True,cooldown active
982f96ad-1991-43a9-8bed-687bc9736a46,2026-06-01 00:24:00,24,4,3.0,0.9333843873685685,0.56863613174912,0.7516139380793488,1.0,0.6666666666666666,True,below threshold
982f96ad-1991-43a9-8bed-687bc9736a46,2026-06-01 00:25:00,25,5,2.0,0.9333843873685685,0.56863613174912,0.7516139380793488,1.0,1.0,True,below threshold
982f96ad-1991-43a9-8bed-687bc9736a46,2026-06-01 00:26:00,26,5,2.0,0.9333843873685685,0.56863613174912,0.7516139380793488,0.0,0.6666666666666666,True,below threshold
982f96ad-1991-43a9-8bed-687bc9736a46,2026-06-01 00:27:00,27,5,2.0,0.9333843873685685,0.56863613174912,0.7516139380793488,0.0,0.3333333333333333,True,below threshold
982f96ad-1991-43a9-8bed-687bc9736a46,2026-06-01 00:28:00,28,5,2.0,0.9333843873685685,0.56863613174912,0.7516139380793488,0.0,0.0,True,below threshold
982f96ad-1991-43a9-8bed-687bc9736a46,2026-06-01 00:29:00,29,5,3.0,0.9333843873685685,0.56863613174912,0.7516139380793488,1.0,0.3333333333333333,True,below threshold
982f96ad-1991-43a9-8bed-687bc9736a46,2026-06-01 00:30:00,30,6,,0.9333843873685685,0.56863613174912,0.7516139380793488,,0.5,False,below threshold
982f96ad-1991-43a9-8bed-687bc9736a46,2026-06-01 00:31:00,31,6,,0.9333843873685685,0.56863613174912,0.7516139380793488,,1.0,True,below threshold
982f96ad-1991-43a9-8bed-687bc9736a46,2026-06-01 00:32:00,32,6,2.0,0.9333843873685685,0.56863613174912,0.7516139380793488,,,True,below threshold
982f96ad-1991-43a9-8bed-687bc9736a46,2026-06-01 00:33:00,33,6,1.0,0.9333843873685685,0.56863613174912,0.7516139380793488,1.0,1.0,True,below threshold
982f96ad-1991-43a9-8bed-687bc9736a46,2026-06-01 00:34:00,34,6,1.0,0.9333843873685685,0.56863613174912,0.7516139380793488,0.0,0.5,True,below threshold
9c397e35-1e8b-4ada-b35c-c6624867d635,2026-06-01 00:00:00,0,0,,0.8383173696205615,0.6797361269263316,0.450147535145707,,,False,missing or insufficient EMA data
9c397e35-1e8b-4ada-b35c-c6624867d635,2026-06-01 00:01:00,1,0,,0.8383173696205615,0.6797361269263316,0.450147535145707,,,True,below threshold
9c397e35-1e8b-4ada-b35c-c6624867d635,2026-06-01 00:02:00,2,0,,0.8383173696205615,0.6797361269263316,0.450147535145707,,,True,below threshold
9c397e35-1e8b-4ada-b35c-c6624867d635,2026-06-01 00:03:00,3,0,3.0,0.8383173696205615,0.6797361269263316,0.450147535145707,,,True,below threshold
9c397e35-1e8b-4ada-b35c-c6624867d635,2026-06-01 00:04:00,4,0,3.0,0.8383173696205615,0.6797361269263316,0.450147535145707,0.0,0.0,True,below threshold
9c397e35-1e8b-4ada-b35c-c6624867d635,2026-06-01 00:05:00,5,1,2.0,0.8383173696205615,0.6797361269263316,0.450147535145707,1.0,0.5,True,below threshold
9c397e35-1e8b-4ada-b35c-c6624867d635,2026-06-01 00:06:00,6,1,2.0,0.8383173696205615,0.6797361269263316,0.450147535145707,0.0,0.3333333333333333,True,below threshold
9c397e35-1e8b-4ada-b35c-c6624867d635,2026-06-01 00:07:00,7,1,2.0,0.8383173696205615,0.6797361269263316,0.450147535145707,0.0,0.3333333333333333,True,below threshold
9c397e35-1e8b-4ada-b35c-c6624867d635,2026-06-01 00:08:00,8,1,2.0,0.8383173696205615,0.6797361269263316,0.450147535145707,0.0,0.0,True,below threshold
9c397e35-1e8b-4ada-b35c-c6624867d635,2026-06-01 00:09:00,9,1,1.0,0.8383173696205615,0.6797361269263316,0.450147535145707,1.0,0.3333333333333333,True,below threshold
9c397e35-1e8b-4ada-b35c-c6624867d635,2026-06-01 00:10:00,10,2,2.0,0.8383173696205615,0.6797361269263316,0.450147535145707,1.0,0.6666666666666666,True,prompt sent
9c397e35-1e8b-4ada-b35c-c6624867d635,2026-06-01 00:11:00,11,2,2.0,0.8383173696205615,0.6797361269263316,0.450147535145707,0.0,0.6666666666666666,True,cooldown active
9c397e35-1e8b-4ada-b35c-c6624867d635,2026-06-01 00:12:00,12,2,4.0,0.8383173696205615,0.6797361269263316,0.450147535145707,4.0,1.6666666666666667,True,cooldown active
9c397e35-1e8b-4ada-b35c-c6624867d635,2026-06-01 00:13:00,13,2,3.0,0.8383173696205615,0.6797361269263316,0.450147535145707,1.0,1.6666666666666667,True,cooldown active
9c397e35-1e8b-4ada-b35c-c6624867d635,2026-06-01 00:14:00,14,2,3.0,0.8383173696205615,0.6797361269263316,0.450147535145707,0.0,1.6666666666666667,True,cooldown active
9c397e35-1e8b-4ada-b35c-c6624867d635,2026-06-01 00:15:00,15,3,3.0,0.8383173696205615,0.6797361269263316,0.450147535145707,0.0,0.3333333333333333,True,below threshold
9c397e35-1e8b-4ada-b35c-c6624867d635,2026-06-01 00:16:00,16,3,3.0,0.8383173696205615,0.6797361269263316,0.450147535145707,0.0,0.0,True,missing or insufficient EMA data
9c397e35-1e8b-4ada-b35c-c6624867d635,2026-06-01 00:17:00,17,3,4.0,0.8383173696205615,0.6797361269263316,0.450147535145707,1.0,0.3333333333333333,True,missing or insufficient EMA data
9c397e35-1e8b-4ada-b35c-c6624867d635,2026-06-01 00:18:00,18,3,4.0,0.8383173696205615,0.6797361269263316,0.450147535145707,0.0,0.3333333333333333,True,missing or insufficient EMA data
9c397e35-1e8b-4ada-b35c-c6624867d635,2026-06-01 00:19:00,19,3,4.0,0.8383173696205615,0.6797361269263316,0.450147535145707,0.0,0.3333333333333333,True,below threshold
9c397e35-1e8b-4ada-b35c-c6624867d635,2026-06-01 00:20:00,20,4,3.0,0.8383173696205615,0.6797361269263316,0.450147535145707,1.0,0.3333333333333333,True,below threshold
9c397e35-1e8b-4ada-b35c-c6624867d635,2026-06-01 00:21:00,21,4,3.0,0.8383173696205615,0.6797361269263316,0.450147535145707,0.0,0.3333333333333333,True,prompt sent
9c397e35-1e8b-4ada-b35c-c6624867d635,2026-06-01 00:22:00,22,4,2.0,0.8383173696205615,0.6797361269263316,0.450147535145707,1.0,0.6666666666666666,True,cooldown active
9c397e35-1e8b-4ada-b35c-c6624867d635,2026-06-01 00:23:00,23,4,2.0,0.8383173696205615,0.6797361269263316,0.450147535145707,0.0,0.3333333333333333,True,cooldown active
9c397e35-1e8b-4ada-b35c-c6624867d635,2026-06-01 00:24:00,24,4,2.0,0.8383173696205615,0.6797361269263316,0.450147535145707,0.0,0.3333333333333333,True,below threshold
9c397e35-1e8b-4ada-b35c-c6624867d635,2026-06-01 00:25:00,25,5,2.0,0.8383173696205615,0.6797361269263316,0.450147535145707,0.0,0.0,True,below threshold
9c397e35-1e8b-4ada-b35c-c6624867d635,2026-06-01 00:26:00,26,5,2.0,0.8383173696205615,0.6797361269263316,0.450147535145707,0.0,0.0,True,below threshold
9c397e35-1e8b-4ada-b35c-c6624867d635,2026-06-01 00:27:00,27,5,3.0,0.8383173696205615,0.6797361269263316,0.450147535145707,1.0,0.3333333333333333,True,below threshold
9c397e35-1e8b-4ada-b35c-c6624867d635,2026-06-01 00:28:00,28,5,3.0,0.8383173696205615,0.6797361269263316,0.450147535145707,0.0,0.3333333333333333,True,below threshold
9c397e35-1e8b-4ada-b35c-c6624867d635,2026-06-01 00:29:00,29,5,3.0,0.8383173696205615,0.6797361269263316,0.450147535145707,0.0,0.3333333333333333,True,below threshold
9c397e35-1e8b-4ada-b35c-c6624867d635,2026-06-01 00:30:00,30,6,2.0,0.8383173696205615,0.6797361269263316,0.450147535145707,1.0,0.3333333333333333,False,below threshold
9c397e35-1e8b-4ada-b35c-c6624867d635,2026-06-01 00:31:00,31,6,2.0,0.8383173696205615,0.6797361269263316,0.450147535145707,0.0,0.3333333333333333,True,below threshold
9c397e35-1e8b-4ada-b35c-c6624867d635,2026-06-01 00:32:00,32,6,2.0,0.8383173696205615,0.6797361269263316,0.450147535145707,0.0,0.3333333333333333,True,below threshold
9c397e35-1e8b-4ada-b35c-c6624867d635,2026-06-01 00:33:00,33,6,3.0,0.8383173696205615,0.6797361269263316,0.450147535145707,1.0,0.3333333333333333,True,below threshold
9c397e35-1e8b-4ada-b35c-c6624867d635,2026-06-01 00:34:00,34,6,3.0,0.8383173696205615,0.6797361269263316,0.450147535145707,0.0,0.3333333333333333,True,below threshold
9f398d10-8c57-45e9-9772-3d364ff23052,2026-06-01 00:00:00,0,0,3.0,0.5452388324990363,0.6083600878895461,0.2328576436871214,,,False,missing or insufficient EMA data
9f398d10-8c57-45e9-9772-3d364ff23052,2026-06-01 00:01:00,1,0,2.0,0.5452388324990363,0.6083600878895461,0.2328576436871214,1.0,1.0,True,below threshold
9f398d10-8c57-45e9-9772-3d364ff23052,2026-06-01 00:02:00,2,0,3.0,0.5452388324990363,0.6083600878895461,0.2328576436871214,1.0,1.0,True,below threshold
9f398d10-8c57-45e9-9772-3d364ff23052,2026-06-01 00:03:00,3,0,3.0,0.5452388324990363,0.6083600878895461,0.2328576436871214,0.0,0.6666666666666666,True,below threshold
9f398d10-8c57-45e9-9772-3d364ff23052,2026-06-01 00:04:00,4,0,4.0,0.5452388324990363,0.6083600878895461,0.2328576436871214,1.0,0.6666666666666666,True,below threshold
9f398d10-8c57-45e9-9772-3d364ff23052,2026-06-01 00:05:00,5,1,4.0,0.5452388324990363,0.6083600878895461,0.2328576436871214,0.0,0.3333333333333333,True,below threshold
9f398d10-8c57-45e9-9772-3d364ff23052,2026-06-01 00:06:00,6,1,3.0,0.5452388324990363,0.6083600878895461,0.2328576436871214,1.0,0.6666666666666666,True,below threshold
9f398d10-8c57-45e9-9772-3d364ff23052,2026-06-01 00:07:00,7,1,2.0,0.5452388324990363,0.6083600878895461,0.2328576436871214,1.0,0.6666666666666666,True,below threshold
9f398d10-8c57-45e9-9772-3d364ff23052,2026-06-01 00:08:00,8,1,3.0,0.5452388324990363,0.6083600878895461,0.2328576436871214,1.0,1.0,True,below threshold
9f398d10-8c57-45e9-9772-3d364ff23052,2026-06-01 00:09:00,9,1,3.0,0.5452388324990363,0.6083600878895461,0.2328576436871214,0.0,0.6666666666666666,True,below threshold
9f398d10-8c57-45e9-9772-3d364ff23052,2026-06-01 00:10:00,10,2,,0.5452388324990363,0.6083600878895461,0.2328576436871214,,0.5,True,prompt sent
9f398d10-8c57-45e9-9772-3d364ff23052,2026-06-01 00:11:00,11,2,4.0,0.5452388324990363,0.6083600878895461,0.2328576436871214,,0.0,True,cooldown active
9f398d10-8c57-45e9-9772-3d364ff23052,2026-06-01 00:12:00,12,2,4.0,0.5452388324990363,0.6083600878895461,0.2328576436871214,0.0,0.0,True,cooldown active
9f398d10-8c57-45e9-9772-3d364ff23052,2026-06-01 00:13:00,13,2,4.0,0.5452388324990363,0.6083600878895461,0.2328576436871214,0.0,0.0,True,cooldown active
9f398d10-8c57-45e9-9772-3d364ff23052,2026-06-01 00:14:00,14,2,3.0,0.5452388324990363,0.6083600878895461,0.2328576436871214,1.0,0.3333333333333333,True,cooldown active
9f398d10-8c57-45e9-9772-3d364ff23052,2026-06-01 00:15:00,15,3,3.0,0.5452388324990363,0.6083600878895461,0.2328576436871214,0.0,0.3333333333333333,True,below threshold
9f398d10-8c57-45e9-9772-3d364ff23052,2026-06-01 00:16:00,16,3,3.0,0.5452388324990363,0.6083600878895461,0.2328576436871214,0.0,0.3333333333333333,True,missing or insufficient EMA data
9f398d10-8c57-45e9-9772-3d364ff23052,2026-06-01 00:17:00,17,3,3.0,0.5452388324990363,0.6083600878895461,0.2328576436871214,0.0,0.0,True,missing or insufficient EMA data
9f398d10-8c57-45e9-9772-3d364ff23052,2026-06-01 00:18:00,18,3,3.0,0.5452388324990363,0.6083600878895461,0.2328576436871214,0.0,0.0,True,missing or insufficient EMA data
9f398d10-8c57-45e9-9772-3d364ff23052,2026-06-01 00:19:00,19,3,3.0,0.5452388324990363,0.6083600878895461,0.2328576436871214,0.0,0.0,True,below threshold
9f398d10-8c57-45e9-9772-3d364ff23052,2026-06-01 00:20:00,20,4,3.0,0.5452388324990363,0.6083600878895461,0.2328576436871214,0.0,0.0,True,below threshold
9f398d10-8c57-45e9-9772-3d364ff23052,2026-06-01 00:21:00,21,4,3.0,0.5452388324990363,0.6083600878895461,0.2328576436871214,0.0,0.0,True,prompt sent
9f398d10-8c57-45e9-9772-3d364ff23052,2026-06-01 00:22:00,22,4,3.0,0.5452388324990363,0.6083600878895461,0.2328576436871214,0.0,0.0,True,cooldown active
9f398d10-8c57-45e9-9772-3d364ff23052,2026-06-01 00:23:00,23,4,2.0,0.5452388324990363,0.6083600878895461,0.2328576436871214,1.0,0.3333333333333333,True,cooldown active
9f398d10-8c57-45e9-9772-3d364ff23052,2026-06-01 00:24:00,24,4,3.0,0.5452388324990363,0.6083600878895461,0.2328576436871214,1.0,0.6666666666666666,True,below threshold
9f398d10-8c57-45e9-9772-3d364ff23052,2026-06-01 00:25:00,25,5,3.0,0.5452388324990363,0.6083600878895461,0.2328576436871214,0.0,0.6666666666666666,True,below threshold
9f398d10-8c57-45e9-9772-3d364ff23052,2026-06-01 00:26:00,26,5,3.0,0.5452388324990363,0.6083600878895461,0.2328576436871214,0.0,0.3333333333333333,True,below threshold
9f398d10-8c57-45e9-9772-3d364ff23052,2026-06-01 00:27:00,27,5,3.0,0.5452388324990363,0.6083600878895461,0.2328576436871214,0.0,0.0,True,below threshold
9f398d10-8c57-45e9-9772-3d364ff23052,2026-06-01 00:28:00,28,5,3.0,0.5452388324990363,0.6083600878895461,0.2328576436871214,0.0,0.0,True,below threshold
9f398d10-8c57-45e9-9772-3d364ff23052,2026-06-01 00:29:00,29,5,3.0,0.5452388324990363,0.6083600878895461,0.2328576436871214,0.0,0.0,True,below threshold
9f398d10-8c57-45e9-9772-3d364ff23052,2026-06-01 00:30:00,30,6,3.0,0.5452388324990363,0.6083600878895461,0.2328576436871214,0.0,0.0,False,below threshold
9f398d10-8c57-45e9-9772-3d364ff23052,2026-06-01 00:31:00,31,6,2.0,0.5452388324990363,0.6083600878895461,0.2328576436871214,1.0,0.3333333333333333,True,below threshold
9f398d10-8c57-45e9-9772-3d364ff23052,2026-06-01 00:32:00,32,6,3.0,0.5452388324990363,0.6083600878895461,0.2328576436871214,1.0,0.6666666666666666,True,below threshold
9f398d10-8c57-45e9-9772-3d364ff23052,2026-06-01 00:33:00,33,6,4.0,0.5452388324990363,0.6083600878895461,0.2328576436871214,1.0,1.0,True,below threshold
9f398d10-8c57-45e9-9772-3d364ff23052,2026-06-01 00:34:00,34,6,,0.5452388324990363,0.6083600878895461,0.2328576436871214,,1.0,True,below threshold
a55f6226-601a-4c3a-9540-73f737f9a565,2026-06-01 00:00:00,0,0,2.0,1.0051619695836516,0.6026436356439754,0.8029384704384793,,,False,missing or insufficient EMA data
a55f6226-601a-4c3a-9540-73f737f9a565,2026-06-01 00:01:00,1,0,2.0,1.0051619695836516,0.6026436356439754,0.8029384704384793,0.0,0.0,True,below threshold
a55f6226-601a-4c3a-9540-73f737f9a565,2026-06-01 00:02:00,2,0,1.0,1.0051619695836516,0.6026436356439754,0.8029384704384793,1.0,0.5,True,below threshold
a55f6226-601a-4c3a-9540-73f737f9a565,2026-06-01 00:03:00,3,0,3.0,1.0051619695836516,0.6026436356439754,0.8029384704384793,4.0,1.6666666666666667,True,below threshold
a55f6226-601a-4c3a-9540-73f737f9a565,2026-06-01 00:04:00,4,0,3.0,1.0051619695836516,0.6026436356439754,0.8029384704384793,0.0,1.6666666666666667,True,below threshold
a55f6226-601a-4c3a-9540-73f737f9a565,2026-06-01 00:05:00,5,1,4.0,1.0051619695836516,0.6026436356439754,0.8029384704384793,1.0,1.6666666666666667,True,below threshold
a55f6226-601a-4c3a-9540-73f737f9a565,2026-06-01 00:06:00,6,1,4.0,1.0051619695836516,0.6026436356439754,0.8029384704384793,0.0,0.3333333333333333,True,below threshold
a55f6226-601a-4c3a-9540-73f737f9a565,2026-06-01 00:07:00,7,1,5.0,1.0051619695836516,0.6026436356439754,0.8029384704384793,1.0,0.6666666666666666,True,below threshold
a55f6226-601a-4c3a-9540-73f737f9a565,2026-06-01 00:08:00,8,1,3.0,1.0051619695836516,0.6026436356439754,0.8029384704384793,4.0,1.6666666666666667,True,below threshold
a55f6226-601a-4c3a-9540-73f737f9a565,2026-06-01 00:09:00,9,1,2.0,1.0051619695836516,0.6026436356439754,0.8029384704384793,1.0,2.0,True,below threshold
a55f6226-601a-4c3a-9540-73f737f9a565,2026-06-01 00:10:00,10,2,2.0,1.0051619695836516,0.6026436356439754,0.8029384704384793,0.0,1.6666666666666667,True,prompt sent
a55f6226-601a-4c3a-9540-73f737f9a565,2026-06-01 00:11:00,11,2,2.0,1.0051619695836516,0.6026436356439754,0.8029384704384793,0.0,0.3333333333333333,True,cooldown active
a55f6226-601a-4c3a-9540-73f737f9a565,2026-06-01 00:12:00,12,2,1.0,1.0051619695836516,0.6026436356439754,0.8029384704384793,1.0,0.3333333333333333,True,cooldown active
a55f6226-601a-4c3a-9540-73f737f9a565,2026-06-01 00:13:00,13,2,1.0,1.0051619695836516,0.6026436356439754,0.8029384704384793,0.0,0.3333333333333333,True,cooldown active
a55f6226-601a-4c3a-9540-73f737f9a565,2026-06-01 00:14:00,14,2,,1.0051619695836516,0.6026436356439754,0.8029384704384793,,0.5,True,cooldown active
a55f6226-601a-4c3a-9540-73f737f9a565,2026-06-01 00:15:00,15,3,,1.0051619695836516,0.6026436356439754,0.8029384704384793,,0.0,True,below threshold
a55f6226-601a-4c3a-9540-73f737f9a565,2026-06-01 00:16:00,16,3,,1.0051619695836516,0.6026436356439754,0.8029384704384793,,,True,missing or insufficient EMA data
a55f6226-601a-4c3a-9540-73f737f9a565,2026-06-01 00:17:00,17,3,,1.0051619695836516,0.6026436356439754,0.8029384704384793,,,True,missing or insufficient EMA data
a55f6226-601a-4c3a-9540-73f737f9a565,2026-06-01 00:18:00,18,3,,1.0051619695836516,0.6026436356439754,0.8029384704384793,,,True,missing or insufficient EMA data
a55f6226-601a-4c3a-9540-73f737f9a565,2026-06-01 00:19:00,19,3,3.0,1.0051619695836516,0.6026436356439754,0.8029384704384793,,,True,below threshold
a55f6226-601a-4c3a-9540-73f737f9a565,2026-06-01 00:20:00,20,4,3.0,1.0051619695836516,0.6026436356439754,0.8029384704384793,0.0,0.0,True,below threshold
a55f6226-601a-4c3a-9540-73f737f9a565,2026-06-01 00:21:00,21,4,4.0,1.0051619695836516,0.6026436356439754,0.8029384704384793,1.0,0.5,True,prompt sent
a55f6226-601a-4c3a-9540-73f737f9a565,2026-06-01 00:22:00,22,4,4.0,1.0051619695836516,0.6026436356439754,0.8029384704384793,0.0,0.3333333333333333,True,cooldown active
a55f6226-601a-4c3a-9540-73f737f9a565,2026-06-01 00:23:00,23,4,2.0,1.0051619695836516,0.6026436356439754,0.8029384704384793,4.0,1.6666666666666667,True,cooldown active
a55f6226-601a-4c3a-9540-73f737f9a565,2026-06-01 00:24:00,24,4,1.0,1.0051619695836516,0.6026436356439754,0.8029384704384793,1.0,1.6666666666666667,True,below threshold
a55f6226-601a-4c3a-9540-73f737f9a565,2026-06-01 00:25:00,25,5,1.0,1.0051619695836516,0.6026436356439754,0.8029384704384793,0.0,1.6666666666666667,True,below threshold
a55f6226-601a-4c3a-9540-73f737f9a565,2026-06-01 00:26:00,26,5,1.0,1.0051619695836516,0.6026436356439754,0.8029384704384793,0.0,0.3333333333333333,True,below threshold
a55f6226-601a-4c3a-9540-73f737f9a565,2026-06-01 00:27:00,27,5,2.0,1.0051619695836516,0.6026436356439754,0.8029384704384793,1.0,0.3333333333333333,True,below threshold
a55f6226-601a-4c3a-9540-73f737f9a565,2026-06-01 00:28:00,28,5,2.0,1.0051619695836516,0.6026436356439754,0.8029384704384793,0.0,0.3333333333333333,True,below threshold
a55f6226-601a-4c3a-9540-73f737f9a565,2026-06-01 00:29:00,29,5,4.0,1.0051619695836516,0.6026436356439754,0.8029384704384793,4.0,1.6666666666666667,True,below threshold
a55f6226-601a-4c3a-9540-73f737f9a565,2026-06-01 00:30:00,30,6,4.0,1.0051619695836516,0.6026436356439754,0.8029384704384793,0.0,1.3333333333333333,False,below threshold
a55f6226-601a-4c3a-9540-73f737f9a565,2026-06-01 00:31:00,31,6,,1.0051619695836516,0.6026436356439754,0.8029384704384793,,2.0,True,below threshold
a55f6226-601a-4c3a-9540-73f737f9a565,2026-06-01 00:32:00,32,6,,1.0051619695836516,0.6026436356439754,0.8029384704384793,,0.0,True,below threshold
a55f6226-601a-4c3a-9540-73f737f9a565,2026-06-01 00:33:00,33,6,2.0,1.0051619695836516,0.6026436356439754,0.8029384704384793,,,True,below threshold
a55f6226-601a-4c3a-9540-73f737f9a565,2026-06-01 00:34:00,34,6,2.0,1.0051619695836516,0.6026436356439754,0.8029384704384793,0.0,0.0,True,below threshold
a597db6c-a615-453f-b49a-5dc9dd6b8414,2026-06-01 00:00:00,0,0,,0.36206578999966926,0.7617916007079639,0.06245425768151684,,,False,missing or insufficient EMA data
a597db6c-a615-453f-b49a-5dc9dd6b8414,2026-06-01 00:01:00,1,0,,0.36206578999966926,0.7617916007079639,0.06245425768151684,,,True,below threshold
a597db6c-a615-453f-b49a-5dc9dd6b8414,2026-06-01 00:02:00,2,0,2.0,0.36206578999966926,0.7617916007079639,0.06245425768151684,,,True,below threshold
a597db6c-a615-453f-b49a-5dc9dd6b8414,2026-06-01 00:03:00,3,0,2.0,0.36206578999966926,0.7617916007079639,0.06245425768151684,0.0,0.0,True,below threshold
a597db6c-a615-453f-b49a-5dc9dd6b8414,2026-06-01 00:04:00,4,0,2.0,0.36206578999966926,0.7617916007079639,0.06245425768151684,0.0,0.0,True,below threshold
a597db6c-a615-453f-b49a-5dc9dd6b8414,2026-06-01 00:05:00,5,1,2.0,0.36206578999966926,0.7617916007079639,0.06245425768151684,0.0,0.0,True,below threshold
a597db6c-a615-453f-b49a-5dc9dd6b8414,2026-06-01 00:06:00,6,1,2.0,0.36206578999966926,0.7617916007079639,0.06245425768151684,0.0,0.0,True,below threshold
a597db6c-a615-453f-b49a-5dc9dd6b8414,2026-06-01 00:07:00,7,1,2.0,0.36206578999966926,0.7617916007079639,0.06245425768151684,0.0,0.0,True,below threshold
a597db6c-a615-453f-b49a-5dc9dd6b8414,2026-06-01 00:08:00,8,1,2.0,0.36206578999966926,0.7617916007079639,0.06245425768151684,0.0,0.0,True,below threshold
a597db6c-a615-453f-b49a-5dc9dd6b8414,2026-06-01 00:09:00,9,1,2.0,0.36206578999966926,0.7617916007079639,0.06245425768151684,0.0,0.0,True,below threshold
a597db6c-a615-453f-b49a-5dc9dd6b8414,2026-06-01 00:10:00,10,2,2.0,0.36206578999966926,0.7617916007079639,0.06245425768151684,0.0,0.0,True,prompt sent
a597db6c-a615-453f-b49a-5dc9dd6b8414,2026-06-01 00:11:00,11,2,2.0,0.36206578999966926,0.7617916007079639,0.06245425768151684,0.0,0.0,True,cooldown active
a597db6c-a615-453f-b49a-5dc9dd6b8414,2026-06-01 00:12:00,12,2,1.0,0.36206578999966926,0.7617916007079639,0.06245425768151684,1.0,0.3333333333333333,True,cooldown active
a597db6c-a615-453f-b49a-5dc9dd6b8414,2026-06-01 00:13:00,13,2,2.0,0.36206578999966926,0.7617916007079639,0.06245425768151684,1.0,0.6666666666666666,True,cooldown active
a597db6c-a615-453f-b49a-5dc9dd6b8414,2026-06-01 00:14:00,14,2,2.0,0.36206578999966926,0.7617916007079639,0.06245425768151684,0.0,0.6666666666666666,True,cooldown active
a597db6c-a615-453f-b49a-5dc9dd6b8414,2026-06-01 00:15:00,15,3,2.0,0.36206578999966926,0.7617916007079639,0.06245425768151684,0.0,0.3333333333333333,True,below threshold
a597db6c-a615-453f-b49a-5dc9dd6b8414,2026-06-01 00:16:00,16,3,2.0,0.36206578999966926,0.7617916007079639,0.06245425768151684,0.0,0.0,True,missing or insufficient EMA data
a597db6c-a615-453f-b49a-5dc9dd6b8414,2026-06-01 00:17:00,17,3,2.0,0.36206578999966926,0.7617916007079639,0.06245425768151684,0.0,0.0,True,missing or insufficient EMA data
a597db6c-a615-453f-b49a-5dc9dd6b8414,2026-06-01 00:18:00,18,3,,0.36206578999966926,0.7617916007079639,0.06245425768151684,,0.0,True,missing or insufficient EMA data
a597db6c-a615-453f-b49a-5dc9dd6b8414,2026-06-01 00:19:00,19,3,,0.36206578999966926,0.7617916007079639,0.06245425768151684,,0.0,True,below threshold
a597db6c-a615-453f-b49a-5dc9dd6b8414,2026-06-01 00:20:00,20,4,2.0,0.36206578999966926,0.7617916007079639,0.06245425768151684,,,True,below threshold
a597db6c-a615-453f-b49a-5dc9dd6b8414,2026-06-01 00:21:00,21,4,,0.36206578999966926,0.7617916007079639,0.06245425768151684,,,True,prompt sent
a597db6c-a615-453f-b49a-5dc9dd6b8414,2026-06-01 00:22:00,22,4,2.0,0.36206578999966926,0.7617916007079639,0.06245425768151684,,,True,cooldown active
a597db6c-a615-453f-b49a-5dc9dd6b8414,2026-06-01 00:23:00,23,4,2.0,0.36206578999966926,0.7617916007079639,0.06245425768151684,0.0,0.0,True,cooldown active
a597db6c-a615-453f-b49a-5dc9dd6b8414,2026-06-01 00:24:00,24,4,2.0,0.36206578999966926,0.7617916007079639,0.06245425768151684,0.0,0.0,True,below threshold
a597db6c-a615-453f-b49a-5dc9dd6b8414,2026-06-01 00:25:00,25,5,,0.36206578999966926,0.7617916007079639,0.06245425768151684,,0.0,True,below threshold
a597db6c-a615-453f-b49a-5dc9dd6b8414,2026-06-01 00:26:00,26,5,3.0,0.36206578999966926,0.7617916007079639,0.06245425768151684,,0.0,True,below threshold
a597db6c-a615-453f-b49a-5dc9dd6b8414,2026-06-01 00:27:00,27,5,3.0,0.36206578999966926,0.7617916007079639,0.06245425768151684,0.0,0.0,True,below threshold
a597db6c-a615-453f-b49a-5dc9dd6b8414,2026-06-01 00:28:00,28,5,3.0,0.36206578999966926,0.7617916007079639,0.06245425768151684,0.0,0.0,True,below threshold
a597db6c-a615-453f-b49a-5dc9dd6b8414,2026-06-01 00:29:00,29,5,2.0,0.36206578999966926,0.7617916007079639,0.06245425768151684,1.0,0.3333333333333333,True,below threshold
a597db6c-a615-453f-b49a-5dc9dd6b8414,2026-06-01 00:30:00,30,6,2.0,0.36206578999966926,0.7617916007079639,0.06245425768151684,0.0,0.3333333333333333,False,below threshold
a597db6c-a615-453f-b49a-5dc9dd6b8414,2026-06-01 00:31:00,31,6,2.0,0.36206578999966926,0.7617916007079639,0.06245425768151684,0.0,0.3333333333333333,True,below threshold
a597db6c-a615-453f-b49a-5dc9dd6b8414,2026-06-01 00:32:00,32,6,2.0,0.36206578999966926,0.7617916007079639,0.06245425768151684,0.0,0.0,True,below threshold
a597db6c-a615-453f-b49a-5dc9dd6b8414,2026-06-01 00:33:00,33,6,,0.36206578999966926,0.7617916007079639,0.06245425768151684,,0.0,True,below threshold
a597db6c-a615-453f-b49a-5dc9dd6b8414,2026-06-01 00:34:00,34,6,2.0,0.36206578999966926,0.7617916007079639,0.06245425768151684,,0.0,True,below threshold
a8927c14-272b-4fc5-823f-a048b6a61a9a,2026-06-01 00:00:00,0,0,2.0,0.43448444519843704,0.7039351946186146,0.111780293503054,,,False,missing or insufficient EMA data
a8927c14-272b-4fc5-823f-a048b6a61a9a,2026-06-01 00:01:00,1,0,2.0,0.43448444519843704,0.7039351946186146,0.111780293503054,0.0,0.0,True,below threshold
a8927c14-272b-4fc5-823f-a048b6a61a9a,2026-06-01 00:02:00,2,0,2.0,0.43448444519843704,0.7039351946186146,0.111780293503054,0.0,0.0,True,below threshold
a8927c14-272b-4fc5-823f-a048b6a61a9a,2026-06-01 00:03:00,3,0,1.0,0.43448444519843704,0.7039351946186146,0.111780293503054,1.0,0.3333333333333333,True,below threshold
a8927c14-272b-4fc5-823f-a048b6a61a9a,2026-06-01 00:04:00,4,0,2.0,0.43448444519843704,0.7039351946186146,0.111780293503054,1.0,0.6666666666666666,True,below threshold
a8927c14-272b-4fc5-823f-a048b6a61a9a,2026-06-01 00:05:00,5,1,2.0,0.43448444519843704,0.7039351946186146,0.111780293503054,0.0,0.6666666666666666,True,below threshold
a8927c14-272b-4fc5-823f-a048b6a61a9a,2026-06-01 00:06:00,6,1,1.0,0.43448444519843704,0.7039351946186146,0.111780293503054,1.0,0.6666666666666666,True,below threshold
a8927c14-272b-4fc5-823f-a048b6a61a9a,2026-06-01 00:07:00,7,1,2.0,0.43448444519843704,0.7039351946186146,0.111780293503054,1.0,0.6666666666666666,True,below threshold
a8927c14-272b-4fc5-823f-a048b6a61a9a,2026-06-01 00:08:00,8,1,2.0,0.43448444519843704,0.7039351946186146,0.111780293503054,0.0,0.6666666666666666,True,below threshold
a8927c14-272b-4fc5-823f-a048b6a61a9a,2026-06-01 00:09:00,9,1,1.0,0.43448444519843704,0.7039351946186146,0.111780293503054,1.0,0.6666666666666666,True,below threshold
a8927c14-272b-4fc5-823f-a048b6a61a9a,2026-06-01 00:10:00,10,2,1.0,0.43448444519843704,0.7039351946186146,0.111780293503054,0.0,0.3333333333333333,True,prompt sent
a8927c14-272b-4fc5-823f-a048b6a61a9a,2026-06-01 00:11:00,11,2,1.0,0.43448444519843704,0.7039351946186146,0.111780293503054,0.0,0.3333333333333333,True,cooldown active
a8927c14-272b-4fc5-823f-a048b6a61a9a,2026-06-01 00:12:00,12,2,2.0,0.43448444519843704,0.7039351946186146,0.111780293503054,1.0,0.3333333333333333,True,cooldown active
a8927c14-272b-4fc5-823f-a048b6a61a9a,2026-06-01 00:13:00,13,2,2.0,0.43448444519843704,0.7039351946186146,0.111780293503054,0.0,0.3333333333333333,True,cooldown active
a8927c14-272b-4fc5-823f-a048b6a61a9a,2026-06-01 00:14:00,14,2,2.0,0.43448444519843704,0.7039351946186146,0.111780293503054,0.0,0.3333333333333333,True,cooldown active
a8927c14-272b-4fc5-823f-a048b6a61a9a,2026-06-01 00:15:00,15,3,,0.43448444519843704,0.7039351946186146,0.111780293503054,,0.0,True,below threshold
a8927c14-272b-4fc5-823f-a048b6a61a9a,2026-06-01 00:16:00,16,3,2.0,0.43448444519843704,0.7039351946186146,0.111780293503054,,0.0,True,missing or insufficient EMA data
a8927c14-272b-4fc5-823f-a048b6a61a9a,2026-06-01 00:17:00,17,3,2.0,0.43448444519843704,0.7039351946186146,0.111780293503054,0.0,0.0,True,missing or insufficient EMA data
a8927c14-272b-4fc5-823f-a048b6a61a9a,2026-06-01 00:18:00,18,3,,0.43448444519843704,0.7039351946186146,0.111780293503054,,0.0,True,missing or insufficient EMA data
a8927c14-272b-4fc5-823f-a048b6a61a9a,2026-06-01 00:19:00,19,3,2.0,0.43448444519843704,0.7039351946186146,0.111780293503054,,0.0,True,below threshold
a8927c14-272b-4fc5-823f-a048b6a61a9a,2026-06-01 00:20:00,20,4,2.0,0.43448444519843704,0.7039351946186146,0.111780293503054,0.0,0.0,True,below threshold
a8927c14-272b-4fc5-823f-a048b6a61a9a,2026-06-01 00:21:00,21,4,2.0,0.43448444519843704,0.7039351946186146,0.111780293503054,0.0,0.0,True,prompt sent
a8927c14-272b-4fc5-823f-a048b6a61a9a,2026-06-01 00:22:00,22,4,2.0,0.43448444519843704,0.7039351946186146,0.111780293503054,0.0,0.0,True,cooldown active
a8927c14-272b-4fc5-823f-a048b6a61a9a,2026-06-01 00:23:00,23,4,2.0,0.43448444519843704,0.7039351946186146,0.111780293503054,0.0,0.0,True,cooldown active
a8927c14-272b-4fc5-823f-a048b6a61a9a,2026-06-01 00:24:00,24,4,2.0,0.43448444519843704,0.7039351946186146,0.111780293503054,0.0,0.0,True,below threshold
a8927c14-272b-4fc5-823f-a048b6a61a9a,2026-06-01 00:25:00,25,5,2.0,0.43448444519843704,0.7039351946186146,0.111780293503054,0.0,0.0,True,below threshold
a8927c14-272b-4fc5-823f-a048b6a61a9a,2026-06-01 00:26:00,26,5,1.0,0.43448444519843704,0.7039351946186146,0.111780293503054,1.0,0.3333333333333333,True,below threshold
a8927c14-272b-4fc5-823f-a048b6a61a9a,2026-06-01 00:27:00,27,5,2.0,0.43448444519843704,0.7039351946186146,0.111780293503054,1.0,0.6666666666666666,True,below threshold
a8927c14-272b-4fc5-823f-a048b6a61a9a,2026-06-01 00:28:00,28,5,2.0,0.43448444519843704,0.7039351946186146,0.111780293503054,0.0,0.6666666666666666,True,below threshold
a8927c14-272b-4fc5-823f-a048b6a61a9a,2026-06-01 00:29:00,29,5,2.0,0.43448444519843704,0.7039351946186146,0.111780293503054,0.0,0.3333333333333333,True,below threshold
a8927c14-272b-4fc5-823f-a048b6a61a9a,2026-06-01 00:30:00,30,6,1.0,0.43448444519843704,0.7039351946186146,0.111780293503054,1.0,0.3333333333333333,False,below threshold
a8927c14-272b-4fc5-823f-a048b6a61a9a,2026-06-01 00:31:00,31,6,2.0,0.43448444519843704,0.7039351946186146,0.111780293503054,1.0,0.6666666666666666,True,below threshold
a8927c14-272b-4fc5-823f-a048b6a61a9a,2026-06-01 00:32:00,32,6,,0.43448444519843704,0.7039351946186146,0.111780293503054,,1.0,True,below threshold
a8927c14-272b-4fc5-823f-a048b6a61a9a,2026-06-01 00:33:00,33,6,3.0,0.43448444519843704,0.7039351946186146,0.111780293503054,,1.0,True,below threshold
a8927c14-272b-4fc5-823f-a048b6a61a9a,2026-06-01 00:34:00,34,6,3.0,0.43448444519843704,0.7039351946186146,0.111780293503054,0.0,0.0,True,below threshold
ab3ec04d-8c55-4986-a4d3-20811eda608b,2026-06-01 00:00:00,0,0,2.0,1.0538772093325564,0.16996830344791192,1.8437613141077882,,,False,missing or insufficient EMA data
ab3ec04d-8c55-4986-a4d3-20811eda608b,2026-06-01 00:01:00,1,0,2.0,1.0538772093325564,0.16996830344791192,1.8437613141077882,0.0,0.0,True,below threshold
ab3ec04d-8c55-4986-a4d3-20811eda608b,2026-06-01 00:02:00,2,0,2.0,1.0538772093325564,0.16996830344791192,1.8437613141077882,0.0,0.0,True,below threshold
ab3ec04d-8c55-4986-a4d3-20811eda608b,2026-06-01 00:03:00,3,0,2.0,1.0538772093325564,0.16996830344791192,1.8437613141077882,0.0,0.0,True,below threshold
ab3ec04d-8c55-4986-a4d3-20811eda608b,2026-06-01 00:04:00,4,0,2.0,1.0538772093325564,0.16996830344791192,1.8437613141077882,0.0,0.0,True,below threshold
ab3ec04d-8c55-4986-a4d3-20811eda608b,2026-06-01 00:05:00,5,1,4.0,1.0538772093325564,0.16996830344791192,1.8437613141077882,4.0,1.3333333333333333,True,below threshold
ab3ec04d-8c55-4986-a4d3-20811eda608b,2026-06-01 00:06:00,6,1,4.0,1.0538772093325564,0.16996830344791192,1.8437613141077882,0.0,1.3333333333333333,True,below threshold
ab3ec04d-8c55-4986-a4d3-20811eda608b,2026-06-01 00:07:00,7,1,2.0,1.0538772093325564,0.16996830344791192,1.8437613141077882,4.0,2.6666666666666665,True,below threshold
ab3ec04d-8c55-4986-a4d3-20811eda608b,2026-06-01 00:08:00,8,1,3.0,1.0538772093325564,0.16996830344791192,1.8437613141077882,1.0,1.6666666666666667,True,below threshold
ab3ec04d-8c55-4986-a4d3-20811eda608b,2026-06-01 00:09:00,9,1,3.0,1.0538772093325564,0.16996830344791192,1.8437613141077882,0.0,1.6666666666666667,True,below threshold
ab3ec04d-8c55-4986-a4d3-20811eda608b,2026-06-01 00:10:00,10,2,,1.0538772093325564,0.16996830344791192,1.8437613141077882,,0.5,True,prompt sent
ab3ec04d-8c55-4986-a4d3-20811eda608b,2026-06-01 00:11:00,11,2,,1.0538772093325564,0.16996830344791192,1.8437613141077882,,0.0,True,cooldown active
ab3ec04d-8c55-4986-a4d3-20811eda608b,2026-06-01 00:12:00,12,2,,1.0538772093325564,0.16996830344791192,1.8437613141077882,,,True,cooldown active
ab3ec04d-8c55-4986-a4d3-20811eda608b,2026-06-01 00:13:00,13,2,,1.0538772093325564,0.16996830344791192,1.8437613141077882,,,True,cooldown active
ab3ec04d-8c55-4986-a4d3-20811eda608b,2026-06-01 00:14:00,14,2,1.0,1.0538772093325564,0.16996830344791192,1.8437613141077882,,,True,cooldown active
ab3ec04d-8c55-4986-a4d3-20811eda608b,2026-06-01 00:15:00,15,3,2.0,1.0538772093325564,0.16996830344791192,1.8437613141077882,1.0,1.0,True,below threshold
ab3ec04d-8c55-4986-a4d3-20811eda608b,2026-06-01 00:16:00,16,3,3.0,1.0538772093325564,0.16996830344791192,1.8437613141077882,1.0,1.0,True,missing or insufficient EMA data
ab3ec04d-8c55-4986-a4d3-20811eda608b,2026-06-01 00:17:00,17,3,1.0,1.0538772093325564,0.16996830344791192,1.8437613141077882,4.0,2.0,True,missing or insufficient EMA data
ab3ec04d-8c55-4986-a4d3-20811eda608b,2026-06-01 00:18:00,18,3,2.0,1.0538772093325564,0.16996830344791192,1.8437613141077882,1.0,2.0,True,missing or insufficient EMA data
ab3ec04d-8c55-4986-a4d3-20811eda608b,2026-06-01 00:19:00,19,3,4.0,1.0538772093325564,0.16996830344791192,1.8437613141077882,4.0,3.0,True,below threshold
ab3ec04d-8c55-4986-a4d3-20811eda608b,2026-06-01 00:20:00,20,4,3.0,1.0538772093325564,0.16996830344791192,1.8437613141077882,1.0,2.0,True,below threshold
ab3ec04d-8c55-4986-a4d3-20811eda608b,2026-06-01 00:21:00,21,4,5.0,1.0538772093325564,0.16996830344791192,1.8437613141077882,4.0,3.0,True,prompt sent
ab3ec04d-8c55-4986-a4d3-20811eda608b,2026-06-01 00:22:00,22,4,4.0,1.0538772093325564,0.16996830344791192,1.8437613141077882,1.0,2.0,True,cooldown active
ab3ec04d-8c55-4986-a4d3-20811eda608b,2026-06-01 00:23:00,23,4,4.0,1.0538772093325564,0.16996830344791192,1.8437613141077882,0.0,1.6666666666666667,True,cooldown active
ab3ec04d-8c55-4986-a4d3-20811eda608b,2026-06-01 00:24:00,24,4,5.0,1.0538772093325564,0.16996830344791192,1.8437613141077882,1.0,0.6666666666666666,True,below threshold
ab3ec04d-8c55-4986-a4d3-20811eda608b,2026-06-01 00:25:00,25,5,4.0,1.0538772093325564,0.16996830344791192,1.8437613141077882,1.0,0.6666666666666666,True,below threshold
ab3ec04d-8c55-4986-a4d3-20811eda608b,2026-06-01 00:26:00,26,5,3.0,1.0538772093325564,0.16996830344791192,1.8437613141077882,1.0,1.0,True,below threshold
ab3ec04d-8c55-4986-a4d3-20811eda608b,2026-06-01 00:27:00,27,5,4.0,1.0538772093325564,0.16996830344791192,1.8437613141077882,1.0,1.0,True,below threshold
ab3ec04d-8c55-4986-a4d3-20811eda608b,2026-06-01 00:28:00,28,5,2.0,1.0538772093325564,0.16996830344791192,1.8437613141077882,4.0,2.0,True,below threshold
ab3ec04d-8c55-4986-a4d3-20811eda608b,2026-06-01 00:29:00,29,5,3.0,1.0538772093325564,0.16996830344791192,1.8437613141077882,1.0,2.0,True,below threshold
ab3ec04d-8c55-4986-a4d3-20811eda608b,2026-06-01 00:30:00,30,6,2.0,1.0538772093325564,0.16996830344791192,1.8437613141077882,1.0,2.0,False,below threshold
ab3ec04d-8c55-4986-a4d3-20811eda608b,2026-06-01 00:31:00,31,6,3.0,1.0538772093325564,0.16996830344791192,1.8437613141077882,1.0,1.0,True,below threshold
ab3ec04d-8c55-4986-a4d3-20811eda608b,2026-06-01 00:32:00,32,6,2.0,1.0538772093325564,0.16996830344791192,1.8437613141077882,1.0,1.0,True,below threshold
ab3ec04d-8c55-4986-a4d3-20811eda608b,2026-06-01 00:33:00,33,6,2.0,1.0538772093325564,0.16996830344791192,1.8437613141077882,0.0,0.6666666666666666,True,below threshold
ab3ec04d-8c55-4986-a4d3-20811eda608b,2026-06-01 00:34:00,34,6,3.0,1.0538772093325564,0.16996830344791192,1.8437613141077882,1.0,0.6666666666666666,True,below threshold
abdba54d-b3a4-4357-a87d-27b0736ce58b,2026-06-01 00:00:00,0,0,3.0,0.38833427257965625,0.7835801094171445,0.06527375708142745,,,False,missing or insufficient EMA data
abdba54d-b3a4-4357-a87d-27b0736ce58b,2026-06-01 00:01:00,1,0,3.0,0.38833427257965625,0.7835801094171445,0.06527375708142745,0.0,0.0,True,below threshold
abdba54d-b3a4-4357-a87d-27b0736ce58b,2026-06-01 00:02:00,2,0,3.0,0.38833427257965625,0.7835801094171445,0.06527375708142745,0.0,0.0,True,below threshold
abdba54d-b3a4-4357-a87d-27b0736ce58b,2026-06-01 00:03:00,3,0,3.0,0.38833427257965625,0.7835801094171445,0.06527375708142745,0.0,0.0,True,below threshold
abdba54d-b3a4-4357-a87d-27b0736ce58b,2026-06-01 00:04:00,4,0,3.0,0.38833427257965625,0.7835801094171445,0.06527375708142745,0.0,0.0,True,below threshold
abdba54d-b3a4-4357-a87d-27b0736ce58b,2026-06-01 00:05:00,5,1,3.0,0.38833427257965625,0.7835801094171445,0.06527375708142745,0.0,0.0,True,below threshold
abdba54d-b3a4-4357-a87d-27b0736ce58b,2026-06-01 00:06:00,6,1,3.0,0.38833427257965625,0.7835801094171445,0.06527375708142745,0.0,0.0,True,below threshold
abdba54d-b3a4-4357-a87d-27b0736ce58b,2026-06-01 00:07:00,7,1,3.0,0.38833427257965625,0.7835801094171445,0.06527375708142745,0.0,0.0,True,below threshold
abdba54d-b3a4-4357-a87d-27b0736ce58b,2026-06-01 00:08:00,8,1,2.0,0.38833427257965625,0.7835801094171445,0.06527375708142745,1.0,0.3333333333333333,True,below threshold
abdba54d-b3a4-4357-a87d-27b0736ce58b,2026-06-01 00:09:00,9,1,2.0,0.38833427257965625,0.7835801094171445,0.06527375708142745,0.0,0.3333333333333333,True,below threshold
abdba54d-b3a4-4357-a87d-27b0736ce58b,2026-06-01 00:10:00,10,2,2.0,0.38833427257965625,0.7835801094171445,0.06527375708142745,0.0,0.3333333333333333,True,prompt sent
abdba54d-b3a4-4357-a87d-27b0736ce58b,2026-06-01 00:11:00,11,2,,0.38833427257965625,0.7835801094171445,0.06527375708142745,,0.0,True,cooldown active
abdba54d-b3a4-4357-a87d-27b0736ce58b,2026-06-01 00:12:00,12,2,3.0,0.38833427257965625,0.7835801094171445,0.06527375708142745,,0.0,True,cooldown active
abdba54d-b3a4-4357-a87d-27b0736ce58b,2026-06-01 00:13:00,13,2,,0.38833427257965625,0.7835801094171445,0.06527375708142745,,,True,cooldown active
abdba54d-b3a4-4357-a87d-27b0736ce58b,2026-06-01 00:14:00,14,2,,0.38833427257965625,0.7835801094171445,0.06527375708142745,,,True,cooldown active
abdba54d-b3a4-4357-a87d-27b0736ce58b,2026-06-01 00:15:00,15,3,,0.38833427257965625,0.7835801094171445,0.06527375708142745,,,True,below threshold
abdba54d-b3a4-4357-a87d-27b0736ce58b,2026-06-01 00:16:00,16,3,,0.38833427257965625,0.7835801094171445,0.06527375708142745,,,True,missing or insufficient EMA data
abdba54d-b3a4-4357-a87d-27b0736ce58b,2026-06-01 00:17:00,17,3,,0.38833427257965625,0.7835801094171445,0.06527375708142745,,,True,missing or insufficient EMA data
abdba54d-b3a4-4357-a87d-27b0736ce58b,2026-06-01 00:18:00,18,3,,0.38833427257965625,0.7835801094171445,0.06527375708142745,,,True,missing or insufficient EMA data
abdba54d-b3a4-4357-a87d-27b0736ce58b,2026-06-01 00:19:00,19,3,,0.38833427257965625,0.7835801094171445,0.06527375708142745,,,True,below threshold
abdba54d-b3a4-4357-a87d-27b0736ce58b,2026-06-01 00:20:00,20,4,,0.38833427257965625,0.7835801094171445,0.06527375708142745,,,True,below threshold
abdba54d-b3a4-4357-a87d-27b0736ce58b,2026-06-01 00:21:00,21,4,4.0,0.38833427257965625,0.7835801094171445,0.06527375708142745,,,True,prompt sent
abdba54d-b3a4-4357-a87d-27b0736ce58b,2026-06-01 00:22:00,22,4,3.0,0.38833427257965625,0.7835801094171445,0.06527375708142745,1.0,1.0,True,cooldown active
abdba54d-b3a4-4357-a87d-27b0736ce58b,2026-06-01 00:23:00,23,4,3.0,0.38833427257965625,0.7835801094171445,0.06527375708142745,0.0,0.5,True,cooldown active
abdba54d-b3a4-4357-a87d-27b0736ce58b,2026-06-01 00:24:00,24,4,3.0,0.38833427257965625,0.7835801094171445,0.06527375708142745,0.0,0.3333333333333333,True,below threshold
abdba54d-b3a4-4357-a87d-27b0736ce58b,2026-06-01 00:25:00,25,5,3.0,0.38833427257965625,0.7835801094171445,0.06527375708142745,0.0,0.0,True,below threshold
abdba54d-b3a4-4357-a87d-27b0736ce58b,2026-06-01 00:26:00,26,5,3.0,0.38833427257965625,0.7835801094171445,0.06527375708142745,0.0,0.0,True,below threshold
abdba54d-b3a4-4357-a87d-27b0736ce58b,2026-06-01 00:27:00,27,5,3.0,0.38833427257965625,0.7835801094171445,0.06527375708142745,0.0,0.0,True,below threshold
abdba54d-b3a4-4357-a87d-27b0736ce58b,2026-06-01 00:28:00,28,5,3.0,0.38833427257965625,0.7835801094171445,0.06527375708142745,0.0,0.0,True,below threshold
abdba54d-b3a4-4357-a87d-27b0736ce58b,2026-06-01 00:29:00,29,5,3.0,0.38833427257965625,0.7835801094171445,0.06527375708142745,0.0,0.0,True,below threshold
abdba54d-b3a4-4357-a87d-27b0736ce58b,2026-06-01 00:30:00,30,6,3.0,0.38833427257965625,0.7835801094171445,0.06527375708142745,0.0,0.0,False,below threshold
abdba54d-b3a4-4357-a87d-27b0736ce58b,2026-06-01 00:31:00,31,6,3.0,0.38833427257965625,0.7835801094171445,0.06527375708142745,0.0,0.0,True,below threshold
abdba54d-b3a4-4357-a87d-27b0736ce58b,2026-06-01 00:32:00,32,6,3.0,0.38833427257965625,0.7835801094171445,0.06527375708142745,0.0,0.0,True,below threshold
abdba54d-b3a4-4357-a87d-27b0736ce58b,2026-06-01 00:33:00,33,6,3.0,0.38833427257965625,0.7835801094171445,0.06527375708142745,0.0,0.0,True,below threshold
abdba54d-b3a4-4357-a87d-27b0736ce58b,2026-06-01 00:34:00,34,6,3.0,0.38833427257965625,0.7835801094171445,0.06527375708142745,0.0,0.0,True,below threshold
acf5da7a-8984-4d2e-af3c-fc206a68a4de,2026-06-01 00:00:00,0,0,4.0,0.7963237683514637,0.6487485750258164,0.4454792169312951,,,False,missing or insufficient EMA data
acf5da7a-8984-4d2e-af3c-fc206a68a4de,2026-06-01 00:01:00,1,0,3.0,0.7963237683514637,0.6487485750258164,0.4454792169312951,1.0,1.0,True,below threshold
acf5da7a-8984-4d2e-af3c-fc206a68a4de,2026-06-01 00:02:00,2,0,3.0,0.7963237683514637,0.6487485750258164,0.4454792169312951,0.0,0.5,True,below threshold
acf5da7a-8984-4d2e-af3c-fc206a68a4de,2026-06-01 00:03:00,3,0,,0.7963237683514637,0.6487485750258164,0.4454792169312951,,0.5,True,below threshold
acf5da7a-8984-4d2e-af3c-fc206a68a4de,2026-06-01 00:04:00,4,0,,0.7963237683514637,0.6487485750258164,0.4454792169312951,,0.0,True,below threshold
acf5da7a-8984-4d2e-af3c-fc206a68a4de,2026-06-01 00:05:00,5,1,3.0,0.7963237683514637,0.6487485750258164,0.4454792169312951,,,True,below threshold
acf5da7a-8984-4d2e-af3c-fc206a68a4de,2026-06-01 00:06:00,6,1,4.0,0.7963237683514637,0.6487485750258164,0.4454792169312951,1.0,1.0,True,below threshold
acf5da7a-8984-4d2e-af3c-fc206a68a4de,2026-06-01 00:07:00,7,1,2.0,0.7963237683514637,0.6487485750258164,0.4454792169312951,4.0,2.5,True,below threshold
acf5da7a-8984-4d2e-af3c-fc206a68a4de,2026-06-01 00:08:00,8,1,2.0,0.7963237683514637,0.6487485750258164,0.4454792169312951,0.0,1.6666666666666667,True,below threshold
acf5da7a-8984-4d2e-af3c-fc206a68a4de,2026-06-01 00:09:00,9,1,3.0,0.7963237683514637,0.6487485750258164,0.4454792169312951,1.0,1.6666666666666667,True,below threshold
acf5da7a-8984-4d2e-af3c-fc206a68a4de,2026-06-01 00:10:00,10,2,3.0,0.7963237683514637,0.6487485750258164,0.4454792169312951,0.0,0.3333333333333333,True,prompt sent
acf5da7a-8984-4d2e-af3c-fc206a68a4de,2026-06-01 00:11:00,11,2,4.0,0.7963237683514637,0.6487485750258164,0.4454792169312951,1.0,0.6666666666666666,True,cooldown active
acf5da7a-8984-4d2e-af3c-fc206a68a4de,2026-06-01 00:12:00,12,2,4.0,0.7963237683514637,0.6487485750258164,0.4454792169312951,0.0,0.3333333333333333,True,cooldown active
acf5da7a-8984-4d2e-af3c-fc206a68a4de,2026-06-01 00:13:00,13,2,4.0,0.7963237683514637,0.6487485750258164,0.4454792169312951,0.0,0.3333333333333333,True,cooldown active
acf5da7a-8984-4d2e-af3c-fc206a68a4de,2026-06-01 00:14:00,14,2,,0.7963237683514637,0.6487485750258164,0.4454792169312951,,0.0,True,cooldown active
acf5da7a-8984-4d2e-af3c-fc206a68a4de,2026-06-01 00:15:00,15,3,4.0,0.7963237683514637,0.6487485750258164,0.4454792169312951,,0.0,True,below threshold
acf5da7a-8984-4d2e-af3c-fc206a68a4de,2026-06-01 00:16:00,16,3,3.0,0.7963237683514637,0.6487485750258164,0.4454792169312951,1.0,1.0,True,missing or insufficient EMA data
acf5da7a-8984-4d2e-af3c-fc206a68a4de,2026-06-01 00:17:00,17,3,4.0,0.7963237683514637,0.6487485750258164,0.4454792169312951,1.0,1.0,True,missing or insufficient EMA data
acf5da7a-8984-4d2e-af3c-fc206a68a4de,2026-06-01 00:18:00,18,3,3.0,0.7963237683514637,0.6487485750258164,0.4454792169312951,1.0,1.0,True,missing or insufficient EMA data
acf5da7a-8984-4d2e-af3c-fc206a68a4de,2026-06-01 00:19:00,19,3,4.0,0.7963237683514637,0.6487485750258164,0.4454792169312951,1.0,1.0,True,below threshold
acf5da7a-8984-4d2e-af3c-fc206a68a4de,2026-06-01 00:20:00,20,4,4.0,0.7963237683514637,0.6487485750258164,0.4454792169312951,0.0,0.6666666666666666,True,below threshold
acf5da7a-8984-4d2e-af3c-fc206a68a4de,2026-06-01 00:21:00,21,4,4.0,0.7963237683514637,0.6487485750258164,0.4454792169312951,0.0,0.3333333333333333,True,prompt sent
acf5da7a-8984-4d2e-af3c-fc206a68a4de,2026-06-01 00:22:00,22,4,4.0,0.7963237683514637,0.6487485750258164,0.4454792169312951,0.0,0.0,True,cooldown active
acf5da7a-8984-4d2e-af3c-fc206a68a4de,2026-06-01 00:23:00,23,4,4.0,0.7963237683514637,0.6487485750258164,0.4454792169312951,0.0,0.0,True,cooldown active
acf5da7a-8984-4d2e-af3c-fc206a68a4de,2026-06-01 00:24:00,24,4,3.0,0.7963237683514637,0.6487485750258164,0.4454792169312951,1.0,0.3333333333333333,True,below threshold
acf5da7a-8984-4d2e-af3c-fc206a68a4de,2026-06-01 00:25:00,25,5,3.0,0.7963237683514637,0.6487485750258164,0.4454792169312951,0.0,0.3333333333333333,True,below threshold
acf5da7a-8984-4d2e-af3c-fc206a68a4de,2026-06-01 00:26:00,26,5,3.0,0.7963237683514637,0.6487485750258164,0.4454792169312951,0.0,0.3333333333333333,True,below threshold
acf5da7a-8984-4d2e-af3c-fc206a68a4de,2026-06-01 00:27:00,27,5,3.0,0.7963237683514637,0.6487485750258164,0.4454792169312951,0.0,0.0,True,below threshold
acf5da7a-8984-4d2e-af3c-fc206a68a4de,2026-06-01 00:28:00,28,5,4.0,0.7963237683514637,0.6487485750258164,0.4454792169312951,1.0,0.3333333333333333,True,below threshold
acf5da7a-8984-4d2e-af3c-fc206a68a4de,2026-06-01 00:29:00,29,5,4.0,0.7963237683514637,0.6487485750258164,0.4454792169312951,0.0,0.3333333333333333,True,below threshold
acf5da7a-8984-4d2e-af3c-fc206a68a4de,2026-06-01 00:30:00,30,6,4.0,0.7963237683514637,0.6487485750258164,0.4454792169312951,0.0,0.3333333333333333,False,below threshold
acf5da7a-8984-4d2e-af3c-fc206a68a4de,2026-06-01 00:31:00,31,6,4.0,0.7963237683514637,0.6487485750258164,0.4454792169312951,0.0,0.0,True,below threshold
acf5da7a-8984-4d2e-af3c-fc206a68a4de,2026-06-01 00:32:00,32,6,,0.7963237683514637,0.6487485750258164,0.4454792169312951,,0.0,True,below threshold
acf5da7a-8984-4d2e-af3c-fc206a68a4de,2026-06-01 00:33:00,33,6,4.0,0.7963237683514637,0.6487485750258164,0.4454792169312951,,0.0,True,below threshold
acf5da7a-8984-4d2e-af3c-fc206a68a4de,2026-06-01 00:34:00,34,6,4.0,0.7963237683514637,0.6487485750258164,0.4454792169312951,0.0,0.0,True,below threshold
b329c2f3-41d1-479e-824b-3c8ae5aafdee,2026-06-01 00:00:00,0,0,1.0,1.2351037350717995,0.7976669266994122,0.6173106136416544,,,False,missing or insufficient EMA data
b329c2f3-41d1-479e-824b-3c8ae5aafdee,2026-06-01 00:01:00,1,0,1.0,1.2351037350717995,0.7976669266994122,0.6173106136416544,0.0,0.0,True,below threshold
b329c2f3-41d1-479e-824b-3c8ae5aafdee,2026-06-01 00:02:00,2,0,,1.2351037350717995,0.7976669266994122,0.6173106136416544,,0.0,True,below threshold
b329c2f3-41d1-479e-824b-3c8ae5aafdee,2026-06-01 00:03:00,3,0,,1.2351037350717995,0.7976669266994122,0.6173106136416544,,0.0,True,below threshold
b329c2f3-41d1-479e-824b-3c8ae5aafdee,2026-06-01 00:04:00,4,0,3.0,1.2351037350717995,0.7976669266994122,0.6173106136416544,,,True,below threshold
b329c2f3-41d1-479e-824b-3c8ae5aafdee,2026-06-01 00:05:00,5,1,3.0,1.2351037350717995,0.7976669266994122,0.6173106136416544,0.0,0.0,True,below threshold
b329c2f3-41d1-479e-824b-3c8ae5aafdee,2026-06-01 00:06:00,6,1,2.0,1.2351037350717995,0.7976669266994122,0.6173106136416544,1.0,0.5,True,below threshold
b329c2f3-41d1-479e-824b-3c8ae5aafdee,2026-06-01 00:07:00,7,1,2.0,1.2351037350717995,0.7976669266994122,0.6173106136416544,0.0,0.3333333333333333,True,below threshold
b329c2f3-41d1-479e-824b-3c8ae5aafdee,2026-06-01 00:08:00,8,1,3.0,1.2351037350717995,0.7976669266994122,0.6173106136416544,1.0,0.6666666666666666,True,below threshold
b329c2f3-41d1-479e-824b-3c8ae5aafdee,2026-06-01 00:09:00,9,1,4.0,1.2351037350717995,0.7976669266994122,0.6173106136416544,1.0,0.6666666666666666,True,below threshold
b329c2f3-41d1-479e-824b-3c8ae5aafdee,2026-06-01 00:10:00,10,2,4.0,1.2351037350717995,0.7976669266994122,0.6173106136416544,0.0,0.6666666666666666,True,prompt sent
b329c2f3-41d1-479e-824b-3c8ae5aafdee,2026-06-01 00:11:00,11,2,,1.2351037350717995,0.7976669266994122,0.6173106136416544,,0.5,True,cooldown active
b329c2f3-41d1-479e-824b-3c8ae5aafdee,2026-06-01 00:12:00,12,2,3.0,1.2351037350717995,0.7976669266994122,0.6173106136416544,,0.0,True,cooldown active
b329c2f3-41d1-479e-824b-3c8ae5aafdee,2026-06-01 00:13:00,13,2,4.0,1.2351037350717995,0.7976669266994122,0.6173106136416544,1.0,1.0,True,cooldown active
b329c2f3-41d1-479e-824b-3c8ae5aafdee,2026-06-01 00:14:00,14,2,3.0,1.2351037350717995,0.7976669266994122,0.6173106136416544,1.0,1.0,True,cooldown active
b329c2f3-41d1-479e-824b-3c8ae5aafdee,2026-06-01 00:15:00,15,3,3.0,1.2351037350717995,0.7976669266994122,0.6173106136416544,0.0,0.6666666666666666,True,below threshold
b329c2f3-41d1-479e-824b-3c8ae5aafdee,2026-06-01 00:16:00,16,3,3.0,1.2351037350717995,0.7976669266994122,0.6173106136416544,0.0,0.3333333333333333,True,missing or insufficient EMA data
b329c2f3-41d1-479e-824b-3c8ae5aafdee,2026-06-01 00:17:00,17,3,,1.2351037350717995,0.7976669266994122,0.6173106136416544,,0.0,True,missing or insufficient EMA data
b329c2f3-41d1-479e-824b-3c8ae5aafdee,2026-06-01 00:18:00,18,3,,1.2351037350717995,0.7976669266994122,0.6173106136416544,,0.0,True,missing or insufficient EMA data
b329c2f3-41d1-479e-824b-3c8ae5aafdee,2026-06-01 00:19:00,19,3,,1.2351037350717995,0.7976669266994122,0.6173106136416544,,,True,below threshold
b329c2f3-41d1-479e-824b-3c8ae5aafdee,2026-06-01 00:20:00,20,4,4.0,1.2351037350717995,0.7976669266994122,0.6173106136416544,,,True,below threshold
b329c2f3-41d1-479e-824b-3c8ae5aafdee,2026-06-01 00:21:00,21,4,5.0,1.2351037350717995,0.7976669266994122,0.6173106136416544,1.0,1.0,True,prompt sent
b329c2f3-41d1-479e-824b-3c8ae5aafdee,2026-06-01 00:22:00,22,4,4.0,1.2351037350717995,0.7976669266994122,0.6173106136416544,1.0,1.0,True,cooldown active
b329c2f3-41d1-479e-824b-3c8ae5aafdee,2026-06-01 00:23:00,23,4,2.0,1.2351037350717995,0.7976669266994122,0.6173106136416544,4.0,2.0,True,cooldown active
b329c2f3-41d1-479e-824b-3c8ae5aafdee,2026-06-01 00:24:00,24,4,2.0,1.2351037350717995,0.7976669266994122,0.6173106136416544,0.0,1.6666666666666667,True,below threshold
b329c2f3-41d1-479e-824b-3c8ae5aafdee,2026-06-01 00:25:00,25,5,2.0,1.2351037350717995,0.7976669266994122,0.6173106136416544,0.0,1.3333333333333333,True,below threshold
b329c2f3-41d1-479e-824b-3c8ae5aafdee,2026-06-01 00:26:00,26,5,2.0,1.2351037350717995,0.7976669266994122,0.6173106136416544,0.0,0.0,True,below threshold
b329c2f3-41d1-479e-824b-3c8ae5aafdee,2026-06-01 00:27:00,27,5,3.0,1.2351037350717995,0.7976669266994122,0.6173106136416544,1.0,0.3333333333333333,True,below threshold
b329c2f3-41d1-479e-824b-3c8ae5aafdee,2026-06-01 00:28:00,28,5,3.0,1.2351037350717995,0.7976669266994122,0.6173106136416544,0.0,0.3333333333333333,True,below threshold
b329c2f3-41d1-479e-824b-3c8ae5aafdee,2026-06-01 00:29:00,29,5,3.0,1.2351037350717995,0.7976669266994122,0.6173106136416544,0.0,0.3333333333333333,True,below threshold
b329c2f3-41d1-479e-824b-3c8ae5aafdee,2026-06-01 00:30:00,30,6,2.0,1.2351037350717995,0.7976669266994122,0.6173106136416544,1.0,0.3333333333333333,False,below threshold
b329c2f3-41d1-479e-824b-3c8ae5aafdee,2026-06-01 00:31:00,31,6,2.0,1.2351037350717995,0.7976669266994122,0.6173106136416544,0.0,0.3333333333333333,True,below threshold
b329c2f3-41d1-479e-824b-3c8ae5aafdee,2026-06-01 00:32:00,32,6,2.0,1.2351037350717995,0.7976669266994122,0.6173106136416544,0.0,0.3333333333333333,True,below threshold
b329c2f3-41d1-479e-824b-3c8ae5aafdee,2026-06-01 00:33:00,33,6,1.0,1.2351037350717995,0.7976669266994122,0.6173106136416544,1.0,0.3333333333333333,True,below threshold
b329c2f3-41d1-479e-824b-3c8ae5aafdee,2026-06-01 00:34:00,34,6,1.0,1.2351037350717995,0.7976669266994122,0.6173106136416544,0.0,0.3333333333333333,True,below threshold
b4582616-a42d-4d69-80e7-a66722f144ae,2026-06-01 00:00:00,0,0,,0.943881616292507,0.4041941592883833,1.0616217487691584,,,False,missing or insufficient EMA data
b4582616-a42d-4d69-80e7-a66722f144ae,2026-06-01 00:01:00,1,0,,0.943881616292507,0.4041941592883833,1.0616217487691584,,,True,below threshold
b4582616-a42d-4d69-80e7-a66722f144ae,2026-06-01 00:02:00,2,0,3.0,0.943881616292507,0.4041941592883833,1.0616217487691584,,,True,below threshold
b4582616-a42d-4d69-80e7-a66722f144ae,2026-06-01 00:03:00,3,0,,0.943881616292507,0.4041941592883833,1.0616217487691584,,,True,below threshold
b4582616-a42d-4d69-80e7-a66722f144ae,2026-06-01 00:04:00,4,0,,0.943881616292507,0.4041941592883833,1.0616217487691584,,,True,below threshold
b4582616-a42d-4d69-80e7-a66722f144ae,2026-06-01 00:05:00,5,1,4.0,0.943881616292507,0.4041941592883833,1.0616217487691584,,,True,below threshold
b4582616-a42d-4d69-80e7-a66722f144ae,2026-06-01 00:06:00,6,1,4.0,0.943881616292507,0.4041941592883833,1.0616217487691584,0.0,0.0,True,below threshold
b4582616-a42d-4d69-80e7-a66722f144ae,2026-06-01 00:07:00,7,1,2.0,0.943881616292507,0.4041941592883833,1.0616217487691584,4.0,2.0,True,below threshold
b4582616-a42d-4d69-80e7-a66722f144ae,2026-06-01 00:08:00,8,1,3.0,0.943881616292507,0.4041941592883833,1.0616217487691584,1.0,1.6666666666666667,True,below threshold
b4582616-a42d-4d69-80e7-a66722f144ae,2026-06-01 00:09:00,9,1,4.0,0.943881616292507,0.4041941592883833,1.0616217487691584,1.0,2.0,True,below threshold
b4582616-a42d-4d69-80e7-a66722f144ae,2026-06-01 00:10:00,10,2,4.0,0.943881616292507,0.4041941592883833,1.0616217487691584,0.0,0.6666666666666666,True,prompt sent
b4582616-a42d-4d69-80e7-a66722f144ae,2026-06-01 00:11:00,11,2,4.0,0.943881616292507,0.4041941592883833,1.0616217487691584,0.0,0.3333333333333333,True,cooldown active
b4582616-a42d-4d69-80e7-a66722f144ae,2026-06-01 00:12:00,12,2,4.0,0.943881616292507,0.4041941592883833,1.0616217487691584,0.0,0.0,True,cooldown active
b4582616-a42d-4d69-80e7-a66722f144ae,2026-06-01 00:13:00,13,2,4.0,0.943881616292507,0.4041941592883833,1.0616217487691584,0.0,0.0,True,cooldown active
b4582616-a42d-4d69-80e7-a66722f144ae,2026-06-01 00:14:00,14,2,4.0,0.943881616292507,0.4041941592883833,1.0616217487691584,0.0,0.0,True,cooldown active
b4582616-a42d-4d69-80e7-a66722f144ae,2026-06-01 00:15:00,15,3,4.0,0.943881616292507,0.4041941592883833,1.0616217487691584,0.0,0.0,True,below threshold
b4582616-a42d-4d69-80e7-a66722f144ae,2026-06-01 00:16:00,16,3,3.0,0.943881616292507,0.4041941592883833,1.0616217487691584,1.0,0.3333333333333333,True,missing or insufficient EMA data
b4582616-a42d-4d69-80e7-a66722f144ae,2026-06-01 00:17:00,17,3,3.0,0.943881616292507,0.4041941592883833,1.0616217487691584,0.0,0.3333333333333333,True,missing or insufficient EMA data
b4582616-a42d-4d69-80e7-a66722f144ae,2026-06-01 00:18:00,18,3,1.0,0.943881616292507,0.4041941592883833,1.0616217487691584,4.0,1.6666666666666667,True,missing or insufficient EMA data
b4582616-a42d-4d69-80e7-a66722f144ae,2026-06-01 00:19:00,19,3,2.0,0.943881616292507,0.4041941592883833,1.0616217487691584,1.0,1.6666666666666667,True,below threshold
b4582616-a42d-4d69-80e7-a66722f144ae,2026-06-01 00:20:00,20,4,1.0,0.943881616292507,0.4041941592883833,1.0616217487691584,1.0,2.0,True,below threshold
b4582616-a42d-4d69-80e7-a66722f144ae,2026-06-01 00:21:00,21,4,,0.943881616292507,0.4041941592883833,1.0616217487691584,,1.0,True,prompt sent
b4582616-a42d-4d69-80e7-a66722f144ae,2026-06-01 00:22:00,22,4,,0.943881616292507,0.4041941592883833,1.0616217487691584,,1.0,True,cooldown active
b4582616-a42d-4d69-80e7-a66722f144ae,2026-06-01 00:23:00,23,4,,0.943881616292507,0.4041941592883833,1.0616217487691584,,,True,cooldown active
b4582616-a42d-4d69-80e7-a66722f144ae,2026-06-01 00:24:00,24,4,,0.943881616292507,0.4041941592883833,1.0616217487691584,,,True,below threshold
b4582616-a42d-4d69-80e7-a66722f144ae,2026-06-01 00:25:00,25,5,,0.943881616292507,0.4041941592883833,1.0616217487691584,,,True,below threshold
b4582616-a42d-4d69-80e7-a66722f144ae,2026-06-01 00:26:00,26,5,,0.943881616292507,0.4041941592883833,1.0616217487691584,,,True,below threshold
b4582616-a42d-4d69-80e7-a66722f144ae,2026-06-01 00:27:00,27,5,,0.943881616292507,0.4041941592883833,1.0616217487691584,,,True,below threshold
b4582616-a42d-4d69-80e7-a66722f144ae,2026-06-01 00:28:00,28,5,5.0,0.943881616292507,0.4041941592883833,1.0616217487691584,,,True,below threshold
b4582616-a42d-4d69-80e7-a66722f144ae,2026-06-01 00:29:00,29,5,4.0,0.943881616292507,0.4041941592883833,1.0616217487691584,1.0,1.0,True,below threshold
b4582616-a42d-4d69-80e7-a66722f144ae,2026-06-01 00:30:00,30,6,4.0,0.943881616292507,0.4041941592883833,1.0616217487691584,0.0,0.5,False,below threshold
b4582616-a42d-4d69-80e7-a66722f144ae,2026-06-01 00:31:00,31,6,5.0,0.943881616292507,0.4041941592883833,1.0616217487691584,1.0,0.6666666666666666,True,below threshold
b4582616-a42d-4d69-80e7-a66722f144ae,2026-06-01 00:32:00,32,6,4.0,0.943881616292507,0.4041941592883833,1.0616217487691584,1.0,0.6666666666666666,True,below threshold
b4582616-a42d-4d69-80e7-a66722f144ae,2026-06-01 00:33:00,33,6,3.0,0.943881616292507,0.4041941592883833,1.0616217487691584,1.0,1.0,True,below threshold
b4582616-a42d-4d69-80e7-a66722f144ae,2026-06-01 00:34:00,34,6,3.0,0.943881616292507,0.4041941592883833,1.0616217487691584,0.0,0.6666666666666666,True,below threshold
b98750c7-b037-4ad3-a610-856fac001347,2026-06-01 00:00:00,0,0,5.0,1.491718635261163,0.3941139981672471,2.6964647349575235,,,False,missing or insufficient EMA data
b98750c7-b037-4ad3-a610-856fac001347,2026-06-01 00:01:00,1,0,2.0,1.491718635261163,0.3941139981672471,2.6964647349575235,9.0,9.0,True,below threshold
b98750c7-b037-4ad3-a610-856fac001347,2026-06-01 00:02:00,2,0,2.0,1.491718635261163,0.3941139981672471,2.6964647349575235,0.0,4.5,True,below threshold
b98750c7-b037-4ad3-a610-856fac001347,2026-06-01 00:03:00,3,0,5.0,1.491718635261163,0.3941139981672471,2.6964647349575235,9.0,6.0,True,below threshold
b98750c7-b037-4ad3-a610-856fac001347,2026-06-01 00:04:00,4,0,4.0,1.491718635261163,0.3941139981672471,2.6964647349575235,1.0,3.3333333333333335,True,below threshold
b98750c7-b037-4ad3-a610-856fac001347,2026-06-01 00:05:00,5,1,1.0,1.491718635261163,0.3941139981672471,2.6964647349575235,9.0,6.333333333333333,True,below threshold
b98750c7-b037-4ad3-a610-856fac001347,2026-06-01 00:06:00,6,1,4.0,1.491718635261163,0.3941139981672471,2.6964647349575235,9.0,6.333333333333333,True,below threshold
b98750c7-b037-4ad3-a610-856fac001347,2026-06-01 00:07:00,7,1,3.0,1.491718635261163,0.3941139981672471,2.6964647349575235,1.0,6.333333333333333,True,below threshold
b98750c7-b037-4ad3-a610-856fac001347,2026-06-01 00:08:00,8,1,5.0,1.491718635261163,0.3941139981672471,2.6964647349575235,4.0,4.666666666666667,True,below threshold
b98750c7-b037-4ad3-a610-856fac001347,2026-06-01 00:09:00,9,1,4.0,1.491718635261163,0.3941139981672471,2.6964647349575235,1.0,2.0,True,below threshold
b98750c7-b037-4ad3-a610-856fac001347,2026-06-01 00:10:00,10,2,,1.491718635261163,0.3941139981672471,2.6964647349575235,,2.5,True,prompt sent
b98750c7-b037-4ad3-a610-856fac001347,2026-06-01 00:11:00,11,2,,1.491718635261163,0.3941139981672471,2.6964647349575235,,1.0,True,cooldown active
b98750c7-b037-4ad3-a610-856fac001347,2026-06-01 00:12:00,12,2,,1.491718635261163,0.3941139981672471,2.6964647349575235,,,True,cooldown active
b98750c7-b037-4ad3-a610-856fac001347,2026-06-01 00:13:00,13,2,,1.491718635261163,0.3941139981672471,2.6964647349575235,,,True,cooldown active
b98750c7-b037-4ad3-a610-856fac001347,2026-06-01 00:14:00,14,2,,1.491718635261163,0.3941139981672471,2.6964647349575235,,,True,cooldown active
b98750c7-b037-4ad3-a610-856fac001347,2026-06-01 00:15:00,15,3,,1.491718635261163,0.3941139981672471,2.6964647349575235,,,True,below threshold
b98750c7-b037-4ad3-a610-856fac001347,2026-06-01 00:16:00,16,3,,1.491718635261163,0.3941139981672471,2.6964647349575235,,,True,missing or insufficient EMA data
b98750c7-b037-4ad3-a610-856fac001347,2026-06-01 00:17:00,17,3,,1.491718635261163,0.3941139981672471,2.6964647349575235,,,True,missing or insufficient EMA data
b98750c7-b037-4ad3-a610-856fac001347,2026-06-01 00:18:00,18,3,,1.491718635261163,0.3941139981672471,2.6964647349575235,,,True,missing or insufficient EMA data
b98750c7-b037-4ad3-a610-856fac001347,2026-06-01 00:19:00,19,3,,1.491718635261163,0.3941139981672471,2.6964647349575235,,,True,below threshold
b98750c7-b037-4ad3-a610-856fac001347,2026-06-01 00:20:00,20,4,3.0,1.491718635261163,0.3941139981672471,2.6964647349575235,,,True,below threshold
b98750c7-b037-4ad3-a610-856fac001347,2026-06-01 00:21:00,21,4,1.0,1.491718635261163,0.3941139981672471,2.6964647349575235,4.0,4.0,True,prompt sent
b98750c7-b037-4ad3-a610-856fac001347,2026-06-01 00:22:00,22,4,2.0,1.491718635261163,0.3941139981672471,2.6964647349575235,1.0,2.5,True,cooldown active
b98750c7-b037-4ad3-a610-856fac001347,2026-06-01 00:23:00,23,4,3.0,1.491718635261163,0.3941139981672471,2.6964647349575235,1.0,2.0,True,cooldown active
b98750c7-b037-4ad3-a610-856fac001347,2026-06-01 00:24:00,24,4,5.0,1.491718635261163,0.3941139981672471,2.6964647349575235,4.0,2.0,True,below threshold
b98750c7-b037-4ad3-a610-856fac001347,2026-06-01 00:25:00,25,5,3.0,1.491718635261163,0.3941139981672471,2.6964647349575235,4.0,3.0,True,below threshold
b98750c7-b037-4ad3-a610-856fac001347,2026-06-01 00:26:00,26,5,5.0,1.491718635261163,0.3941139981672471,2.6964647349575235,4.0,4.0,True,below threshold
b98750c7-b037-4ad3-a610-856fac001347,2026-06-01 00:27:00,27,5,4.0,1.491718635261163,0.3941139981672471,2.6964647349575235,1.0,3.0,True,below threshold
b98750c7-b037-4ad3-a610-856fac001347,2026-06-01 00:28:00,28,5,3.0,1.491718635261163,0.3941139981672471,2.6964647349575235,1.0,2.0,True,below threshold
b98750c7-b037-4ad3-a610-856fac001347,2026-06-01 00:29:00,29,5,5.0,1.491718635261163,0.3941139981672471,2.6964647349575235,4.0,2.0,True,below threshold
b98750c7-b037-4ad3-a610-856fac001347,2026-06-01 00:30:00,30,6,5.0,1.491718635261163,0.3941139981672471,2.6964647349575235,0.0,1.6666666666666667,False,below threshold
b98750c7-b037-4ad3-a610-856fac001347,2026-06-01 00:31:00,31,6,,1.491718635261163,0.3941139981672471,2.6964647349575235,,2.0,True,below threshold
b98750c7-b037-4ad3-a610-856fac001347,2026-06-01 00:32:00,32,6,,1.491718635261163,0.3941139981672471,2.6964647349575235,,0.0,True,below threshold
b98750c7-b037-4ad3-a610-856fac001347,2026-06-01 00:33:00,33,6,,1.491718635261163,0.3941139981672471,2.6964647349575235,,,True,below threshold
b98750c7-b037-4ad3-a610-856fac001347,2026-06-01 00:34:00,34,6,,1.491718635261163,0.3941139981672471,2.6964647349575235,,,True,below threshold
b991d8c7-98e5-4c13-812a-31a3d39a366e,2026-06-01 00:00:00,0,0,4.0,1.2624310563283123,0.6456342785399303,1.1295281018772054,,,False,missing or insufficient EMA data
b991d8c7-98e5-4c13-812a-31a3d39a366e,2026-06-01 00:01:00,1,0,4.0,1.2624310563283123,0.6456342785399303,1.1295281018772054,0.0,0.0,True,below threshold
b991d8c7-98e5-4c13-812a-31a3d39a366e,2026-06-01 00:02:00,2,0,4.0,1.2624310563283123,0.6456342785399303,1.1295281018772054,0.0,0.0,True,below threshold
b991d8c7-98e5-4c13-812a-31a3d39a366e,2026-06-01 00:03:00,3,0,4.0,1.2624310563283123,0.6456342785399303,1.1295281018772054,0.0,0.0,True,below threshold
b991d8c7-98e5-4c13-812a-31a3d39a366e,2026-06-01 00:04:00,4,0,4.0,1.2624310563283123,0.6456342785399303,1.1295281018772054,0.0,0.0,True,below threshold
b991d8c7-98e5-4c13-812a-31a3d39a366e,2026-06-01 00:05:00,5,1,5.0,1.2624310563283123,0.6456342785399303,1.1295281018772054,1.0,0.3333333333333333,True,below threshold
b991d8c7-98e5-4c13-812a-31a3d39a366e,2026-06-01 00:06:00,6,1,2.0,1.2624310563283123,0.6456342785399303,1.1295281018772054,9.0,3.3333333333333335,True,below threshold
b991d8c7-98e5-4c13-812a-31a3d39a366e,2026-06-01 00:07:00,7,1,3.0,1.2624310563283123,0.6456342785399303,1.1295281018772054,1.0,3.6666666666666665,True,below threshold
b991d8c7-98e5-4c13-812a-31a3d39a366e,2026-06-01 00:08:00,8,1,3.0,1.2624310563283123,0.6456342785399303,1.1295281018772054,0.0,3.3333333333333335,True,below threshold
b991d8c7-98e5-4c13-812a-31a3d39a366e,2026-06-01 00:09:00,9,1,4.0,1.2624310563283123,0.6456342785399303,1.1295281018772054,1.0,0.6666666666666666,True,below threshold
b991d8c7-98e5-4c13-812a-31a3d39a366e,2026-06-01 00:10:00,10,2,4.0,1.2624310563283123,0.6456342785399303,1.1295281018772054,0.0,0.3333333333333333,True,prompt sent
b991d8c7-98e5-4c13-812a-31a3d39a366e,2026-06-01 00:11:00,11,2,2.0,1.2624310563283123,0.6456342785399303,1.1295281018772054,4.0,1.6666666666666667,True,cooldown active
b991d8c7-98e5-4c13-812a-31a3d39a366e,2026-06-01 00:12:00,12,2,3.0,1.2624310563283123,0.6456342785399303,1.1295281018772054,1.0,1.6666666666666667,True,cooldown active
b991d8c7-98e5-4c13-812a-31a3d39a366e,2026-06-01 00:13:00,13,2,5.0,1.2624310563283123,0.6456342785399303,1.1295281018772054,4.0,3.0,True,cooldown active
b991d8c7-98e5-4c13-812a-31a3d39a366e,2026-06-01 00:14:00,14,2,3.0,1.2624310563283123,0.6456342785399303,1.1295281018772054,4.0,3.0,True,cooldown active
b991d8c7-98e5-4c13-812a-31a3d39a366e,2026-06-01 00:15:00,15,3,4.0,1.2624310563283123,0.6456342785399303,1.1295281018772054,1.0,3.0,True,below threshold
b991d8c7-98e5-4c13-812a-31a3d39a366e,2026-06-01 00:16:00,16,3,4.0,1.2624310563283123,0.6456342785399303,1.1295281018772054,0.0,1.6666666666666667,True,missing or insufficient EMA data
b991d8c7-98e5-4c13-812a-31a3d39a366e,2026-06-01 00:17:00,17,3,4.0,1.2624310563283123,0.6456342785399303,1.1295281018772054,0.0,0.3333333333333333,True,missing or insufficient EMA data
b991d8c7-98e5-4c13-812a-31a3d39a366e,2026-06-01 00:18:00,18,3,3.0,1.2624310563283123,0.6456342785399303,1.1295281018772054,1.0,0.3333333333333333,True,missing or insufficient EMA data
b991d8c7-98e5-4c13-812a-31a3d39a366e,2026-06-01 00:19:00,19,3,3.0,1.2624310563283123,0.6456342785399303,1.1295281018772054,0.0,0.3333333333333333,True,below threshold
b991d8c7-98e5-4c13-812a-31a3d39a366e,2026-06-01 00:20:00,20,4,5.0,1.2624310563283123,0.6456342785399303,1.1295281018772054,4.0,1.6666666666666667,True,below threshold
b991d8c7-98e5-4c13-812a-31a3d39a366e,2026-06-01 00:21:00,21,4,5.0,1.2624310563283123,0.6456342785399303,1.1295281018772054,0.0,1.3333333333333333,True,prompt sent
b991d8c7-98e5-4c13-812a-31a3d39a366e,2026-06-01 00:22:00,22,4,5.0,1.2624310563283123,0.6456342785399303,1.1295281018772054,0.0,1.3333333333333333,True,cooldown active
b991d8c7-98e5-4c13-812a-31a3d39a366e,2026-06-01 00:23:00,23,4,5.0,1.2624310563283123,0.6456342785399303,1.1295281018772054,0.0,0.0,True,cooldown active
b991d8c7-98e5-4c13-812a-31a3d39a366e,2026-06-01 00:24:00,24,4,5.0,1.2624310563283123,0.6456342785399303,1.1295281018772054,0.0,0.0,True,below threshold
b991d8c7-98e5-4c13-812a-31a3d39a366e,2026-06-01 00:25:00,25,5,5.0,1.2624310563283123,0.6456342785399303,1.1295281018772054,0.0,0.0,True,below threshold
b991d8c7-98e5-4c13-812a-31a3d39a366e,2026-06-01 00:26:00,26,5,5.0,1.2624310563283123,0.6456342785399303,1.1295281018772054,0.0,0.0,True,below threshold
b991d8c7-98e5-4c13-812a-31a3d39a366e,2026-06-01 00:27:00,27,5,5.0,1.2624310563283123,0.6456342785399303,1.1295281018772054,0.0,0.0,True,below threshold
b991d8c7-98e5-4c13-812a-31a3d39a366e,2026-06-01 00:28:00,28,5,5.0,1.2624310563283123,0.6456342785399303,1.1295281018772054,0.0,0.0,True,below threshold
b991d8c7-98e5-4c13-812a-31a3d39a366e,2026-06-01 00:29:00,29,5,5.0,1.2624310563283123,0.6456342785399303,1.1295281018772054,0.0,0.0,True,below threshold
b991d8c7-98e5-4c13-812a-31a3d39a366e,2026-06-01 00:30:00,30,6,4.0,1.2624310563283123,0.6456342785399303,1.1295281018772054,1.0,0.3333333333333333,False,below threshold
b991d8c7-98e5-4c13-812a-31a3d39a366e,2026-06-01 00:31:00,31,6,5.0,1.2624310563283123,0.6456342785399303,1.1295281018772054,1.0,0.6666666666666666,True,below threshold
b991d8c7-98e5-4c13-812a-31a3d39a366e,2026-06-01 00:32:00,32,6,3.0,1.2624310563283123,0.6456342785399303,1.1295281018772054,4.0,2.0,True,below threshold
b991d8c7-98e5-4c13-812a-31a3d39a366e,2026-06-01 00:33:00,33,6,4.0,1.2624310563283123,0.6456342785399303,1.1295281018772054,1.0,2.0,True,below threshold
b991d8c7-98e5-4c13-812a-31a3d39a366e,2026-06-01 00:34:00,34,6,4.0,1.2624310563283123,0.6456342785399303,1.1295281018772054,0.0,1.6666666666666667,True,below threshold
bbdb1409-b83f-4caf-b41a-3a19a40a4841,2026-06-01 00:00:00,0,0,,0.3569681969197132,0.15849342250393478,0.21446012844107273,,,False,missing or insufficient EMA data
bbdb1409-b83f-4caf-b41a-3a19a40a4841,2026-06-01 00:01:00,1,0,,0.3569681969197132,0.15849342250393478,0.21446012844107273,,,True,below threshold
bbdb1409-b83f-4caf-b41a-3a19a40a4841,2026-06-01 00:02:00,2,0,,0.3569681969197132,0.15849342250393478,0.21446012844107273,,,True,below threshold
bbdb1409-b83f-4caf-b41a-3a19a40a4841,2026-06-01 00:03:00,3,0,,0.3569681969197132,0.15849342250393478,0.21446012844107273,,,True,below threshold
bbdb1409-b83f-4caf-b41a-3a19a40a4841,2026-06-01 00:04:00,4,0,3.0,0.3569681969197132,0.15849342250393478,0.21446012844107273,,,True,below threshold
bbdb1409-b83f-4caf-b41a-3a19a40a4841,2026-06-01 00:05:00,5,1,3.0,0.3569681969197132,0.15849342250393478,0.21446012844107273,0.0,0.0,True,below threshold
bbdb1409-b83f-4caf-b41a-3a19a40a4841,2026-06-01 00:06:00,6,1,3.0,0.3569681969197132,0.15849342250393478,0.21446012844107273,0.0,0.0,True,below threshold
bbdb1409-b83f-4caf-b41a-3a19a40a4841,2026-06-01 00:07:00,7,1,3.0,0.3569681969197132,0.15849342250393478,0.21446012844107273,0.0,0.0,True,below threshold
bbdb1409-b83f-4caf-b41a-3a19a40a4841,2026-06-01 00:08:00,8,1,3.0,0.3569681969197132,0.15849342250393478,0.21446012844107273,0.0,0.0,True,below threshold
bbdb1409-b83f-4caf-b41a-3a19a40a4841,2026-06-01 00:09:00,9,1,3.0,0.3569681969197132,0.15849342250393478,0.21446012844107273,0.0,0.0,True,below threshold
bbdb1409-b83f-4caf-b41a-3a19a40a4841,2026-06-01 00:10:00,10,2,,0.3569681969197132,0.15849342250393478,0.21446012844107273,,0.0,True,prompt sent
bbdb1409-b83f-4caf-b41a-3a19a40a4841,2026-06-01 00:11:00,11,2,,0.3569681969197132,0.15849342250393478,0.21446012844107273,,0.0,True,cooldown active
bbdb1409-b83f-4caf-b41a-3a19a40a4841,2026-06-01 00:12:00,12,2,,0.3569681969197132,0.15849342250393478,0.21446012844107273,,,True,cooldown active
bbdb1409-b83f-4caf-b41a-3a19a40a4841,2026-06-01 00:13:00,13,2,,0.3569681969197132,0.15849342250393478,0.21446012844107273,,,True,cooldown active
bbdb1409-b83f-4caf-b41a-3a19a40a4841,2026-06-01 00:14:00,14,2,,0.3569681969197132,0.15849342250393478,0.21446012844107273,,,True,cooldown active
bbdb1409-b83f-4caf-b41a-3a19a40a4841,2026-06-01 00:15:00,15,3,,0.3569681969197132,0.15849342250393478,0.21446012844107273,,,True,below threshold
bbdb1409-b83f-4caf-b41a-3a19a40a4841,2026-06-01 00:16:00,16,3,3.0,0.3569681969197132,0.15849342250393478,0.21446012844107273,,,True,missing or insufficient EMA data
bbdb1409-b83f-4caf-b41a-3a19a40a4841,2026-06-01 00:17:00,17,3,,0.3569681969197132,0.15849342250393478,0.21446012844107273,,,True,missing or insufficient EMA data
bbdb1409-b83f-4caf-b41a-3a19a40a4841,2026-06-01 00:18:00,18,3,,0.3569681969197132,0.15849342250393478,0.21446012844107273,,,True,missing or insufficient EMA data
bbdb1409-b83f-4caf-b41a-3a19a40a4841,2026-06-01 00:19:00,19,3,,0.3569681969197132,0.15849342250393478,0.21446012844107273,,,True,below threshold
bbdb1409-b83f-4caf-b41a-3a19a40a4841,2026-06-01 00:20:00,20,4,3.0,0.3569681969197132,0.15849342250393478,0.21446012844107273,,,True,below threshold
bbdb1409-b83f-4caf-b41a-3a19a40a4841,2026-06-01 00:21:00,21,4,3.0,0.3569681969197132,0.15849342250393478,0.21446012844107273,0.0,0.0,True,prompt sent
bbdb1409-b83f-4caf-b41a-3a19a40a4841,2026-06-01 00:22:00,22,4,3.0,0.3569681969197132,0.15849342250393478,0.21446012844107273,0.0,0.0,True,cooldown active
bbdb1409-b83f-4caf-b41a-3a19a40a4841,2026-06-01 00:23:00,23,4,,0.3569681969197132,0.15849342250393478,0.21446012844107273,,0.0,True,cooldown active
bbdb1409-b83f-4caf-b41a-3a19a40a4841,2026-06-01 00:24:00,24,4,3.0,0.3569681969197132,0.15849342250393478,0.21446012844107273,,0.0,True,below threshold
bbdb1409-b83f-4caf-b41a-3a19a40a4841,2026-06-01 00:25:00,25,5,3.0,0.3569681969197132,0.15849342250393478,0.21446012844107273,0.0,0.0,True,below threshold
bbdb1409-b83f-4caf-b41a-3a19a40a4841,2026-06-01 00:26:00,26,5,3.0,0.3569681969197132,0.15849342250393478,0.21446012844107273,0.0,0.0,True,below threshold
bbdb1409-b83f-4caf-b41a-3a19a40a4841,2026-06-01 00:27:00,27,5,3.0,0.3569681969197132,0.15849342250393478,0.21446012844107273,0.0,0.0,True,below threshold
bbdb1409-b83f-4caf-b41a-3a19a40a4841,2026-06-01 00:28:00,28,5,3.0,0.3569681969197132,0.15849342250393478,0.21446012844107273,0.0,0.0,True,below threshold
bbdb1409-b83f-4caf-b41a-3a19a40a4841,2026-06-01 00:29:00,29,5,3.0,0.3569681969197132,0.15849342250393478,0.21446012844107273,0.0,0.0,True,below threshold
bbdb1409-b83f-4caf-b41a-3a19a40a4841,2026-06-01 00:30:00,30,6,3.0,0.3569681969197132,0.15849342250393478,0.21446012844107273,0.0,0.0,False,below threshold
bbdb1409-b83f-4caf-b41a-3a19a40a4841,2026-06-01 00:31:00,31,6,3.0,0.3569681969197132,0.15849342250393478,0.21446012844107273,0.0,0.0,True,below threshold
bbdb1409-b83f-4caf-b41a-3a19a40a4841,2026-06-01 00:32:00,32,6,3.0,0.3569681969197132,0.15849342250393478,0.21446012844107273,0.0,0.0,True,below threshold
bbdb1409-b83f-4caf-b41a-3a19a40a4841,2026-06-01 00:33:00,33,6,3.0,0.3569681969197132,0.15849342250393478,0.21446012844107273,0.0,0.0,True,below threshold
bbdb1409-b83f-4caf-b41a-3a19a40a4841,2026-06-01 00:34:00,34,6,3.0,0.3569681969197132,0.15849342250393478,0.21446012844107273,0.0,0.0,True,below threshold
c258e861-abe4-4ac8-a927-11c7892ee2e0,2026-06-01 00:00:00,0,0,4.0,0.88630085442184,0.5640049489345077,0.6849736913014521,,,False,missing or insufficient EMA data
c258e861-abe4-4ac8-a927-11c7892ee2e0,2026-06-01 00:01:00,1,0,3.0,0.88630085442184,0.5640049489345077,0.6849736913014521,1.0,1.0,True,below threshold
c258e861-abe4-4ac8-a927-11c7892ee2e0,2026-06-01 00:02:00,2,0,2.0,0.88630085442184,0.5640049489345077,0.6849736913014521,1.0,1.0,True,below threshold
c258e861-abe4-4ac8-a927-11c7892ee2e0,2026-06-01 00:03:00,3,0,2.0,0.88630085442184,0.5640049489345077,0.6849736913014521,0.0,0.6666666666666666,True,below threshold
c258e861-abe4-4ac8-a927-11c7892ee2e0,2026-06-01 00:04:00,4,0,3.0,0.88630085442184,0.5640049489345077,0.6849736913014521,1.0,0.6666666666666666,True,below threshold
c258e861-abe4-4ac8-a927-11c7892ee2e0,2026-06-01 00:05:00,5,1,3.0,0.88630085442184,0.5640049489345077,0.6849736913014521,0.0,0.3333333333333333,True,below threshold
c258e861-abe4-4ac8-a927-11c7892ee2e0,2026-06-01 00:06:00,6,1,2.0,0.88630085442184,0.5640049489345077,0.6849736913014521,1.0,0.6666666666666666,True,below threshold
c258e861-abe4-4ac8-a927-11c7892ee2e0,2026-06-01 00:07:00,7,1,2.0,0.88630085442184,0.5640049489345077,0.6849736913014521,0.0,0.3333333333333333,True,below threshold
c258e861-abe4-4ac8-a927-11c7892ee2e0,2026-06-01 00:08:00,8,1,,0.88630085442184,0.5640049489345077,0.6849736913014521,,0.5,True,below threshold
c258e861-abe4-4ac8-a927-11c7892ee2e0,2026-06-01 00:09:00,9,1,4.0,0.88630085442184,0.5640049489345077,0.6849736913014521,,0.0,True,below threshold
c258e861-abe4-4ac8-a927-11c7892ee2e0,2026-06-01 00:10:00,10,2,5.0,0.88630085442184,0.5640049489345077,0.6849736913014521,1.0,1.0,True,prompt sent
c258e861-abe4-4ac8-a927-11c7892ee2e0,2026-06-01 00:11:00,11,2,,0.88630085442184,0.5640049489345077,0.6849736913014521,,1.0,True,cooldown active
c258e861-abe4-4ac8-a927-11c7892ee2e0,2026-06-01 00:12:00,12,2,,0.88630085442184,0.5640049489345077,0.6849736913014521,,1.0,True,cooldown active
c258e861-abe4-4ac8-a927-11c7892ee2e0,2026-06-01 00:13:00,13,2,,0.88630085442184,0.5640049489345077,0.6849736913014521,,,True,cooldown active
c258e861-abe4-4ac8-a927-11c7892ee2e0,2026-06-01 00:14:00,14,2,,0.88630085442184,0.5640049489345077,0.6849736913014521,,,True,cooldown active
c258e861-abe4-4ac8-a927-11c7892ee2e0,2026-06-01 00:15:00,15,3,2.0,0.88630085442184,0.5640049489345077,0.6849736913014521,,,True,below threshold
c258e861-abe4-4ac8-a927-11c7892ee2e0,2026-06-01 00:16:00,16,3,3.0,0.88630085442184,0.5640049489345077,0.6849736913014521,1.0,1.0,True,missing or insufficient EMA data
c258e861-abe4-4ac8-a927-11c7892ee2e0,2026-06-01 00:17:00,17,3,2.0,0.88630085442184,0.5640049489345077,0.6849736913014521,1.0,1.0,True,missing or insufficient EMA data
c258e861-abe4-4ac8-a927-11c7892ee2e0,2026-06-01 00:18:00,18,3,2.0,0.88630085442184,0.5640049489345077,0.6849736913014521,0.0,0.6666666666666666,True,missing or insufficient EMA data
c258e861-abe4-4ac8-a927-11c7892ee2e0,2026-06-01 00:19:00,19,3,,0.88630085442184,0.5640049489345077,0.6849736913014521,,0.5,True,below threshold
c258e861-abe4-4ac8-a927-11c7892ee2e0,2026-06-01 00:20:00,20,4,1.0,0.88630085442184,0.5640049489345077,0.6849736913014521,,0.0,True,below threshold
c258e861-abe4-4ac8-a927-11c7892ee2e0,2026-06-01 00:21:00,21,4,1.0,0.88630085442184,0.5640049489345077,0.6849736913014521,0.0,0.0,True,prompt sent
c258e861-abe4-4ac8-a927-11c7892ee2e0,2026-06-01 00:22:00,22,4,1.0,0.88630085442184,0.5640049489345077,0.6849736913014521,0.0,0.0,True,cooldown active
c258e861-abe4-4ac8-a927-11c7892ee2e0,2026-06-01 00:23:00,23,4,1.0,0.88630085442184,0.5640049489345077,0.6849736913014521,0.0,0.0,True,cooldown active
c258e861-abe4-4ac8-a927-11c7892ee2e0,2026-06-01 00:24:00,24,4,2.0,0.88630085442184,0.5640049489345077,0.6849736913014521,1.0,0.3333333333333333,True,below threshold
c258e861-abe4-4ac8-a927-11c7892ee2e0,2026-06-01 00:25:00,25,5,,0.88630085442184,0.5640049489345077,0.6849736913014521,,0.5,True,below threshold
c258e861-abe4-4ac8-a927-11c7892ee2e0,2026-06-01 00:26:00,26,5,,0.88630085442184,0.5640049489345077,0.6849736913014521,,1.0,True,below threshold
c258e861-abe4-4ac8-a927-11c7892ee2e0,2026-06-01 00:27:00,27,5,,0.88630085442184,0.5640049489345077,0.6849736913014521,,,True,below threshold
c258e861-abe4-4ac8-a927-11c7892ee2e0,2026-06-01 00:28:00,28,5,2.0,0.88630085442184,0.5640049489345077,0.6849736913014521,,,True,below threshold
c258e861-abe4-4ac8-a927-11c7892ee2e0,2026-06-01 00:29:00,29,5,1.0,0.88630085442184,0.5640049489345077,0.6849736913014521,1.0,1.0,True,below threshold
c258e861-abe4-4ac8-a927-11c7892ee2e0,2026-06-01 00:30:00,30,6,,0.88630085442184,0.5640049489345077,0.6849736913014521,,1.0,False,below threshold
c258e861-abe4-4ac8-a927-11c7892ee2e0,2026-06-01 00:31:00,31,6,,0.88630085442184,0.5640049489345077,0.6849736913014521,,1.0,True,below threshold
c258e861-abe4-4ac8-a927-11c7892ee2e0,2026-06-01 00:32:00,32,6,3.0,0.88630085442184,0.5640049489345077,0.6849736913014521,,,True,below threshold
c258e861-abe4-4ac8-a927-11c7892ee2e0,2026-06-01 00:33:00,33,6,3.0,0.88630085442184,0.5640049489345077,0.6849736913014521,0.0,0.0,True,below threshold
c258e861-abe4-4ac8-a927-11c7892ee2e0,2026-06-01 00:34:00,34,6,3.0,0.88630085442184,0.5640049489345077,0.6849736913014521,0.0,0.0,True,below threshold
c2ce40a8-0f1c-4c8b-b4a6-17527e0dcb0b,2026-06-01 00:00:00,0,0,2.0,0.7924096306788498,0.21755658641920458,0.9826128179713417,,,False,missing or insufficient EMA data
c2ce40a8-0f1c-4c8b-b4a6-17527e0dcb0b,2026-06-01 00:01:00,1,0,2.0,0.7924096306788498,0.21755658641920458,0.9826128179713417,0.0,0.0,True,below threshold
c2ce40a8-0f1c-4c8b-b4a6-17527e0dcb0b,2026-06-01 00:02:00,2,0,3.0,0.7924096306788498,0.21755658641920458,0.9826128179713417,1.0,0.5,True,below threshold
c2ce40a8-0f1c-4c8b-b4a6-17527e0dcb0b,2026-06-01 00:03:00,3,0,2.0,0.7924096306788498,0.21755658641920458,0.9826128179713417,1.0,0.6666666666666666,True,below threshold
c2ce40a8-0f1c-4c8b-b4a6-17527e0dcb0b,2026-06-01 00:04:00,4,0,,0.7924096306788498,0.21755658641920458,0.9826128179713417,,1.0,True,below threshold
c2ce40a8-0f1c-4c8b-b4a6-17527e0dcb0b,2026-06-01 00:05:00,5,1,,0.7924096306788498,0.21755658641920458,0.9826128179713417,,1.0,True,below threshold
c2ce40a8-0f1c-4c8b-b4a6-17527e0dcb0b,2026-06-01 00:06:00,6,1,,0.7924096306788498,0.21755658641920458,0.9826128179713417,,,True,below threshold
c2ce40a8-0f1c-4c8b-b4a6-17527e0dcb0b,2026-06-01 00:07:00,7,1,,0.7924096306788498,0.21755658641920458,0.9826128179713417,,,True,below threshold
c2ce40a8-0f1c-4c8b-b4a6-17527e0dcb0b,2026-06-01 00:08:00,8,1,,0.7924096306788498,0.21755658641920458,0.9826128179713417,,,True,below threshold
c2ce40a8-0f1c-4c8b-b4a6-17527e0dcb0b,2026-06-01 00:09:00,9,1,,0.7924096306788498,0.21755658641920458,0.9826128179713417,,,True,below threshold
c2ce40a8-0f1c-4c8b-b4a6-17527e0dcb0b,2026-06-01 00:10:00,10,2,3.0,0.7924096306788498,0.21755658641920458,0.9826128179713417,,,True,prompt sent
c2ce40a8-0f1c-4c8b-b4a6-17527e0dcb0b,2026-06-01 00:11:00,11,2,3.0,0.7924096306788498,0.21755658641920458,0.9826128179713417,0.0,0.0,True,cooldown active
c2ce40a8-0f1c-4c8b-b4a6-17527e0dcb0b,2026-06-01 00:12:00,12,2,3.0,0.7924096306788498,0.21755658641920458,0.9826128179713417,0.0,0.0,True,cooldown active
c2ce40a8-0f1c-4c8b-b4a6-17527e0dcb0b,2026-06-01 00:13:00,13,2,,0.7924096306788498,0.21755658641920458,0.9826128179713417,,0.0,True,cooldown active
c2ce40a8-0f1c-4c8b-b4a6-17527e0dcb0b,2026-06-01 00:14:00,14,2,,0.7924096306788498,0.21755658641920458,0.9826128179713417,,0.0,True,cooldown active
c2ce40a8-0f1c-4c8b-b4a6-17527e0dcb0b,2026-06-01 00:15:00,15,3,,0.7924096306788498,0.21755658641920458,0.9826128179713417,,,True,below threshold
c2ce40a8-0f1c-4c8b-b4a6-17527e0dcb0b,2026-06-01 00:16:00,16,3,,0.7924096306788498,0.21755658641920458,0.9826128179713417,,,True,missing or insufficient EMA data
c2ce40a8-0f1c-4c8b-b4a6-17527e0dcb0b,2026-06-01 00:17:00,17,3,,0.7924096306788498,0.21755658641920458,0.9826128179713417,,,True,missing or insufficient EMA data
c2ce40a8-0f1c-4c8b-b4a6-17527e0dcb0b,2026-06-01 00:18:00,18,3,3.0,0.7924096306788498,0.21755658641920458,0.9826128179713417,,,True,missing or insufficient EMA data
c2ce40a8-0f1c-4c8b-b4a6-17527e0dcb0b,2026-06-01 00:19:00,19,3,3.0,0.7924096306788498,0.21755658641920458,0.9826128179713417,0.0,0.0,True,below threshold
c2ce40a8-0f1c-4c8b-b4a6-17527e0dcb0b,2026-06-01 00:20:00,20,4,2.0,0.7924096306788498,0.21755658641920458,0.9826128179713417,1.0,0.5,True,below threshold
c2ce40a8-0f1c-4c8b-b4a6-17527e0dcb0b,2026-06-01 00:21:00,21,4,1.0,0.7924096306788498,0.21755658641920458,0.9826128179713417,1.0,0.6666666666666666,True,prompt sent
c2ce40a8-0f1c-4c8b-b4a6-17527e0dcb0b,2026-06-01 00:22:00,22,4,3.0,0.7924096306788498,0.21755658641920458,0.9826128179713417,4.0,2.0,True,cooldown active
c2ce40a8-0f1c-4c8b-b4a6-17527e0dcb0b,2026-06-01 00:23:00,23,4,1.0,0.7924096306788498,0.21755658641920458,0.9826128179713417,4.0,3.0,True,cooldown active
c2ce40a8-0f1c-4c8b-b4a6-17527e0dcb0b,2026-06-01 00:24:00,24,4,2.0,0.7924096306788498,0.21755658641920458,0.9826128179713417,1.0,3.0,True,below threshold
c2ce40a8-0f1c-4c8b-b4a6-17527e0dcb0b,2026-06-01 00:25:00,25,5,4.0,0.7924096306788498,0.21755658641920458,0.9826128179713417,4.0,3.0,True,below threshold
c2ce40a8-0f1c-4c8b-b4a6-17527e0dcb0b,2026-06-01 00:26:00,26,5,1.0,0.7924096306788498,0.21755658641920458,0.9826128179713417,9.0,4.666666666666667,True,below threshold
c2ce40a8-0f1c-4c8b-b4a6-17527e0dcb0b,2026-06-01 00:27:00,27,5,1.0,0.7924096306788498,0.21755658641920458,0.9826128179713417,0.0,4.333333333333333,True,below threshold
c2ce40a8-0f1c-4c8b-b4a6-17527e0dcb0b,2026-06-01 00:28:00,28,5,2.0,0.7924096306788498,0.21755658641920458,0.9826128179713417,1.0,3.3333333333333335,True,below threshold
c2ce40a8-0f1c-4c8b-b4a6-17527e0dcb0b,2026-06-01 00:29:00,29,5,2.0,0.7924096306788498,0.21755658641920458,0.9826128179713417,0.0,0.3333333333333333,True,below threshold
c2ce40a8-0f1c-4c8b-b4a6-17527e0dcb0b,2026-06-01 00:30:00,30,6,2.0,0.7924096306788498,0.21755658641920458,0.9826128179713417,0.0,0.3333333333333333,False,below threshold
c2ce40a8-0f1c-4c8b-b4a6-17527e0dcb0b,2026-06-01 00:31:00,31,6,,0.7924096306788498,0.21755658641920458,0.9826128179713417,,0.0,True,below threshold
c2ce40a8-0f1c-4c8b-b4a6-17527e0dcb0b,2026-06-01 00:32:00,32,6,,0.7924096306788498,0.21755658641920458,0.9826128179713417,,0.0,True,below threshold
c2ce40a8-0f1c-4c8b-b4a6-17527e0dcb0b,2026-06-01 00:33:00,33,6,,0.7924096306788498,0.21755658641920458,0.9826128179713417,,,True,below threshold
c2ce40a8-0f1c-4c8b-b4a6-17527e0dcb0b,2026-06-01 00:34:00,34,6,,0.7924096306788498,0.21755658641920458,0.9826128179713417,,,True,below threshold
c4742bcd-6e31-4323-af56-f9ed53a64032,2026-06-01 00:00:00,0,0,1.0,0.6897079725062814,0.4699149261518448,0.504319851342601,,,False,missing or insufficient EMA data
c4742bcd-6e31-4323-af56-f9ed53a64032,2026-06-01 00:01:00,1,0,2.0,0.6897079725062814,0.4699149261518448,0.504319851342601,1.0,1.0,True,below threshold
c4742bcd-6e31-4323-af56-f9ed53a64032,2026-06-01 00:02:00,2,0,2.0,0.6897079725062814,0.4699149261518448,0.504319851342601,0.0,0.5,True,below threshold
c4742bcd-6e31-4323-af56-f9ed53a64032,2026-06-01 00:03:00,3,0,2.0,0.6897079725062814,0.4699149261518448,0.504319851342601,0.0,0.3333333333333333,True,below threshold
c4742bcd-6e31-4323-af56-f9ed53a64032,2026-06-01 00:04:00,4,0,3.0,0.6897079725062814,0.4699149261518448,0.504319851342601,1.0,0.3333333333333333,True,below threshold
c4742bcd-6e31-4323-af56-f9ed53a64032,2026-06-01 00:05:00,5,1,2.0,0.6897079725062814,0.4699149261518448,0.504319851342601,1.0,0.6666666666666666,True,below threshold
c4742bcd-6e31-4323-af56-f9ed53a64032,2026-06-01 00:06:00,6,1,3.0,0.6897079725062814,0.4699149261518448,0.504319851342601,1.0,1.0,True,below threshold
c4742bcd-6e31-4323-af56-f9ed53a64032,2026-06-01 00:07:00,7,1,2.0,0.6897079725062814,0.4699149261518448,0.504319851342601,1.0,1.0,True,below threshold
c4742bcd-6e31-4323-af56-f9ed53a64032,2026-06-01 00:08:00,8,1,3.0,0.6897079725062814,0.4699149261518448,0.504319851342601,1.0,1.0,True,below threshold
c4742bcd-6e31-4323-af56-f9ed53a64032,2026-06-01 00:09:00,9,1,2.0,0.6897079725062814,0.4699149261518448,0.504319851342601,1.0,1.0,True,below threshold
c4742bcd-6e31-4323-af56-f9ed53a64032,2026-06-01 00:10:00,10,2,2.0,0.6897079725062814,0.4699149261518448,0.504319851342601,0.0,0.6666666666666666,True,prompt sent
c4742bcd-6e31-4323-af56-f9ed53a64032,2026-06-01 00:11:00,11,2,2.0,0.6897079725062814,0.4699149261518448,0.504319851342601,0.0,0.3333333333333333,True,cooldown active
c4742bcd-6e31-4323-af56-f9ed53a64032,2026-06-01 00:12:00,12,2,2.0,0.6897079725062814,0.4699149261518448,0.504319851342601,0.0,0.0,True,cooldown active
c4742bcd-6e31-4323-af56-f9ed53a64032,2026-06-01 00:13:00,13,2,2.0,0.6897079725062814,0.4699149261518448,0.504319851342601,0.0,0.0,True,cooldown active
c4742bcd-6e31-4323-af56-f9ed53a64032,2026-06-01 00:14:00,14,2,3.0,0.6897079725062814,0.4699149261518448,0.504319851342601,1.0,0.3333333333333333,True,cooldown active
c4742bcd-6e31-4323-af56-f9ed53a64032,2026-06-01 00:15:00,15,3,3.0,0.6897079725062814,0.4699149261518448,0.504319851342601,0.0,0.3333333333333333,True,below threshold
c4742bcd-6e31-4323-af56-f9ed53a64032,2026-06-01 00:16:00,16,3,2.0,0.6897079725062814,0.4699149261518448,0.504319851342601,1.0,0.6666666666666666,True,missing or insufficient EMA data
c4742bcd-6e31-4323-af56-f9ed53a64032,2026-06-01 00:17:00,17,3,2.0,0.6897079725062814,0.4699149261518448,0.504319851342601,0.0,0.3333333333333333,True,missing or insufficient EMA data
c4742bcd-6e31-4323-af56-f9ed53a64032,2026-06-01 00:18:00,18,3,2.0,0.6897079725062814,0.4699149261518448,0.504319851342601,0.0,0.3333333333333333,True,missing or insufficient EMA data
c4742bcd-6e31-4323-af56-f9ed53a64032,2026-06-01 00:19:00,19,3,1.0,0.6897079725062814,0.4699149261518448,0.504319851342601,1.0,0.3333333333333333,True,below threshold
c4742bcd-6e31-4323-af56-f9ed53a64032,2026-06-01 00:20:00,20,4,1.0,0.6897079725062814,0.4699149261518448,0.504319851342601,0.0,0.3333333333333333,True,below threshold
c4742bcd-6e31-4323-af56-f9ed53a64032,2026-06-01 00:21:00,21,4,1.0,0.6897079725062814,0.4699149261518448,0.504319851342601,0.0,0.3333333333333333,True,prompt sent
c4742bcd-6e31-4323-af56-f9ed53a64032,2026-06-01 00:22:00,22,4,2.0,0.6897079725062814,0.4699149261518448,0.504319851342601,1.0,0.3333333333333333,True,cooldown active
c4742bcd-6e31-4323-af56-f9ed53a64032,2026-06-01 00:23:00,23,4,1.0,0.6897079725062814,0.4699149261518448,0.504319851342601,1.0,0.6666666666666666,True,cooldown active
c4742bcd-6e31-4323-af56-f9ed53a64032,2026-06-01 00:24:00,24,4,2.0,0.6897079725062814,0.4699149261518448,0.504319851342601,1.0,1.0,True,below threshold
c4742bcd-6e31-4323-af56-f9ed53a64032,2026-06-01 00:25:00,25,5,3.0,0.6897079725062814,0.4699149261518448,0.504319851342601,1.0,1.0,True,below threshold
c4742bcd-6e31-4323-af56-f9ed53a64032,2026-06-01 00:26:00,26,5,3.0,0.6897079725062814,0.4699149261518448,0.504319851342601,0.0,0.6666666666666666,True,below threshold
c4742bcd-6e31-4323-af56-f9ed53a64032,2026-06-01 00:27:00,27,5,2.0,0.6897079725062814,0.4699149261518448,0.504319851342601,1.0,0.6666666666666666,True,below threshold
c4742bcd-6e31-4323-af56-f9ed53a64032,2026-06-01 00:28:00,28,5,1.0,0.6897079725062814,0.4699149261518448,0.504319851342601,1.0,0.6666666666666666,True,below threshold
c4742bcd-6e31-4323-af56-f9ed53a64032,2026-06-01 00:29:00,29,5,2.0,0.6897079725062814,0.4699149261518448,0.504319851342601,1.0,1.0,True,below threshold
c4742bcd-6e31-4323-af56-f9ed53a64032,2026-06-01 00:30:00,30,6,1.0,0.6897079725062814,0.4699149261518448,0.504319851342601,1.0,1.0,False,below threshold
c4742bcd-6e31-4323-af56-f9ed53a64032,2026-06-01 00:31:00,31,6,2.0,0.6897079725062814,0.4699149261518448,0.504319851342601,1.0,1.0,True,below threshold
c4742bcd-6e31-4323-af56-f9ed53a64032,2026-06-01 00:32:00,32,6,2.0,0.6897079725062814,0.4699149261518448,0.504319851342601,0.0,0.6666666666666666,True,below threshold
c4742bcd-6e31-4323-af56-f9ed53a64032,2026-06-01 00:33:00,33,6,3.0,0.6897079725062814,0.4699149261518448,0.504319851342601,1.0,0.6666666666666666,True,below threshold
c4742bcd-6e31-4323-af56-f9ed53a64032,2026-06-01 00:34:00,34,6,2.0,0.6897079725062814,0.4699149261518448,0.504319851342601,1.0,0.6666666666666666,True,below threshold
c6f26108-6c48-4093-a128-401385af7b96,2026-06-01 00:00:00,0,0,5.0,0.9593923353600697,0.2050277047737471,1.4634385076925418,,,False,missing or insufficient EMA data
c6f26108-6c48-4093-a128-401385af7b96,2026-06-01 00:01:00,1,0,,0.9593923353600697,0.2050277047737471,1.4634385076925418,,,True,below threshold
c6f26108-6c48-4093-a128-401385af7b96,2026-06-01 00:02:00,2,0,,0.9593923353600697,0.2050277047737471,1.4634385076925418,,,True,below threshold
c6f26108-6c48-4093-a128-401385af7b96,2026-06-01 00:03:00,3,0,,0.9593923353600697,0.2050277047737471,1.4634385076925418,,,True,below threshold
c6f26108-6c48-4093-a128-401385af7b96,2026-06-01 00:04:00,4,0,,0.9593923353600697,0.2050277047737471,1.4634385076925418,,,True,below threshold
c6f26108-6c48-4093-a128-401385af7b96,2026-06-01 00:05:00,5,1,,0.9593923353600697,0.2050277047737471,1.4634385076925418,,,True,below threshold
c6f26108-6c48-4093-a128-401385af7b96,2026-06-01 00:06:00,6,1,,0.9593923353600697,0.2050277047737471,1.4634385076925418,,,True,below threshold
c6f26108-6c48-4093-a128-401385af7b96,2026-06-01 00:07:00,7,1,5.0,0.9593923353600697,0.2050277047737471,1.4634385076925418,,,True,below threshold
c6f26108-6c48-4093-a128-401385af7b96,2026-06-01 00:08:00,8,1,5.0,0.9593923353600697,0.2050277047737471,1.4634385076925418,0.0,0.0,True,below threshold
c6f26108-6c48-4093-a128-401385af7b96,2026-06-01 00:09:00,9,1,3.0,0.9593923353600697,0.2050277047737471,1.4634385076925418,4.0,2.0,True,below threshold
c6f26108-6c48-4093-a128-401385af7b96,2026-06-01 00:10:00,10,2,4.0,0.9593923353600697,0.2050277047737471,1.4634385076925418,1.0,1.6666666666666667,True,prompt sent
c6f26108-6c48-4093-a128-401385af7b96,2026-06-01 00:11:00,11,2,5.0,0.9593923353600697,0.2050277047737471,1.4634385076925418,1.0,2.0,True,cooldown active
c6f26108-6c48-4093-a128-401385af7b96,2026-06-01 00:12:00,12,2,4.0,0.9593923353600697,0.2050277047737471,1.4634385076925418,1.0,1.0,True,cooldown active
c6f26108-6c48-4093-a128-401385af7b96,2026-06-01 00:13:00,13,2,4.0,0.9593923353600697,0.2050277047737471,1.4634385076925418,0.0,0.6666666666666666,True,cooldown active
c6f26108-6c48-4093-a128-401385af7b96,2026-06-01 00:14:00,14,2,2.0,0.9593923353600697,0.2050277047737471,1.4634385076925418,4.0,1.6666666666666667,True,cooldown active
c6f26108-6c48-4093-a128-401385af7b96,2026-06-01 00:15:00,15,3,,0.9593923353600697,0.2050277047737471,1.4634385076925418,,2.0,True,below threshold
c6f26108-6c48-4093-a128-401385af7b96,2026-06-01 00:16:00,16,3,,0.9593923353600697,0.2050277047737471,1.4634385076925418,,4.0,True,missing or insufficient EMA data
c6f26108-6c48-4093-a128-401385af7b96,2026-06-01 00:17:00,17,3,,0.9593923353600697,0.2050277047737471,1.4634385076925418,,,True,missing or insufficient EMA data
c6f26108-6c48-4093-a128-401385af7b96,2026-06-01 00:18:00,18,3,,0.9593923353600697,0.2050277047737471,1.4634385076925418,,,True,missing or insufficient EMA data
c6f26108-6c48-4093-a128-401385af7b96,2026-06-01 00:19:00,19,3,,0.9593923353600697,0.2050277047737471,1.4634385076925418,,,True,below threshold
c6f26108-6c48-4093-a128-401385af7b96,2026-06-01 00:20:00,20,4,5.0,0.9593923353600697,0.2050277047737471,1.4634385076925418,,,True,below threshold
c6f26108-6c48-4093-a128-401385af7b96,2026-06-01 00:21:00,21,4,3.0,0.9593923353600697,0.2050277047737471,1.4634385076925418,4.0,4.0,True,prompt sent
c6f26108-6c48-4093-a128-401385af7b96,2026-06-01 00:22:00,22,4,3.0,0.9593923353600697,0.2050277047737471,1.4634385076925418,0.0,2.0,True,cooldown active
c6f26108-6c48-4093-a128-401385af7b96,2026-06-01 00:23:00,23,4,2.0,0.9593923353600697,0.2050277047737471,1.4634385076925418,1.0,1.6666666666666667,True,cooldown active
c6f26108-6c48-4093-a128-401385af7b96,2026-06-01 00:24:00,24,4,3.0,0.9593923353600697,0.2050277047737471,1.4634385076925418,1.0,0.6666666666666666,True,below threshold
c6f26108-6c48-4093-a128-401385af7b96,2026-06-01 00:25:00,25,5,3.0,0.9593923353600697,0.2050277047737471,1.4634385076925418,0.0,0.6666666666666666,True,below threshold
c6f26108-6c48-4093-a128-401385af7b96,2026-06-01 00:26:00,26,5,2.0,0.9593923353600697,0.2050277047737471,1.4634385076925418,1.0,0.6666666666666666,True,below threshold
c6f26108-6c48-4093-a128-401385af7b96,2026-06-01 00:27:00,27,5,4.0,0.9593923353600697,0.2050277047737471,1.4634385076925418,4.0,1.6666666666666667,True,below threshold
c6f26108-6c48-4093-a128-401385af7b96,2026-06-01 00:28:00,28,5,3.0,0.9593923353600697,0.2050277047737471,1.4634385076925418,1.0,2.0,True,below threshold
c6f26108-6c48-4093-a128-401385af7b96,2026-06-01 00:29:00,29,5,3.0,0.9593923353600697,0.2050277047737471,1.4634385076925418,0.0,1.6666666666666667,True,below threshold
c6f26108-6c48-4093-a128-401385af7b96,2026-06-01 00:30:00,30,6,3.0,0.9593923353600697,0.2050277047737471,1.4634385076925418,0.0,0.3333333333333333,False,below threshold
c6f26108-6c48-4093-a128-401385af7b96,2026-06-01 00:31:00,31,6,5.0,0.9593923353600697,0.2050277047737471,1.4634385076925418,4.0,1.3333333333333333,True,below threshold
c6f26108-6c48-4093-a128-401385af7b96,2026-06-01 00:32:00,32,6,5.0,0.9593923353600697,0.2050277047737471,1.4634385076925418,0.0,1.3333333333333333,True,below threshold
c6f26108-6c48-4093-a128-401385af7b96,2026-06-01 00:33:00,33,6,4.0,0.9593923353600697,0.2050277047737471,1.4634385076925418,1.0,1.6666666666666667,True,below threshold
c6f26108-6c48-4093-a128-401385af7b96,2026-06-01 00:34:00,34,6,4.0,0.9593923353600697,0.2050277047737471,1.4634385076925418,0.0,0.3333333333333333,True,below threshold
c91fa414-9f07-4ff0-9504-99c8c93c1aec,2026-06-01 00:00:00,0,0,2.0,0.35047973046367314,0.3833238815320058,0.151500106518316,,,False,missing or insufficient EMA data
c91fa414-9f07-4ff0-9504-99c8c93c1aec,2026-06-01 00:01:00,1,0,2.0,0.35047973046367314,0.3833238815320058,0.151500106518316,0.0,0.0,True,below threshold
c91fa414-9f07-4ff0-9504-99c8c93c1aec,2026-06-01 00:02:00,2,0,,0.35047973046367314,0.3833238815320058,0.151500106518316,,0.0,True,below threshold
c91fa414-9f07-4ff0-9504-99c8c93c1aec,2026-06-01 00:03:00,3,0,,0.35047973046367314,0.3833238815320058,0.151500106518316,,0.0,True,below threshold
c91fa414-9f07-4ff0-9504-99c8c93c1aec,2026-06-01 00:04:00,4,0,,0.35047973046367314,0.3833238815320058,0.151500106518316,,,True,below threshold
c91fa414-9f07-4ff0-9504-99c8c93c1aec,2026-06-01 00:05:00,5,1,,0.35047973046367314,0.3833238815320058,0.151500106518316,,,True,below threshold
c91fa414-9f07-4ff0-9504-99c8c93c1aec,2026-06-01 00:06:00,6,1,,0.35047973046367314,0.3833238815320058,0.151500106518316,,,True,below threshold
c91fa414-9f07-4ff0-9504-99c8c93c1aec,2026-06-01 00:07:00,7,1,,0.35047973046367314,0.3833238815320058,0.151500106518316,,,True,below threshold
c91fa414-9f07-4ff0-9504-99c8c93c1aec,2026-06-01 00:08:00,8,1,,0.35047973046367314,0.3833238815320058,0.151500106518316,,,True,below threshold
c91fa414-9f07-4ff0-9504-99c8c93c1aec,2026-06-01 00:09:00,9,1,,0.35047973046367314,0.3833238815320058,0.151500106518316,,,True,below threshold
c91fa414-9f07-4ff0-9504-99c8c93c1aec,2026-06-01 00:10:00,10,2,,0.35047973046367314,0.3833238815320058,0.151500106518316,,,True,prompt sent
c91fa414-9f07-4ff0-9504-99c8c93c1aec,2026-06-01 00:11:00,11,2,3.0,0.35047973046367314,0.3833238815320058,0.151500106518316,,,True,cooldown active
c91fa414-9f07-4ff0-9504-99c8c93c1aec,2026-06-01 00:12:00,12,2,3.0,0.35047973046367314,0.3833238815320058,0.151500106518316,0.0,0.0,True,cooldown active
c91fa414-9f07-4ff0-9504-99c8c93c1aec,2026-06-01 00:13:00,13,2,3.0,0.35047973046367314,0.3833238815320058,0.151500106518316,0.0,0.0,True,cooldown active
c91fa414-9f07-4ff0-9504-99c8c93c1aec,2026-06-01 00:14:00,14,2,,0.35047973046367314,0.3833238815320058,0.151500106518316,,0.0,True,cooldown active
c91fa414-9f07-4ff0-9504-99c8c93c1aec,2026-06-01 00:15:00,15,3,,0.35047973046367314,0.3833238815320058,0.151500106518316,,0.0,True,below threshold
c91fa414-9f07-4ff0-9504-99c8c93c1aec,2026-06-01 00:16:00,16,3,,0.35047973046367314,0.3833238815320058,0.151500106518316,,,True,missing or insufficient EMA data
c91fa414-9f07-4ff0-9504-99c8c93c1aec,2026-06-01 00:17:00,17,3,,0.35047973046367314,0.3833238815320058,0.151500106518316,,,True,missing or insufficient EMA data
c91fa414-9f07-4ff0-9504-99c8c93c1aec,2026-06-01 00:18:00,18,3,2.0,0.35047973046367314,0.3833238815320058,0.151500106518316,,,True,missing or insufficient EMA data
c91fa414-9f07-4ff0-9504-99c8c93c1aec,2026-06-01 00:19:00,19,3,2.0,0.35047973046367314,0.3833238815320058,0.151500106518316,0.0,0.0,True,below threshold
c91fa414-9f07-4ff0-9504-99c8c93c1aec,2026-06-01 00:20:00,20,4,,0.35047973046367314,0.3833238815320058,0.151500106518316,,0.0,True,below threshold
c91fa414-9f07-4ff0-9504-99c8c93c1aec,2026-06-01 00:21:00,21,4,,0.35047973046367314,0.3833238815320058,0.151500106518316,,0.0,True,prompt sent
c91fa414-9f07-4ff0-9504-99c8c93c1aec,2026-06-01 00:22:00,22,4,,0.35047973046367314,0.3833238815320058,0.151500106518316,,,True,cooldown active
c91fa414-9f07-4ff0-9504-99c8c93c1aec,2026-06-01 00:23:00,23,4,2.0,0.35047973046367314,0.3833238815320058,0.151500106518316,,,True,cooldown active
c91fa414-9f07-4ff0-9504-99c8c93c1aec,2026-06-01 00:24:00,24,4,,0.35047973046367314,0.3833238815320058,0.151500106518316,,,True,below threshold
c91fa414-9f07-4ff0-9504-99c8c93c1aec,2026-06-01 00:25:00,25,5,3.0,0.35047973046367314,0.3833238815320058,0.151500106518316,,,True,below threshold
c91fa414-9f07-4ff0-9504-99c8c93c1aec,2026-06-01 00:26:00,26,5,3.0,0.35047973046367314,0.3833238815320058,0.151500106518316,0.0,0.0,True,below threshold
c91fa414-9f07-4ff0-9504-99c8c93c1aec,2026-06-01 00:27:00,27,5,3.0,0.35047973046367314,0.3833238815320058,0.151500106518316,0.0,0.0,True,below threshold
c91fa414-9f07-4ff0-9504-99c8c93c1aec,2026-06-01 00:28:00,28,5,2.0,0.35047973046367314,0.3833238815320058,0.151500106518316,1.0,0.3333333333333333,True,below threshold
c91fa414-9f07-4ff0-9504-99c8c93c1aec,2026-06-01 00:29:00,29,5,3.0,0.35047973046367314,0.3833238815320058,0.151500106518316,1.0,0.6666666666666666,True,below threshold
c91fa414-9f07-4ff0-9504-99c8c93c1aec,2026-06-01 00:30:00,30,6,3.0,0.35047973046367314,0.3833238815320058,0.151500106518316,0.0,0.6666666666666666,False,below threshold
c91fa414-9f07-4ff0-9504-99c8c93c1aec,2026-06-01 00:31:00,31,6,2.0,0.35047973046367314,0.3833238815320058,0.151500106518316,1.0,0.6666666666666666,True,below threshold
c91fa414-9f07-4ff0-9504-99c8c93c1aec,2026-06-01 00:32:00,32,6,2.0,0.35047973046367314,0.3833238815320058,0.151500106518316,0.0,0.3333333333333333,True,below threshold
c91fa414-9f07-4ff0-9504-99c8c93c1aec,2026-06-01 00:33:00,33,6,3.0,0.35047973046367314,0.3833238815320058,0.151500106518316,1.0,0.6666666666666666,True,below threshold
c91fa414-9f07-4ff0-9504-99c8c93c1aec,2026-06-01 00:34:00,34,6,3.0,0.35047973046367314,0.3833238815320058,0.151500106518316,0.0,0.3333333333333333,True,below threshold
c96a3210-c4f1-4a51-b53a-9c27422aa471,2026-06-01 00:00:00,0,0,2.0,0.6290757868684449,0.768767552182974,0.1830141677776751,,,False,missing or insufficient EMA data
c96a3210-c4f1-4a51-b53a-9c27422aa471,2026-06-01 00:01:00,1,0,3.0,0.6290757868684449,0.768767552182974,0.1830141677776751,1.0,1.0,True,below threshold
c96a3210-c4f1-4a51-b53a-9c27422aa471,2026-06-01 00:02:00,2,0,2.0,0.6290757868684449,0.768767552182974,0.1830141677776751,1.0,1.0,True,below threshold
c96a3210-c4f1-4a51-b53a-9c27422aa471,2026-06-01 00:03:00,3,0,2.0,0.6290757868684449,0.768767552182974,0.1830141677776751,0.0,0.6666666666666666,True,below threshold
c96a3210-c4f1-4a51-b53a-9c27422aa471,2026-06-01 00:04:00,4,0,2.0,0.6290757868684449,0.768767552182974,0.1830141677776751,0.0,0.3333333333333333,True,below threshold
c96a3210-c4f1-4a51-b53a-9c27422aa471,2026-06-01 00:05:00,5,1,2.0,0.6290757868684449,0.768767552182974,0.1830141677776751,0.0,0.0,True,below threshold
c96a3210-c4f1-4a51-b53a-9c27422aa471,2026-06-01 00:06:00,6,1,2.0,0.6290757868684449,0.768767552182974,0.1830141677776751,0.0,0.0,True,below threshold
c96a3210-c4f1-4a51-b53a-9c27422aa471,2026-06-01 00:07:00,7,1,,0.6290757868684449,0.768767552182974,0.1830141677776751,,0.0,True,below threshold
c96a3210-c4f1-4a51-b53a-9c27422aa471,2026-06-01 00:08:00,8,1,2.0,0.6290757868684449,0.768767552182974,0.1830141677776751,,0.0,True,below threshold
c96a3210-c4f1-4a51-b53a-9c27422aa471,2026-06-01 00:09:00,9,1,1.0,0.6290757868684449,0.768767552182974,0.1830141677776751,1.0,1.0,True,below threshold
c96a3210-c4f1-4a51-b53a-9c27422aa471,2026-06-01 00:10:00,10,2,1.0,0.6290757868684449,0.768767552182974,0.1830141677776751,0.0,0.5,True,prompt sent
c96a3210-c4f1-4a51-b53a-9c27422aa471,2026-06-01 00:11:00,11,2,1.0,0.6290757868684449,0.768767552182974,0.1830141677776751,0.0,0.3333333333333333,True,cooldown active
c96a3210-c4f1-4a51-b53a-9c27422aa471,2026-06-01 00:12:00,12,2,1.0,0.6290757868684449,0.768767552182974,0.1830141677776751,0.0,0.0,True,cooldown active
c96a3210-c4f1-4a51-b53a-9c27422aa471,2026-06-01 00:13:00,13,2,1.0,0.6290757868684449,0.768767552182974,0.1830141677776751,0.0,0.0,True,cooldown active
c96a3210-c4f1-4a51-b53a-9c27422aa471,2026-06-01 00:14:00,14,2,2.0,0.6290757868684449,0.768767552182974,0.1830141677776751,1.0,0.3333333333333333,True,cooldown active
c96a3210-c4f1-4a51-b53a-9c27422aa471,2026-06-01 00:15:00,15,3,2.0,0.6290757868684449,0.768767552182974,0.1830141677776751,0.0,0.3333333333333333,True,below threshold
c96a3210-c4f1-4a51-b53a-9c27422aa471,2026-06-01 00:16:00,16,3,2.0,0.6290757868684449,0.768767552182974,0.1830141677776751,0.0,0.3333333333333333,True,missing or insufficient EMA data
c96a3210-c4f1-4a51-b53a-9c27422aa471,2026-06-01 00:17:00,17,3,2.0,0.6290757868684449,0.768767552182974,0.1830141677776751,0.0,0.0,True,missing or insufficient EMA data
c96a3210-c4f1-4a51-b53a-9c27422aa471,2026-06-01 00:18:00,18,3,2.0,0.6290757868684449,0.768767552182974,0.1830141677776751,0.0,0.0,True,missing or insufficient EMA data
c96a3210-c4f1-4a51-b53a-9c27422aa471,2026-06-01 00:19:00,19,3,2.0,0.6290757868684449,0.768767552182974,0.1830141677776751,0.0,0.0,True,below threshold
c96a3210-c4f1-4a51-b53a-9c27422aa471,2026-06-01 00:20:00,20,4,2.0,0.6290757868684449,0.768767552182974,0.1830141677776751,0.0,0.0,True,below threshold
c96a3210-c4f1-4a51-b53a-9c27422aa471,2026-06-01 00:21:00,21,4,2.0,0.6290757868684449,0.768767552182974,0.1830141677776751,0.0,0.0,True,prompt sent
c96a3210-c4f1-4a51-b53a-9c27422aa471,2026-06-01 00:22:00,22,4,3.0,0.6290757868684449,0.768767552182974,0.1830141677776751,1.0,0.3333333333333333,True,cooldown active
c96a3210-c4f1-4a51-b53a-9c27422aa471,2026-06-01 00:23:00,23,4,2.0,0.6290757868684449,0.768767552182974,0.1830141677776751,1.0,0.6666666666666666,True,cooldown active
c96a3210-c4f1-4a51-b53a-9c27422aa471,2026-06-01 00:24:00,24,4,3.0,0.6290757868684449,0.768767552182974,0.1830141677776751,1.0,1.0,True,below threshold
c96a3210-c4f1-4a51-b53a-9c27422aa471,2026-06-01 00:25:00,25,5,2.0,0.6290757868684449,0.768767552182974,0.1830141677776751,1.0,1.0,True,below threshold
c96a3210-c4f1-4a51-b53a-9c27422aa471,2026-06-01 00:26:00,26,5,2.0,0.6290757868684449,0.768767552182974,0.1830141677776751,0.0,0.6666666666666666,True,below threshold
c96a3210-c4f1-4a51-b53a-9c27422aa471,2026-06-01 00:27:00,27,5,2.0,0.6290757868684449,0.768767552182974,0.1830141677776751,0.0,0.3333333333333333,True,below threshold
c96a3210-c4f1-4a51-b53a-9c27422aa471,2026-06-01 00:28:00,28,5,2.0,0.6290757868684449,0.768767552182974,0.1830141677776751,0.0,0.0,True,below threshold
c96a3210-c4f1-4a51-b53a-9c27422aa471,2026-06-01 00:29:00,29,5,,0.6290757868684449,0.768767552182974,0.1830141677776751,,0.0,True,below threshold
c96a3210-c4f1-4a51-b53a-9c27422aa471,2026-06-01 00:30:00,30,6,2.0,0.6290757868684449,0.768767552182974,0.1830141677776751,,0.0,False,below threshold
c96a3210-c4f1-4a51-b53a-9c27422aa471,2026-06-01 00:31:00,31,6,2.0,0.6290757868684449,0.768767552182974,0.1830141677776751,0.0,0.0,True,below threshold
c96a3210-c4f1-4a51-b53a-9c27422aa471,2026-06-01 00:32:00,32,6,2.0,0.6290757868684449,0.768767552182974,0.1830141677776751,0.0,0.0,True,below threshold
c96a3210-c4f1-4a51-b53a-9c27422aa471,2026-06-01 00:33:00,33,6,2.0,0.6290757868684449,0.768767552182974,0.1830141677776751,0.0,0.0,True,below threshold
c96a3210-c4f1-4a51-b53a-9c27422aa471,2026-06-01 00:34:00,34,6,2.0,0.6290757868684449,0.768767552182974,0.1830141677776751,0.0,0.0,True,below threshold
c9f48bb9-4595-45ec-9483-68f832cdb0ae,2026-06-01 00:00:00,0,0,,1.3574798588060508,0.48291135974443355,1.905731804283975,,,False,missing or insufficient EMA data
c9f48bb9-4595-45ec-9483-68f832cdb0ae,2026-06-01 00:01:00,1,0,,1.3574798588060508,0.48291135974443355,1.905731804283975,,,True,below threshold
c9f48bb9-4595-45ec-9483-68f832cdb0ae,2026-06-01 00:02:00,2,0,5.0,1.3574798588060508,0.48291135974443355,1.905731804283975,,,True,below threshold
c9f48bb9-4595-45ec-9483-68f832cdb0ae,2026-06-01 00:03:00,3,0,5.0,1.3574798588060508,0.48291135974443355,1.905731804283975,0.0,0.0,True,below threshold
c9f48bb9-4595-45ec-9483-68f832cdb0ae,2026-06-01 00:04:00,4,0,5.0,1.3574798588060508,0.48291135974443355,1.905731804283975,0.0,0.0,True,below threshold
c9f48bb9-4595-45ec-9483-68f832cdb0ae,2026-06-01 00:05:00,5,1,4.0,1.3574798588060508,0.48291135974443355,1.905731804283975,1.0,0.3333333333333333,True,below threshold
c9f48bb9-4595-45ec-9483-68f832cdb0ae,2026-06-01 00:06:00,6,1,3.0,1.3574798588060508,0.48291135974443355,1.905731804283975,1.0,0.6666666666666666,True,below threshold
c9f48bb9-4595-45ec-9483-68f832cdb0ae,2026-06-01 00:07:00,7,1,3.0,1.3574798588060508,0.48291135974443355,1.905731804283975,0.0,0.6666666666666666,True,below threshold
c9f48bb9-4595-45ec-9483-68f832cdb0ae,2026-06-01 00:08:00,8,1,4.0,1.3574798588060508,0.48291135974443355,1.905731804283975,1.0,0.6666666666666666,True,below threshold
c9f48bb9-4595-45ec-9483-68f832cdb0ae,2026-06-01 00:09:00,9,1,4.0,1.3574798588060508,0.48291135974443355,1.905731804283975,0.0,0.3333333333333333,True,below threshold
c9f48bb9-4595-45ec-9483-68f832cdb0ae,2026-06-01 00:10:00,10,2,,1.3574798588060508,0.48291135974443355,1.905731804283975,,0.5,True,prompt sent
c9f48bb9-4595-45ec-9483-68f832cdb0ae,2026-06-01 00:11:00,11,2,,1.3574798588060508,0.48291135974443355,1.905731804283975,,0.0,True,cooldown active
c9f48bb9-4595-45ec-9483-68f832cdb0ae,2026-06-01 00:12:00,12,2,,1.3574798588060508,0.48291135974443355,1.905731804283975,,,True,cooldown active
c9f48bb9-4595-45ec-9483-68f832cdb0ae,2026-06-01 00:13:00,13,2,,1.3574798588060508,0.48291135974443355,1.905731804283975,,,True,cooldown active
c9f48bb9-4595-45ec-9483-68f832cdb0ae,2026-06-01 00:14:00,14,2,4.0,1.3574798588060508,0.48291135974443355,1.905731804283975,,,True,cooldown active
c9f48bb9-4595-45ec-9483-68f832cdb0ae,2026-06-01 00:15:00,15,3,3.0,1.3574798588060508,0.48291135974443355,1.905731804283975,1.0,1.0,True,below threshold
c9f48bb9-4595-45ec-9483-68f832cdb0ae,2026-06-01 00:16:00,16,3,5.0,1.3574798588060508,0.48291135974443355,1.905731804283975,4.0,2.5,True,missing or insufficient EMA data
c9f48bb9-4595-45ec-9483-68f832cdb0ae,2026-06-01 00:17:00,17,3,5.0,1.3574798588060508,0.48291135974443355,1.905731804283975,0.0,1.6666666666666667,True,missing or insufficient EMA data
c9f48bb9-4595-45ec-9483-68f832cdb0ae,2026-06-01 00:18:00,18,3,5.0,1.3574798588060508,0.48291135974443355,1.905731804283975,0.0,1.3333333333333333,True,missing or insufficient EMA data
c9f48bb9-4595-45ec-9483-68f832cdb0ae,2026-06-01 00:19:00,19,3,4.0,1.3574798588060508,0.48291135974443355,1.905731804283975,1.0,0.3333333333333333,True,below threshold
c9f48bb9-4595-45ec-9483-68f832cdb0ae,2026-06-01 00:20:00,20,4,3.0,1.3574798588060508,0.48291135974443355,1.905731804283975,1.0,0.6666666666666666,True,below threshold
c9f48bb9-4595-45ec-9483-68f832cdb0ae,2026-06-01 00:21:00,21,4,3.0,1.3574798588060508,0.48291135974443355,1.905731804283975,0.0,0.6666666666666666,True,prompt sent
c9f48bb9-4595-45ec-9483-68f832cdb0ae,2026-06-01 00:22:00,22,4,2.0,1.3574798588060508,0.48291135974443355,1.905731804283975,1.0,0.6666666666666666,True,cooldown active
c9f48bb9-4595-45ec-9483-68f832cdb0ae,2026-06-01 00:23:00,23,4,3.0,1.3574798588060508,0.48291135974443355,1.905731804283975,1.0,0.6666666666666666,True,cooldown active
c9f48bb9-4595-45ec-9483-68f832cdb0ae,2026-06-01 00:24:00,24,4,4.0,1.3574798588060508,0.48291135974443355,1.905731804283975,1.0,1.0,True,below threshold
c9f48bb9-4595-45ec-9483-68f832cdb0ae,2026-06-01 00:25:00,25,5,5.0,1.3574798588060508,0.48291135974443355,1.905731804283975,1.0,1.0,True,below threshold
c9f48bb9-4595-45ec-9483-68f832cdb0ae,2026-06-01 00:26:00,26,5,5.0,1.3574798588060508,0.48291135974443355,1.905731804283975,0.0,0.6666666666666666,True,below threshold
c9f48bb9-4595-45ec-9483-68f832cdb0ae,2026-06-01 00:27:00,27,5,1.0,1.3574798588060508,0.48291135974443355,1.905731804283975,16.0,5.666666666666667,True,below threshold
c9f48bb9-4595-45ec-9483-68f832cdb0ae,2026-06-01 00:28:00,28,5,2.0,1.3574798588060508,0.48291135974443355,1.905731804283975,1.0,5.666666666666667,True,below threshold
c9f48bb9-4595-45ec-9483-68f832cdb0ae,2026-06-01 00:29:00,29,5,5.0,1.3574798588060508,0.48291135974443355,1.905731804283975,9.0,8.666666666666666,True,below threshold
c9f48bb9-4595-45ec-9483-68f832cdb0ae,2026-06-01 00:30:00,30,6,,1.3574798588060508,0.48291135974443355,1.905731804283975,,5.0,False,below threshold
c9f48bb9-4595-45ec-9483-68f832cdb0ae,2026-06-01 00:31:00,31,6,4.0,1.3574798588060508,0.48291135974443355,1.905731804283975,,9.0,True,below threshold
c9f48bb9-4595-45ec-9483-68f832cdb0ae,2026-06-01 00:32:00,32,6,,1.3574798588060508,0.48291135974443355,1.905731804283975,,,True,below threshold
c9f48bb9-4595-45ec-9483-68f832cdb0ae,2026-06-01 00:33:00,33,6,3.0,1.3574798588060508,0.48291135974443355,1.905731804283975,,,True,below threshold
c9f48bb9-4595-45ec-9483-68f832cdb0ae,2026-06-01 00:34:00,34,6,2.0,1.3574798588060508,0.48291135974443355,1.905731804283975,1.0,1.0,True,below threshold
cc5fc69f-b47a-4ac8-8dd1-1e6a797060b0,2026-06-01 00:00:00,0,0,,0.49855156367413955,0.5104462798904307,0.24336073940732364,,,False,missing or insufficient EMA data
cc5fc69f-b47a-4ac8-8dd1-1e6a797060b0,2026-06-01 00:01:00,1,0,,0.49855156367413955,0.5104462798904307,0.24336073940732364,,,True,below threshold
cc5fc69f-b47a-4ac8-8dd1-1e6a797060b0,2026-06-01 00:02:00,2,0,,0.49855156367413955,0.5104462798904307,0.24336073940732364,,,True,below threshold
cc5fc69f-b47a-4ac8-8dd1-1e6a797060b0,2026-06-01 00:03:00,3,0,,0.49855156367413955,0.5104462798904307,0.24336073940732364,,,True,below threshold
cc5fc69f-b47a-4ac8-8dd1-1e6a797060b0,2026-06-01 00:04:00,4,0,,0.49855156367413955,0.5104462798904307,0.24336073940732364,,,True,below threshold
cc5fc69f-b47a-4ac8-8dd1-1e6a797060b0,2026-06-01 00:05:00,5,1,,0.49855156367413955,0.5104462798904307,0.24336073940732364,,,True,below threshold
cc5fc69f-b47a-4ac8-8dd1-1e6a797060b0,2026-06-01 00:06:00,6,1,2.0,0.49855156367413955,0.5104462798904307,0.24336073940732364,,,True,below threshold
cc5fc69f-b47a-4ac8-8dd1-1e6a797060b0,2026-06-01 00:07:00,7,1,2.0,0.49855156367413955,0.5104462798904307,0.24336073940732364,0.0,0.0,True,below threshold
cc5fc69f-b47a-4ac8-8dd1-1e6a797060b0,2026-06-01 00:08:00,8,1,2.0,0.49855156367413955,0.5104462798904307,0.24336073940732364,0.0,0.0,True,below threshold
cc5fc69f-b47a-4ac8-8dd1-1e6a797060b0,2026-06-01 00:09:00,9,1,2.0,0.49855156367413955,0.5104462798904307,0.24336073940732364,0.0,0.0,True,below threshold
cc5fc69f-b47a-4ac8-8dd1-1e6a797060b0,2026-06-01 00:10:00,10,2,3.0,0.49855156367413955,0.5104462798904307,0.24336073940732364,1.0,0.3333333333333333,True,prompt sent
cc5fc69f-b47a-4ac8-8dd1-1e6a797060b0,2026-06-01 00:11:00,11,2,,0.49855156367413955,0.5104462798904307,0.24336073940732364,,0.5,True,cooldown active
cc5fc69f-b47a-4ac8-8dd1-1e6a797060b0,2026-06-01 00:12:00,12,2,3.0,0.49855156367413955,0.5104462798904307,0.24336073940732364,,1.0,True,cooldown active
cc5fc69f-b47a-4ac8-8dd1-1e6a797060b0,2026-06-01 00:13:00,13,2,2.0,0.49855156367413955,0.5104462798904307,0.24336073940732364,1.0,1.0,True,cooldown active
cc5fc69f-b47a-4ac8-8dd1-1e6a797060b0,2026-06-01 00:14:00,14,2,2.0,0.49855156367413955,0.5104462798904307,0.24336073940732364,0.0,0.5,True,cooldown active
cc5fc69f-b47a-4ac8-8dd1-1e6a797060b0,2026-06-01 00:15:00,15,3,3.0,0.49855156367413955,0.5104462798904307,0.24336073940732364,1.0,0.6666666666666666,True,below threshold
cc5fc69f-b47a-4ac8-8dd1-1e6a797060b0,2026-06-01 00:16:00,16,3,2.0,0.49855156367413955,0.5104462798904307,0.24336073940732364,1.0,0.6666666666666666,True,missing or insufficient EMA data
cc5fc69f-b47a-4ac8-8dd1-1e6a797060b0,2026-06-01 00:17:00,17,3,2.0,0.49855156367413955,0.5104462798904307,0.24336073940732364,0.0,0.6666666666666666,True,missing or insufficient EMA data
cc5fc69f-b47a-4ac8-8dd1-1e6a797060b0,2026-06-01 00:18:00,18,3,2.0,0.49855156367413955,0.5104462798904307,0.24336073940732364,0.0,0.3333333333333333,True,missing or insufficient EMA data
cc5fc69f-b47a-4ac8-8dd1-1e6a797060b0,2026-06-01 00:19:00,19,3,,0.49855156367413955,0.5104462798904307,0.24336073940732364,,0.0,True,below threshold
cc5fc69f-b47a-4ac8-8dd1-1e6a797060b0,2026-06-01 00:20:00,20,4,,0.49855156367413955,0.5104462798904307,0.24336073940732364,,0.0,True,below threshold
cc5fc69f-b47a-4ac8-8dd1-1e6a797060b0,2026-06-01 00:21:00,21,4,,0.49855156367413955,0.5104462798904307,0.24336073940732364,,,True,prompt sent
cc5fc69f-b47a-4ac8-8dd1-1e6a797060b0,2026-06-01 00:22:00,22,4,2.0,0.49855156367413955,0.5104462798904307,0.24336073940732364,,,True,cooldown active
cc5fc69f-b47a-4ac8-8dd1-1e6a797060b0,2026-06-01 00:23:00,23,4,1.0,0.49855156367413955,0.5104462798904307,0.24336073940732364,1.0,1.0,True,cooldown active
cc5fc69f-b47a-4ac8-8dd1-1e6a797060b0,2026-06-01 00:24:00,24,4,2.0,0.49855156367413955,0.5104462798904307,0.24336073940732364,1.0,1.0,True,below threshold
cc5fc69f-b47a-4ac8-8dd1-1e6a797060b0,2026-06-01 00:25:00,25,5,2.0,0.49855156367413955,0.5104462798904307,0.24336073940732364,0.0,0.6666666666666666,True,below threshold
cc5fc69f-b47a-4ac8-8dd1-1e6a797060b0,2026-06-01 00:26:00,26,5,2.0,0.49855156367413955,0.5104462798904307,0.24336073940732364,0.0,0.3333333333333333,True,below threshold
cc5fc69f-b47a-4ac8-8dd1-1e6a797060b0,2026-06-01 00:27:00,27,5,2.0,0.49855156367413955,0.5104462798904307,0.24336073940732364,0.0,0.0,True,below threshold
cc5fc69f-b47a-4ac8-8dd1-1e6a797060b0,2026-06-01 00:28:00,28,5,2.0,0.49855156367413955,0.5104462798904307,0.24336073940732364,0.0,0.0,True,below threshold
cc5fc69f-b47a-4ac8-8dd1-1e6a797060b0,2026-06-01 00:29:00,29,5,2.0,0.49855156367413955,0.5104462798904307,0.24336073940732364,0.0,0.0,True,below threshold
cc5fc69f-b47a-4ac8-8dd1-1e6a797060b0,2026-06-01 00:30:00,30,6,,0.49855156367413955,0.5104462798904307,0.24336073940732364,,0.0,False,below threshold
cc5fc69f-b47a-4ac8-8dd1-1e6a797060b0,2026-06-01 00:31:00,31,6,2.0,0.49855156367413955,0.5104462798904307,0.24336073940732364,,0.0,True,below threshold
cc5fc69f-b47a-4ac8-8dd1-1e6a797060b0,2026-06-01 00:32:00,32,6,3.0,0.49855156367413955,0.5104462798904307,0.24336073940732364,1.0,1.0,True,below threshold
cc5fc69f-b47a-4ac8-8dd1-1e6a797060b0,2026-06-01 00:33:00,33,6,3.0,0.49855156367413955,0.5104462798904307,0.24336073940732364,0.0,0.5,True,below threshold
cc5fc69f-b47a-4ac8-8dd1-1e6a797060b0,2026-06-01 00:34:00,34,6,2.0,0.49855156367413955,0.5104462798904307,0.24336073940732364,1.0,0.6666666666666666,True,below threshold
cdded519-ac32-4d43-8743-d7c7cd91eeb5,2026-06-01 00:00:00,0,0,2.0,0.9226975709845009,0.6669585155114095,0.567083595160565,,,False,missing or insufficient EMA data
cdded519-ac32-4d43-8743-d7c7cd91eeb5,2026-06-01 00:01:00,1,0,,0.9226975709845009,0.6669585155114095,0.567083595160565,,,True,below threshold
cdded519-ac32-4d43-8743-d7c7cd91eeb5,2026-06-01 00:02:00,2,0,1.0,0.9226975709845009,0.6669585155114095,0.567083595160565,,,True,below threshold
cdded519-ac32-4d43-8743-d7c7cd91eeb5,2026-06-01 00:03:00,3,0,1.0,0.9226975709845009,0.6669585155114095,0.567083595160565,0.0,0.0,True,below threshold
cdded519-ac32-4d43-8743-d7c7cd91eeb5,2026-06-01 00:04:00,4,0,1.0,0.9226975709845009,0.6669585155114095,0.567083595160565,0.0,0.0,True,below threshold
cdded519-ac32-4d43-8743-d7c7cd91eeb5,2026-06-01 00:05:00,5,1,1.0,0.9226975709845009,0.6669585155114095,0.567083595160565,0.0,0.0,True,below threshold
cdded519-ac32-4d43-8743-d7c7cd91eeb5,2026-06-01 00:06:00,6,1,1.0,0.9226975709845009,0.6669585155114095,0.567083595160565,0.0,0.0,True,below threshold
cdded519-ac32-4d43-8743-d7c7cd91eeb5,2026-06-01 00:07:00,7,1,1.0,0.9226975709845009,0.6669585155114095,0.567083595160565,0.0,0.0,True,below threshold
cdded519-ac32-4d43-8743-d7c7cd91eeb5,2026-06-01 00:08:00,8,1,1.0,0.9226975709845009,0.6669585155114095,0.567083595160565,0.0,0.0,True,below threshold
cdded519-ac32-4d43-8743-d7c7cd91eeb5,2026-06-01 00:09:00,9,1,1.0,0.9226975709845009,0.6669585155114095,0.567083595160565,0.0,0.0,True,below threshold
cdded519-ac32-4d43-8743-d7c7cd91eeb5,2026-06-01 00:10:00,10,2,,0.9226975709845009,0.6669585155114095,0.567083595160565,,0.0,True,prompt sent
cdded519-ac32-4d43-8743-d7c7cd91eeb5,2026-06-01 00:11:00,11,2,,0.9226975709845009,0.6669585155114095,0.567083595160565,,0.0,True,cooldown active
cdded519-ac32-4d43-8743-d7c7cd91eeb5,2026-06-01 00:12:00,12,2,2.0,0.9226975709845009,0.6669585155114095,0.567083595160565,,,True,cooldown active
cdded519-ac32-4d43-8743-d7c7cd91eeb5,2026-06-01 00:13:00,13,2,3.0,0.9226975709845009,0.6669585155114095,0.567083595160565,1.0,1.0,True,cooldown active
cdded519-ac32-4d43-8743-d7c7cd91eeb5,2026-06-01 00:14:00,14,2,3.0,0.9226975709845009,0.6669585155114095,0.567083595160565,0.0,0.5,True,cooldown active
cdded519-ac32-4d43-8743-d7c7cd91eeb5,2026-06-01 00:15:00,15,3,4.0,0.9226975709845009,0.6669585155114095,0.567083595160565,1.0,0.6666666666666666,True,below threshold
cdded519-ac32-4d43-8743-d7c7cd91eeb5,2026-06-01 00:16:00,16,3,3.0,0.9226975709845009,0.6669585155114095,0.567083595160565,1.0,0.6666666666666666,True,missing or insufficient EMA data
cdded519-ac32-4d43-8743-d7c7cd91eeb5,2026-06-01 00:17:00,17,3,2.0,0.9226975709845009,0.6669585155114095,0.567083595160565,1.0,1.0,True,missing or insufficient EMA data
cdded519-ac32-4d43-8743-d7c7cd91eeb5,2026-06-01 00:18:00,18,3,3.0,0.9226975709845009,0.6669585155114095,0.567083595160565,1.0,1.0,True,missing or insufficient EMA data
cdded519-ac32-4d43-8743-d7c7cd91eeb5,2026-06-01 00:19:00,19,3,4.0,0.9226975709845009,0.6669585155114095,0.567083595160565,1.0,1.0,True,below threshold
cdded519-ac32-4d43-8743-d7c7cd91eeb5,2026-06-01 00:20:00,20,4,2.0,0.9226975709845009,0.6669585155114095,0.567083595160565,4.0,2.0,True,below threshold
cdded519-ac32-4d43-8743-d7c7cd91eeb5,2026-06-01 00:21:00,21,4,2.0,0.9226975709845009,0.6669585155114095,0.567083595160565,0.0,1.6666666666666667,True,prompt sent
cdded519-ac32-4d43-8743-d7c7cd91eeb5,2026-06-01 00:22:00,22,4,3.0,0.9226975709845009,0.6669585155114095,0.567083595160565,1.0,1.6666666666666667,True,cooldown active
cdded519-ac32-4d43-8743-d7c7cd91eeb5,2026-06-01 00:23:00,23,4,3.0,0.9226975709845009,0.6669585155114095,0.567083595160565,0.0,0.3333333333333333,True,cooldown active
cdded519-ac32-4d43-8743-d7c7cd91eeb5,2026-06-01 00:24:00,24,4,3.0,0.9226975709845009,0.6669585155114095,0.567083595160565,0.0,0.3333333333333333,True,below threshold
cdded519-ac32-4d43-8743-d7c7cd91eeb5,2026-06-01 00:25:00,25,5,3.0,0.9226975709845009,0.6669585155114095,0.567083595160565,0.0,0.0,True,below threshold
cdded519-ac32-4d43-8743-d7c7cd91eeb5,2026-06-01 00:26:00,26,5,2.0,0.9226975709845009,0.6669585155114095,0.567083595160565,1.0,0.3333333333333333,True,below threshold
cdded519-ac32-4d43-8743-d7c7cd91eeb5,2026-06-01 00:27:00,27,5,3.0,0.9226975709845009,0.6669585155114095,0.567083595160565,1.0,0.6666666666666666,True,below threshold
cdded519-ac32-4d43-8743-d7c7cd91eeb5,2026-06-01 00:28:00,28,5,2.0,0.9226975709845009,0.6669585155114095,0.567083595160565,1.0,1.0,True,below threshold
cdded519-ac32-4d43-8743-d7c7cd91eeb5,2026-06-01 00:29:00,29,5,2.0,0.9226975709845009,0.6669585155114095,0.567083595160565,0.0,0.6666666666666666,True,below threshold
cdded519-ac32-4d43-8743-d7c7cd91eeb5,2026-06-01 00:30:00,30,6,2.0,0.9226975709845009,0.6669585155114095,0.567083595160565,0.0,0.3333333333333333,False,below threshold
cdded519-ac32-4d43-8743-d7c7cd91eeb5,2026-06-01 00:31:00,31,6,2.0,0.9226975709845009,0.6669585155114095,0.567083595160565,0.0,0.0,True,below threshold
cdded519-ac32-4d43-8743-d7c7cd91eeb5,2026-06-01 00:32:00,32,6,2.0,0.9226975709845009,0.6669585155114095,0.567083595160565,0.0,0.0,True,below threshold
cdded519-ac32-4d43-8743-d7c7cd91eeb5,2026-06-01 00:33:00,33,6,4.0,0.9226975709845009,0.6669585155114095,0.567083595160565,4.0,1.3333333333333333,True,below threshold
cdded519-ac32-4d43-8743-d7c7cd91eeb5,2026-06-01 00:34:00,34,6,3.0,0.9226975709845009,0.6669585155114095,0.567083595160565,1.0,1.6666666666666667,True,below threshold
d1150841-6e2f-4880-8909-6e5075e5b60a,2026-06-01 00:00:00,0,0,2.0,1.045750087802333,0.42041463065505413,1.2676612909527427,,,False,missing or insufficient EMA data
d1150841-6e2f-4880-8909-6e5075e5b60a,2026-06-01 00:01:00,1,0,1.0,1.045750087802333,0.42041463065505413,1.2676612909527427,1.0,1.0,True,below threshold
d1150841-6e2f-4880-8909-6e5075e5b60a,2026-06-01 00:02:00,2,0,1.0,1.045750087802333,0.42041463065505413,1.2676612909527427,0.0,0.5,True,below threshold
d1150841-6e2f-4880-8909-6e5075e5b60a,2026-06-01 00:03:00,3,0,1.0,1.045750087802333,0.42041463065505413,1.2676612909527427,0.0,0.3333333333333333,True,below threshold
d1150841-6e2f-4880-8909-6e5075e5b60a,2026-06-01 00:04:00,4,0,1.0,1.045750087802333,0.42041463065505413,1.2676612909527427,0.0,0.0,True,below threshold
d1150841-6e2f-4880-8909-6e5075e5b60a,2026-06-01 00:05:00,5,1,1.0,1.045750087802333,0.42041463065505413,1.2676612909527427,0.0,0.0,True,below threshold
d1150841-6e2f-4880-8909-6e5075e5b60a,2026-06-01 00:06:00,6,1,2.0,1.045750087802333,0.42041463065505413,1.2676612909527427,1.0,0.3333333333333333,True,below threshold
d1150841-6e2f-4880-8909-6e5075e5b60a,2026-06-01 00:07:00,7,1,1.0,1.045750087802333,0.42041463065505413,1.2676612909527427,1.0,0.6666666666666666,True,below threshold
d1150841-6e2f-4880-8909-6e5075e5b60a,2026-06-01 00:08:00,8,1,1.0,1.045750087802333,0.42041463065505413,1.2676612909527427,0.0,0.6666666666666666,True,below threshold
d1150841-6e2f-4880-8909-6e5075e5b60a,2026-06-01 00:09:00,9,1,2.0,1.045750087802333,0.42041463065505413,1.2676612909527427,1.0,0.6666666666666666,True,below threshold
d1150841-6e2f-4880-8909-6e5075e5b60a,2026-06-01 00:10:00,10,2,,1.045750087802333,0.42041463065505413,1.2676612909527427,,0.5,True,prompt sent
d1150841-6e2f-4880-8909-6e5075e5b60a,2026-06-01 00:11:00,11,2,,1.045750087802333,0.42041463065505413,1.2676612909527427,,1.0,True,cooldown active
d1150841-6e2f-4880-8909-6e5075e5b60a,2026-06-01 00:12:00,12,2,,1.045750087802333,0.42041463065505413,1.2676612909527427,,,True,cooldown active
d1150841-6e2f-4880-8909-6e5075e5b60a,2026-06-01 00:13:00,13,2,2.0,1.045750087802333,0.42041463065505413,1.2676612909527427,,,True,cooldown active
d1150841-6e2f-4880-8909-6e5075e5b60a,2026-06-01 00:14:00,14,2,3.0,1.045750087802333,0.42041463065505413,1.2676612909527427,1.0,1.0,True,cooldown active
d1150841-6e2f-4880-8909-6e5075e5b60a,2026-06-01 00:15:00,15,3,1.0,1.045750087802333,0.42041463065505413,1.2676612909527427,4.0,2.5,True,below threshold
d1150841-6e2f-4880-8909-6e5075e5b60a,2026-06-01 00:16:00,16,3,,1.045750087802333,0.42041463065505413,1.2676612909527427,,2.5,True,missing or insufficient EMA data
d1150841-6e2f-4880-8909-6e5075e5b60a,2026-06-01 00:17:00,17,3,,1.045750087802333,0.42041463065505413,1.2676612909527427,,4.0,True,missing or insufficient EMA data
d1150841-6e2f-4880-8909-6e5075e5b60a,2026-06-01 00:18:00,18,3,,1.045750087802333,0.42041463065505413,1.2676612909527427,,,True,missing or insufficient EMA data
d1150841-6e2f-4880-8909-6e5075e5b60a,2026-06-01 00:19:00,19,3,,1.045750087802333,0.42041463065505413,1.2676612909527427,,,True,below threshold
d1150841-6e2f-4880-8909-6e5075e5b60a,2026-06-01 00:20:00,20,4,,1.045750087802333,0.42041463065505413,1.2676612909527427,,,True,below threshold
d1150841-6e2f-4880-8909-6e5075e5b60a,2026-06-01 00:21:00,21,4,,1.045750087802333,0.42041463065505413,1.2676612909527427,,,True,prompt sent
d1150841-6e2f-4880-8909-6e5075e5b60a,2026-06-01 00:22:00,22,4,,1.045750087802333,0.42041463065505413,1.2676612909527427,,,True,cooldown active
d1150841-6e2f-4880-8909-6e5075e5b60a,2026-06-01 00:23:00,23,4,3.0,1.045750087802333,0.42041463065505413,1.2676612909527427,,,True,cooldown active
d1150841-6e2f-4880-8909-6e5075e5b60a,2026-06-01 00:24:00,24,4,3.0,1.045750087802333,0.42041463065505413,1.2676612909527427,0.0,0.0,True,below threshold
d1150841-6e2f-4880-8909-6e5075e5b60a,2026-06-01 00:25:00,25,5,2.0,1.045750087802333,0.42041463065505413,1.2676612909527427,1.0,0.5,True,below threshold
d1150841-6e2f-4880-8909-6e5075e5b60a,2026-06-01 00:26:00,26,5,2.0,1.045750087802333,0.42041463065505413,1.2676612909527427,0.0,0.3333333333333333,True,below threshold
d1150841-6e2f-4880-8909-6e5075e5b60a,2026-06-01 00:27:00,27,5,2.0,1.045750087802333,0.42041463065505413,1.2676612909527427,0.0,0.3333333333333333,True,below threshold
d1150841-6e2f-4880-8909-6e5075e5b60a,2026-06-01 00:28:00,28,5,3.0,1.045750087802333,0.42041463065505413,1.2676612909527427,1.0,0.3333333333333333,True,below threshold
d1150841-6e2f-4880-8909-6e5075e5b60a,2026-06-01 00:29:00,29,5,3.0,1.045750087802333,0.42041463065505413,1.2676612909527427,0.0,0.3333333333333333,True,below threshold
d1150841-6e2f-4880-8909-6e5075e5b60a,2026-06-01 00:30:00,30,6,3.0,1.045750087802333,0.42041463065505413,1.2676612909527427,0.0,0.3333333333333333,False,below threshold
d1150841-6e2f-4880-8909-6e5075e5b60a,2026-06-01 00:31:00,31,6,,1.045750087802333,0.42041463065505413,1.2676612909527427,,0.0,True,below threshold
d1150841-6e2f-4880-8909-6e5075e5b60a,2026-06-01 00:32:00,32,6,,1.045750087802333,0.42041463065505413,1.2676612909527427,,0.0,True,below threshold
d1150841-6e2f-4880-8909-6e5075e5b60a,2026-06-01 00:33:00,33,6,3.0,1.045750087802333,0.42041463065505413,1.2676612909527427,,,True,below threshold
d1150841-6e2f-4880-8909-6e5075e5b60a,2026-06-01 00:34:00,34,6,3.0,1.045750087802333,0.42041463065505413,1.2676612909527427,0.0,0.0,True,below threshold
d3b8c987-ed06-4c53-84b8-af5fca03be4f,2026-06-01 00:00:00,0,0,4.0,0.8271264741725901,0.28795955334787543,0.974268145090612,,,False,missing or insufficient EMA data
d3b8c987-ed06-4c53-84b8-af5fca03be4f,2026-06-01 00:01:00,1,0,5.0,0.8271264741725901,0.28795955334787543,0.974268145090612,1.0,1.0,True,below threshold
d3b8c987-ed06-4c53-84b8-af5fca03be4f,2026-06-01 00:02:00,2,0,5.0,0.8271264741725901,0.28795955334787543,0.974268145090612,0.0,0.5,True,below threshold
d3b8c987-ed06-4c53-84b8-af5fca03be4f,2026-06-01 00:03:00,3,0,4.0,0.8271264741725901,0.28795955334787543,0.974268145090612,1.0,0.6666666666666666,True,below threshold
d3b8c987-ed06-4c53-84b8-af5fca03be4f,2026-06-01 00:04:00,4,0,3.0,0.8271264741725901,0.28795955334787543,0.974268145090612,1.0,0.6666666666666666,True,below threshold
d3b8c987-ed06-4c53-84b8-af5fca03be4f,2026-06-01 00:05:00,5,1,5.0,0.8271264741725901,0.28795955334787543,0.974268145090612,4.0,2.0,True,below threshold
d3b8c987-ed06-4c53-84b8-af5fca03be4f,2026-06-01 00:06:00,6,1,5.0,0.8271264741725901,0.28795955334787543,0.974268145090612,0.0,1.6666666666666667,True,below threshold
d3b8c987-ed06-4c53-84b8-af5fca03be4f,2026-06-01 00:07:00,7,1,3.0,0.8271264741725901,0.28795955334787543,0.974268145090612,4.0,2.6666666666666665,True,below threshold
d3b8c987-ed06-4c53-84b8-af5fca03be4f,2026-06-01 00:08:00,8,1,3.0,0.8271264741725901,0.28795955334787543,0.974268145090612,0.0,1.3333333333333333,True,below threshold
d3b8c987-ed06-4c53-84b8-af5fca03be4f,2026-06-01 00:09:00,9,1,,0.8271264741725901,0.28795955334787543,0.974268145090612,,2.0,True,below threshold
d3b8c987-ed06-4c53-84b8-af5fca03be4f,2026-06-01 00:10:00,10,2,,0.8271264741725901,0.28795955334787543,0.974268145090612,,0.0,True,prompt sent
d3b8c987-ed06-4c53-84b8-af5fca03be4f,2026-06-01 00:11:00,11,2,5.0,0.8271264741725901,0.28795955334787543,0.974268145090612,,,True,cooldown active
d3b8c987-ed06-4c53-84b8-af5fca03be4f,2026-06-01 00:12:00,12,2,4.0,0.8271264741725901,0.28795955334787543,0.974268145090612,1.0,1.0,True,cooldown active
d3b8c987-ed06-4c53-84b8-af5fca03be4f,2026-06-01 00:13:00,13,2,,0.8271264741725901,0.28795955334787543,0.974268145090612,,1.0,True,cooldown active
d3b8c987-ed06-4c53-84b8-af5fca03be4f,2026-06-01 00:14:00,14,2,,0.8271264741725901,0.28795955334787543,0.974268145090612,,1.0,True,cooldown active
d3b8c987-ed06-4c53-84b8-af5fca03be4f,2026-06-01 00:15:00,15,3,3.0,0.8271264741725901,0.28795955334787543,0.974268145090612,,,True,below threshold
d3b8c987-ed06-4c53-84b8-af5fca03be4f,2026-06-01 00:16:00,16,3,4.0,0.8271264741725901,0.28795955334787543,0.974268145090612,1.0,1.0,True,missing or insufficient EMA data
d3b8c987-ed06-4c53-84b8-af5fca03be4f,2026-06-01 00:17:00,17,3,,0.8271264741725901,0.28795955334787543,0.974268145090612,,1.0,True,missing or insufficient EMA data
d3b8c987-ed06-4c53-84b8-af5fca03be4f,2026-06-01 00:18:00,18,3,,0.8271264741725901,0.28795955334787543,0.974268145090612,,1.0,True,missing or insufficient EMA data
d3b8c987-ed06-4c53-84b8-af5fca03be4f,2026-06-01 00:19:00,19,3,,0.8271264741725901,0.28795955334787543,0.974268145090612,,,True,below threshold
d3b8c987-ed06-4c53-84b8-af5fca03be4f,2026-06-01 00:20:00,20,4,,0.8271264741725901,0.28795955334787543,0.974268145090612,,,True,below threshold
d3b8c987-ed06-4c53-84b8-af5fca03be4f,2026-06-01 00:21:00,21,4,,0.8271264741725901,0.28795955334787543,0.974268145090612,,,True,prompt sent
d3b8c987-ed06-4c53-84b8-af5fca03be4f,2026-06-01 00:22:00,22,4,,0.8271264741725901,0.28795955334787543,0.974268145090612,,,True,cooldown active
d3b8c987-ed06-4c53-84b8-af5fca03be4f,2026-06-01 00:23:00,23,4,4.0,0.8271264741725901,0.28795955334787543,0.974268145090612,,,True,cooldown active
d3b8c987-ed06-4c53-84b8-af5fca03be4f,2026-06-01 00:24:00,24,4,4.0,0.8271264741725901,0.28795955334787543,0.974268145090612,0.0,0.0,True,below threshold
d3b8c987-ed06-4c53-84b8-af5fca03be4f,2026-06-01 00:25:00,25,5,3.0,0.8271264741725901,0.28795955334787543,0.974268145090612,1.0,0.5,True,below threshold
d3b8c987-ed06-4c53-84b8-af5fca03be4f,2026-06-01 00:26:00,26,5,2.0,0.8271264741725901,0.28795955334787543,0.974268145090612,1.0,0.6666666666666666,True,below threshold
d3b8c987-ed06-4c53-84b8-af5fca03be4f,2026-06-01 00:27:00,27,5,,0.8271264741725901,0.28795955334787543,0.974268145090612,,1.0,True,below threshold
d3b8c987-ed06-4c53-84b8-af5fca03be4f,2026-06-01 00:28:00,28,5,4.0,0.8271264741725901,0.28795955334787543,0.974268145090612,,1.0,True,below threshold
d3b8c987-ed06-4c53-84b8-af5fca03be4f,2026-06-01 00:29:00,29,5,5.0,0.8271264741725901,0.28795955334787543,0.974268145090612,1.0,1.0,True,below threshold
d3b8c987-ed06-4c53-84b8-af5fca03be4f,2026-06-01 00:30:00,30,6,5.0,0.8271264741725901,0.28795955334787543,0.974268145090612,0.0,0.5,False,below threshold
d3b8c987-ed06-4c53-84b8-af5fca03be4f,2026-06-01 00:31:00,31,6,3.0,0.8271264741725901,0.28795955334787543,0.974268145090612,4.0,1.6666666666666667,True,below threshold
d3b8c987-ed06-4c53-84b8-af5fca03be4f,2026-06-01 00:32:00,32,6,3.0,0.8271264741725901,0.28795955334787543,0.974268145090612,0.0,1.3333333333333333,True,below threshold
d3b8c987-ed06-4c53-84b8-af5fca03be4f,2026-06-01 00:33:00,33,6,,0.8271264741725901,0.28795955334787543,0.974268145090612,,2.0,True,below threshold
d3b8c987-ed06-4c53-84b8-af5fca03be4f,2026-06-01 00:34:00,34,6,,0.8271264741725901,0.28795955334787543,0.974268145090612,,0.0,True,below threshold
d9acf705-4390-479c-81e1-dee922f5f11a,2026-06-01 00:00:00,0,0,3.0,0.6403213795266887,0.39279412345985676,0.49792274694720556,,,False,missing or insufficient EMA data
d9acf705-4390-479c-81e1-dee922f5f11a,2026-06-01 00:01:00,1,0,,0.6403213795266887,0.39279412345985676,0.49792274694720556,,,True,below threshold
d9acf705-4390-479c-81e1-dee922f5f11a,2026-06-01 00:02:00,2,0,3.0,0.6403213795266887,0.39279412345985676,0.49792274694720556,,,True,below threshold
d9acf705-4390-479c-81e1-dee922f5f11a,2026-06-01 00:03:00,3,0,,0.6403213795266887,0.39279412345985676,0.49792274694720556,,,True,below threshold
d9acf705-4390-479c-81e1-dee922f5f11a,2026-06-01 00:04:00,4,0,,0.6403213795266887,0.39279412345985676,0.49792274694720556,,,True,below threshold
d9acf705-4390-479c-81e1-dee922f5f11a,2026-06-01 00:05:00,5,1,3.0,0.6403213795266887,0.39279412345985676,0.49792274694720556,,,True,below threshold
d9acf705-4390-479c-81e1-dee922f5f11a,2026-06-01 00:06:00,6,1,3.0,0.6403213795266887,0.39279412345985676,0.49792274694720556,0.0,0.0,True,below threshold
d9acf705-4390-479c-81e1-dee922f5f11a,2026-06-01 00:07:00,7,1,2.0,0.6403213795266887,0.39279412345985676,0.49792274694720556,1.0,0.5,True,below threshold
d9acf705-4390-479c-81e1-dee922f5f11a,2026-06-01 00:08:00,8,1,2.0,0.6403213795266887,0.39279412345985676,0.49792274694720556,0.0,0.3333333333333333,True,below threshold
d9acf705-4390-479c-81e1-dee922f5f11a,2026-06-01 00:09:00,9,1,2.0,0.6403213795266887,0.39279412345985676,0.49792274694720556,0.0,0.3333333333333333,True,below threshold
d9acf705-4390-479c-81e1-dee922f5f11a,2026-06-01 00:10:00,10,2,2.0,0.6403213795266887,0.39279412345985676,0.49792274694720556,0.0,0.0,True,prompt sent
d9acf705-4390-479c-81e1-dee922f5f11a,2026-06-01 00:11:00,11,2,2.0,0.6403213795266887,0.39279412345985676,0.49792274694720556,0.0,0.0,True,cooldown active
d9acf705-4390-479c-81e1-dee922f5f11a,2026-06-01 00:12:00,12,2,2.0,0.6403213795266887,0.39279412345985676,0.49792274694720556,0.0,0.0,True,cooldown active
d9acf705-4390-479c-81e1-dee922f5f11a,2026-06-01 00:13:00,13,2,2.0,0.6403213795266887,0.39279412345985676,0.49792274694720556,0.0,0.0,True,cooldown active
d9acf705-4390-479c-81e1-dee922f5f11a,2026-06-01 00:14:00,14,2,1.0,0.6403213795266887,0.39279412345985676,0.49792274694720556,1.0,0.3333333333333333,True,cooldown active
d9acf705-4390-479c-81e1-dee922f5f11a,2026-06-01 00:15:00,15,3,3.0,0.6403213795266887,0.39279412345985676,0.49792274694720556,4.0,1.6666666666666667,True,below threshold
d9acf705-4390-479c-81e1-dee922f5f11a,2026-06-01 00:16:00,16,3,2.0,0.6403213795266887,0.39279412345985676,0.49792274694720556,1.0,2.0,True,missing or insufficient EMA data
d9acf705-4390-479c-81e1-dee922f5f11a,2026-06-01 00:17:00,17,3,2.0,0.6403213795266887,0.39279412345985676,0.49792274694720556,0.0,1.6666666666666667,True,missing or insufficient EMA data
d9acf705-4390-479c-81e1-dee922f5f11a,2026-06-01 00:18:00,18,3,3.0,0.6403213795266887,0.39279412345985676,0.49792274694720556,1.0,0.6666666666666666,True,missing or insufficient EMA data
d9acf705-4390-479c-81e1-dee922f5f11a,2026-06-01 00:19:00,19,3,2.0,0.6403213795266887,0.39279412345985676,0.49792274694720556,1.0,0.6666666666666666,True,below threshold
d9acf705-4390-479c-81e1-dee922f5f11a,2026-06-01 00:20:00,20,4,1.0,0.6403213795266887,0.39279412345985676,0.49792274694720556,1.0,1.0,True,below threshold
d9acf705-4390-479c-81e1-dee922f5f11a,2026-06-01 00:21:00,21,4,3.0,0.6403213795266887,0.39279412345985676,0.49792274694720556,4.0,2.0,True,prompt sent
d9acf705-4390-479c-81e1-dee922f5f11a,2026-06-01 00:22:00,22,4,2.0,0.6403213795266887,0.39279412345985676,0.49792274694720556,1.0,2.0,True,cooldown active
d9acf705-4390-479c-81e1-dee922f5f11a,2026-06-01 00:23:00,23,4,2.0,0.6403213795266887,0.39279412345985676,0.49792274694720556,0.0,1.6666666666666667,True,cooldown active
d9acf705-4390-479c-81e1-dee922f5f11a,2026-06-01 00:24:00,24,4,2.0,0.6403213795266887,0.39279412345985676,0.49792274694720556,0.0,0.3333333333333333,True,below threshold
d9acf705-4390-479c-81e1-dee922f5f11a,2026-06-01 00:25:00,25,5,,0.6403213795266887,0.39279412345985676,0.49792274694720556,,0.0,True,below threshold
d9acf705-4390-479c-81e1-dee922f5f11a,2026-06-01 00:26:00,26,5,,0.6403213795266887,0.39279412345985676,0.49792274694720556,,0.0,True,below threshold
d9acf705-4390-479c-81e1-dee922f5f11a,2026-06-01 00:27:00,27,5,2.0,0.6403213795266887,0.39279412345985676,0.49792274694720556,,,True,below threshold
d9acf705-4390-479c-81e1-dee922f5f11a,2026-06-01 00:28:00,28,5,2.0,0.6403213795266887,0.39279412345985676,0.49792274694720556,0.0,0.0,True,below threshold
d9acf705-4390-479c-81e1-dee922f5f11a,2026-06-01 00:29:00,29,5,2.0,0.6403213795266887,0.39279412345985676,0.49792274694720556,0.0,0.0,True,below threshold
d9acf705-4390-479c-81e1-dee922f5f11a,2026-06-01 00:30:00,30,6,3.0,0.6403213795266887,0.39279412345985676,0.49792274694720556,1.0,0.3333333333333333,False,below threshold
d9acf705-4390-479c-81e1-dee922f5f11a,2026-06-01 00:31:00,31,6,3.0,0.6403213795266887,0.39279412345985676,0.49792274694720556,0.0,0.3333333333333333,True,below threshold
d9acf705-4390-479c-81e1-dee922f5f11a,2026-06-01 00:32:00,32,6,1.0,0.6403213795266887,0.39279412345985676,0.49792274694720556,4.0,1.6666666666666667,True,below threshold
d9acf705-4390-479c-81e1-dee922f5f11a,2026-06-01 00:33:00,33,6,2.0,0.6403213795266887,0.39279412345985676,0.49792274694720556,1.0,1.6666666666666667,True,below threshold
d9acf705-4390-479c-81e1-dee922f5f11a,2026-06-01 00:34:00,34,6,3.0,0.6403213795266887,0.39279412345985676,0.49792274694720556,1.0,2.0,True,below threshold
d9b7baab-9577-4076-a4b4-aa8bbe102bde,2026-06-01 00:00:00,0,0,,1.1196179477387973,0.7653473888618942,0.5882949092930572,,,False,missing or insufficient EMA data
d9b7baab-9577-4076-a4b4-aa8bbe102bde,2026-06-01 00:01:00,1,0,,1.1196179477387973,0.7653473888618942,0.5882949092930572,,,True,below threshold
d9b7baab-9577-4076-a4b4-aa8bbe102bde,2026-06-01 00:02:00,2,0,,1.1196179477387973,0.7653473888618942,0.5882949092930572,,,True,below threshold
d9b7baab-9577-4076-a4b4-aa8bbe102bde,2026-06-01 00:03:00,3,0,,1.1196179477387973,0.7653473888618942,0.5882949092930572,,,True,below threshold
d9b7baab-9577-4076-a4b4-aa8bbe102bde,2026-06-01 00:04:00,4,0,,1.1196179477387973,0.7653473888618942,0.5882949092930572,,,True,below threshold
d9b7baab-9577-4076-a4b4-aa8bbe102bde,2026-06-01 00:05:00,5,1,2.0,1.1196179477387973,0.7653473888618942,0.5882949092930572,,,True,below threshold
d9b7baab-9577-4076-a4b4-aa8bbe102bde,2026-06-01 00:06:00,6,1,2.0,1.1196179477387973,0.7653473888618942,0.5882949092930572,0.0,0.0,True,below threshold
d9b7baab-9577-4076-a4b4-aa8bbe102bde,2026-06-01 00:07:00,7,1,3.0,1.1196179477387973,0.7653473888618942,0.5882949092930572,1.0,0.5,True,below threshold
d9b7baab-9577-4076-a4b4-aa8bbe102bde,2026-06-01 00:08:00,8,1,2.0,1.1196179477387973,0.7653473888618942,0.5882949092930572,1.0,0.6666666666666666,True,below threshold
d9b7baab-9577-4076-a4b4-aa8bbe102bde,2026-06-01 00:09:00,9,1,1.0,1.1196179477387973,0.7653473888618942,0.5882949092930572,1.0,1.0,True,below threshold
d9b7baab-9577-4076-a4b4-aa8bbe102bde,2026-06-01 00:10:00,10,2,1.0,1.1196179477387973,0.7653473888618942,0.5882949092930572,0.0,0.6666666666666666,True,prompt sent
d9b7baab-9577-4076-a4b4-aa8bbe102bde,2026-06-01 00:11:00,11,2,1.0,1.1196179477387973,0.7653473888618942,0.5882949092930572,0.0,0.3333333333333333,True,cooldown active
d9b7baab-9577-4076-a4b4-aa8bbe102bde,2026-06-01 00:12:00,12,2,1.0,1.1196179477387973,0.7653473888618942,0.5882949092930572,0.0,0.0,True,cooldown active
d9b7baab-9577-4076-a4b4-aa8bbe102bde,2026-06-01 00:13:00,13,2,1.0,1.1196179477387973,0.7653473888618942,0.5882949092930572,0.0,0.0,True,cooldown active
d9b7baab-9577-4076-a4b4-aa8bbe102bde,2026-06-01 00:14:00,14,2,1.0,1.1196179477387973,0.7653473888618942,0.5882949092930572,0.0,0.0,True,cooldown active
d9b7baab-9577-4076-a4b4-aa8bbe102bde,2026-06-01 00:15:00,15,3,1.0,1.1196179477387973,0.7653473888618942,0.5882949092930572,0.0,0.0,True,below threshold
d9b7baab-9577-4076-a4b4-aa8bbe102bde,2026-06-01 00:16:00,16,3,1.0,1.1196179477387973,0.7653473888618942,0.5882949092930572,0.0,0.0,True,missing or insufficient EMA data
d9b7baab-9577-4076-a4b4-aa8bbe102bde,2026-06-01 00:17:00,17,3,1.0,1.1196179477387973,0.7653473888618942,0.5882949092930572,0.0,0.0,True,missing or insufficient EMA data
d9b7baab-9577-4076-a4b4-aa8bbe102bde,2026-06-01 00:18:00,18,3,,1.1196179477387973,0.7653473888618942,0.5882949092930572,,0.0,True,missing or insufficient EMA data
d9b7baab-9577-4076-a4b4-aa8bbe102bde,2026-06-01 00:19:00,19,3,2.0,1.1196179477387973,0.7653473888618942,0.5882949092930572,,0.0,True,below threshold
d9b7baab-9577-4076-a4b4-aa8bbe102bde,2026-06-01 00:20:00,20,4,2.0,1.1196179477387973,0.7653473888618942,0.5882949092930572,0.0,0.0,True,below threshold
d9b7baab-9577-4076-a4b4-aa8bbe102bde,2026-06-01 00:21:00,21,4,,1.1196179477387973,0.7653473888618942,0.5882949092930572,,0.0,True,prompt sent
d9b7baab-9577-4076-a4b4-aa8bbe102bde,2026-06-01 00:22:00,22,4,,1.1196179477387973,0.7653473888618942,0.5882949092930572,,0.0,True,cooldown active
d9b7baab-9577-4076-a4b4-aa8bbe102bde,2026-06-01 00:23:00,23,4,,1.1196179477387973,0.7653473888618942,0.5882949092930572,,,True,cooldown active
d9b7baab-9577-4076-a4b4-aa8bbe102bde,2026-06-01 00:24:00,24,4,,1.1196179477387973,0.7653473888618942,0.5882949092930572,,,True,below threshold
d9b7baab-9577-4076-a4b4-aa8bbe102bde,2026-06-01 00:25:00,25,5,,1.1196179477387973,0.7653473888618942,0.5882949092930572,,,True,below threshold
d9b7baab-9577-4076-a4b4-aa8bbe102bde,2026-06-01 00:26:00,26,5,,1.1196179477387973,0.7653473888618942,0.5882949092930572,,,True,below threshold
d9b7baab-9577-4076-a4b4-aa8bbe102bde,2026-06-01 00:27:00,27,5,,1.1196179477387973,0.7653473888618942,0.5882949092930572,,,True,below threshold
d9b7baab-9577-4076-a4b4-aa8bbe102bde,2026-06-01 00:28:00,28,5,1.0,1.1196179477387973,0.7653473888618942,0.5882949092930572,,,True,below threshold
d9b7baab-9577-4076-a4b4-aa8bbe102bde,2026-06-01 00:29:00,29,5,2.0,1.1196179477387973,0.7653473888618942,0.5882949092930572,1.0,1.0,True,below threshold
d9b7baab-9577-4076-a4b4-aa8bbe102bde,2026-06-01 00:30:00,30,6,2.0,1.1196179477387973,0.7653473888618942,0.5882949092930572,0.0,0.5,False,below threshold
d9b7baab-9577-4076-a4b4-aa8bbe102bde,2026-06-01 00:31:00,31,6,3.0,1.1196179477387973,0.7653473888618942,0.5882949092930572,1.0,0.6666666666666666,True,below threshold
d9b7baab-9577-4076-a4b4-aa8bbe102bde,2026-06-01 00:32:00,32,6,,1.1196179477387973,0.7653473888618942,0.5882949092930572,,0.5,True,below threshold
d9b7baab-9577-4076-a4b4-aa8bbe102bde,2026-06-01 00:33:00,33,6,,1.1196179477387973,0.7653473888618942,0.5882949092930572,,1.0,True,below threshold
d9b7baab-9577-4076-a4b4-aa8bbe102bde,2026-06-01 00:34:00,34,6,,1.1196179477387973,0.7653473888618942,0.5882949092930572,,,True,below threshold
de741e32-27a3-4c49-8d4d-c498d2c09e01,2026-06-01 00:00:00,0,0,3.0,0.9645145131182713,0.5031140809751181,0.9244942601591886,,,False,missing or insufficient EMA data
de741e32-27a3-4c49-8d4d-c498d2c09e01,2026-06-01 00:01:00,1,0,2.0,0.9645145131182713,0.5031140809751181,0.9244942601591886,1.0,1.0,True,below threshold
de741e32-27a3-4c49-8d4d-c498d2c09e01,2026-06-01 00:02:00,2,0,2.0,0.9645145131182713,0.5031140809751181,0.9244942601591886,0.0,0.5,True,below threshold
de741e32-27a3-4c49-8d4d-c498d2c09e01,2026-06-01 00:03:00,3,0,4.0,0.9645145131182713,0.5031140809751181,0.9244942601591886,4.0,1.6666666666666667,True,below threshold
de741e32-27a3-4c49-8d4d-c498d2c09e01,2026-06-01 00:04:00,4,0,2.0,0.9645145131182713,0.5031140809751181,0.9244942601591886,4.0,2.6666666666666665,True,below threshold
de741e32-27a3-4c49-8d4d-c498d2c09e01,2026-06-01 00:05:00,5,1,2.0,0.9645145131182713,0.5031140809751181,0.9244942601591886,0.0,2.6666666666666665,True,below threshold
de741e32-27a3-4c49-8d4d-c498d2c09e01,2026-06-01 00:06:00,6,1,2.0,0.9645145131182713,0.5031140809751181,0.9244942601591886,0.0,1.3333333333333333,True,below threshold
de741e32-27a3-4c49-8d4d-c498d2c09e01,2026-06-01 00:07:00,7,1,3.0,0.9645145131182713,0.5031140809751181,0.9244942601591886,1.0,0.3333333333333333,True,below threshold
de741e32-27a3-4c49-8d4d-c498d2c09e01,2026-06-01 00:08:00,8,1,3.0,0.9645145131182713,0.5031140809751181,0.9244942601591886,0.0,0.3333333333333333,True,below threshold
de741e32-27a3-4c49-8d4d-c498d2c09e01,2026-06-01 00:09:00,9,1,2.0,0.9645145131182713,0.5031140809751181,0.9244942601591886,1.0,0.6666666666666666,True,below threshold
de741e32-27a3-4c49-8d4d-c498d2c09e01,2026-06-01 00:10:00,10,2,3.0,0.9645145131182713,0.5031140809751181,0.9244942601591886,1.0,0.6666666666666666,True,prompt sent
de741e32-27a3-4c49-8d4d-c498d2c09e01,2026-06-01 00:11:00,11,2,3.0,0.9645145131182713,0.5031140809751181,0.9244942601591886,0.0,0.6666666666666666,True,cooldown active
de741e32-27a3-4c49-8d4d-c498d2c09e01,2026-06-01 00:12:00,12,2,2.0,0.9645145131182713,0.5031140809751181,0.9244942601591886,1.0,0.6666666666666666,True,cooldown active
de741e32-27a3-4c49-8d4d-c498d2c09e01,2026-06-01 00:13:00,13,2,3.0,0.9645145131182713,0.5031140809751181,0.9244942601591886,1.0,0.6666666666666666,True,cooldown active
de741e32-27a3-4c49-8d4d-c498d2c09e01,2026-06-01 00:14:00,14,2,3.0,0.9645145131182713,0.5031140809751181,0.9244942601591886,0.0,0.6666666666666666,True,cooldown active
de741e32-27a3-4c49-8d4d-c498d2c09e01,2026-06-01 00:15:00,15,3,3.0,0.9645145131182713,0.5031140809751181,0.9244942601591886,0.0,0.3333333333333333,True,below threshold
de741e32-27a3-4c49-8d4d-c498d2c09e01,2026-06-01 00:16:00,16,3,2.0,0.9645145131182713,0.5031140809751181,0.9244942601591886,1.0,0.3333333333333333,True,missing or insufficient EMA data
de741e32-27a3-4c49-8d4d-c498d2c09e01,2026-06-01 00:17:00,17,3,3.0,0.9645145131182713,0.5031140809751181,0.9244942601591886,1.0,0.6666666666666666,True,missing or insufficient EMA data
de741e32-27a3-4c49-8d4d-c498d2c09e01,2026-06-01 00:18:00,18,3,2.0,0.9645145131182713,0.5031140809751181,0.9244942601591886,1.0,1.0,True,missing or insufficient EMA data
de741e32-27a3-4c49-8d4d-c498d2c09e01,2026-06-01 00:19:00,19,3,2.0,0.9645145131182713,0.5031140809751181,0.9244942601591886,0.0,0.6666666666666666,True,below threshold
de741e32-27a3-4c49-8d4d-c498d2c09e01,2026-06-01 00:20:00,20,4,2.0,0.9645145131182713,0.5031140809751181,0.9244942601591886,0.0,0.3333333333333333,True,below threshold
de741e32-27a3-4c49-8d4d-c498d2c09e01,2026-06-01 00:21:00,21,4,3.0,0.9645145131182713,0.5031140809751181,0.9244942601591886,1.0,0.3333333333333333,True,prompt sent
de741e32-27a3-4c49-8d4d-c498d2c09e01,2026-06-01 00:22:00,22,4,2.0,0.9645145131182713,0.5031140809751181,0.9244942601591886,1.0,0.6666666666666666,True,cooldown active
de741e32-27a3-4c49-8d4d-c498d2c09e01,2026-06-01 00:23:00,23,4,2.0,0.9645145131182713,0.5031140809751181,0.9244942601591886,0.0,0.6666666666666666,True,cooldown active
de741e32-27a3-4c49-8d4d-c498d2c09e01,2026-06-01 00:24:00,24,4,2.0,0.9645145131182713,0.5031140809751181,0.9244942601591886,0.0,0.3333333333333333,True,below threshold
de741e32-27a3-4c49-8d4d-c498d2c09e01,2026-06-01 00:25:00,25,5,3.0,0.9645145131182713,0.5031140809751181,0.9244942601591886,1.0,0.3333333333333333,True,below threshold
de741e32-27a3-4c49-8d4d-c498d2c09e01,2026-06-01 00:26:00,26,5,2.0,0.9645145131182713,0.5031140809751181,0.9244942601591886,1.0,0.6666666666666666,True,below threshold
de741e32-27a3-4c49-8d4d-c498d2c09e01,2026-06-01 00:27:00,27,5,1.0,0.9645145131182713,0.5031140809751181,0.9244942601591886,1.0,1.0,True,below threshold
de741e32-27a3-4c49-8d4d-c498d2c09e01,2026-06-01 00:28:00,28,5,1.0,0.9645145131182713,0.5031140809751181,0.9244942601591886,0.0,0.6666666666666666,True,below threshold
de741e32-27a3-4c49-8d4d-c498d2c09e01,2026-06-01 00:29:00,29,5,2.0,0.9645145131182713,0.5031140809751181,0.9244942601591886,1.0,0.6666666666666666,True,below threshold
de741e32-27a3-4c49-8d4d-c498d2c09e01,2026-06-01 00:30:00,30,6,,0.9645145131182713,0.5031140809751181,0.9244942601591886,,0.5,False,below threshold
de741e32-27a3-4c49-8d4d-c498d2c09e01,2026-06-01 00:31:00,31,6,,0.9645145131182713,0.5031140809751181,0.9244942601591886,,1.0,True,below threshold
de741e32-27a3-4c49-8d4d-c498d2c09e01,2026-06-01 00:32:00,32,6,,0.9645145131182713,0.5031140809751181,0.9244942601591886,,,True,below threshold
de741e32-27a3-4c49-8d4d-c498d2c09e01,2026-06-01 00:33:00,33,6,1.0,0.9645145131182713,0.5031140809751181,0.9244942601591886,,,True,below threshold
de741e32-27a3-4c49-8d4d-c498d2c09e01,2026-06-01 00:34:00,34,6,1.0,0.9645145131182713,0.5031140809751181,0.9244942601591886,0.0,0.0,True,below threshold
e6d708e8-083b-4a7d-a73c-be49b4af13a4,2026-06-01 00:00:00,0,0,4.0,0.6766161265339758,0.290963031102085,0.6492075540651889,,,False,missing or insufficient EMA data
e6d708e8-083b-4a7d-a73c-be49b4af13a4,2026-06-01 00:01:00,1,0,4.0,0.6766161265339758,0.290963031102085,0.6492075540651889,0.0,0.0,True,below threshold
e6d708e8-083b-4a7d-a73c-be49b4af13a4,2026-06-01 00:02:00,2,0,4.0,0.6766161265339758,0.290963031102085,0.6492075540651889,0.0,0.0,True,below threshold
e6d708e8-083b-4a7d-a73c-be49b4af13a4,2026-06-01 00:03:00,3,0,2.0,0.6766161265339758,0.290963031102085,0.6492075540651889,4.0,1.3333333333333333,True,below threshold
e6d708e8-083b-4a7d-a73c-be49b4af13a4,2026-06-01 00:04:00,4,0,2.0,0.6766161265339758,0.290963031102085,0.6492075540651889,0.0,1.3333333333333333,True,below threshold
e6d708e8-083b-4a7d-a73c-be49b4af13a4,2026-06-01 00:05:00,5,1,3.0,0.6766161265339758,0.290963031102085,0.6492075540651889,1.0,1.6666666666666667,True,below threshold
e6d708e8-083b-4a7d-a73c-be49b4af13a4,2026-06-01 00:06:00,6,1,,0.6766161265339758,0.290963031102085,0.6492075540651889,,0.5,True,below threshold
e6d708e8-083b-4a7d-a73c-be49b4af13a4,2026-06-01 00:07:00,7,1,,0.6766161265339758,0.290963031102085,0.6492075540651889,,1.0,True,below threshold
e6d708e8-083b-4a7d-a73c-be49b4af13a4,2026-06-01 00:08:00,8,1,,0.6766161265339758,0.290963031102085,0.6492075540651889,,,True,below threshold
e6d708e8-083b-4a7d-a73c-be49b4af13a4,2026-06-01 00:09:00,9,1,,0.6766161265339758,0.290963031102085,0.6492075540651889,,,True,below threshold
e6d708e8-083b-4a7d-a73c-be49b4af13a4,2026-06-01 00:10:00,10,2,,0.6766161265339758,0.290963031102085,0.6492075540651889,,,True,prompt sent
e6d708e8-083b-4a7d-a73c-be49b4af13a4,2026-06-01 00:11:00,11,2,1.0,0.6766161265339758,0.290963031102085,0.6492075540651889,,,True,cooldown active
e6d708e8-083b-4a7d-a73c-be49b4af13a4,2026-06-01 00:12:00,12,2,3.0,0.6766161265339758,0.290963031102085,0.6492075540651889,4.0,4.0,True,cooldown active
e6d708e8-083b-4a7d-a73c-be49b4af13a4,2026-06-01 00:13:00,13,2,3.0,0.6766161265339758,0.290963031102085,0.6492075540651889,0.0,2.0,True,cooldown active
e6d708e8-083b-4a7d-a73c-be49b4af13a4,2026-06-01 00:14:00,14,2,3.0,0.6766161265339758,0.290963031102085,0.6492075540651889,0.0,1.3333333333333333,True,cooldown active
e6d708e8-083b-4a7d-a73c-be49b4af13a4,2026-06-01 00:15:00,15,3,4.0,0.6766161265339758,0.290963031102085,0.6492075540651889,1.0,0.3333333333333333,True,below threshold
e6d708e8-083b-4a7d-a73c-be49b4af13a4,2026-06-01 00:16:00,16,3,4.0,0.6766161265339758,0.290963031102085,0.6492075540651889,0.0,0.3333333333333333,True,missing or insufficient EMA data
e6d708e8-083b-4a7d-a73c-be49b4af13a4,2026-06-01 00:17:00,17,3,4.0,0.6766161265339758,0.290963031102085,0.6492075540651889,0.0,0.3333333333333333,True,missing or insufficient EMA data
e6d708e8-083b-4a7d-a73c-be49b4af13a4,2026-06-01 00:18:00,18,3,2.0,0.6766161265339758,0.290963031102085,0.6492075540651889,4.0,1.3333333333333333,True,missing or insufficient EMA data
e6d708e8-083b-4a7d-a73c-be49b4af13a4,2026-06-01 00:19:00,19,3,4.0,0.6766161265339758,0.290963031102085,0.6492075540651889,4.0,2.6666666666666665,True,below threshold
e6d708e8-083b-4a7d-a73c-be49b4af13a4,2026-06-01 00:20:00,20,4,4.0,0.6766161265339758,0.290963031102085,0.6492075540651889,0.0,2.6666666666666665,True,below threshold
e6d708e8-083b-4a7d-a73c-be49b4af13a4,2026-06-01 00:21:00,21,4,4.0,0.6766161265339758,0.290963031102085,0.6492075540651889,0.0,1.3333333333333333,True,prompt sent
e6d708e8-083b-4a7d-a73c-be49b4af13a4,2026-06-01 00:22:00,22,4,4.0,0.6766161265339758,0.290963031102085,0.6492075540651889,0.0,0.0,True,cooldown active
e6d708e8-083b-4a7d-a73c-be49b4af13a4,2026-06-01 00:23:00,23,4,3.0,0.6766161265339758,0.290963031102085,0.6492075540651889,1.0,0.3333333333333333,True,cooldown active
e6d708e8-083b-4a7d-a73c-be49b4af13a4,2026-06-01 00:24:00,24,4,5.0,0.6766161265339758,0.290963031102085,0.6492075540651889,4.0,1.6666666666666667,True,below threshold
e6d708e8-083b-4a7d-a73c-be49b4af13a4,2026-06-01 00:25:00,25,5,3.0,0.6766161265339758,0.290963031102085,0.6492075540651889,4.0,3.0,True,below threshold
e6d708e8-083b-4a7d-a73c-be49b4af13a4,2026-06-01 00:26:00,26,5,4.0,0.6766161265339758,0.290963031102085,0.6492075540651889,1.0,3.0,True,below threshold
e6d708e8-083b-4a7d-a73c-be49b4af13a4,2026-06-01 00:27:00,27,5,3.0,0.6766161265339758,0.290963031102085,0.6492075540651889,1.0,2.0,True,below threshold
e6d708e8-083b-4a7d-a73c-be49b4af13a4,2026-06-01 00:28:00,28,5,3.0,0.6766161265339758,0.290963031102085,0.6492075540651889,0.0,0.6666666666666666,True,below threshold
e6d708e8-083b-4a7d-a73c-be49b4af13a4,2026-06-01 00:29:00,29,5,4.0,0.6766161265339758,0.290963031102085,0.6492075540651889,1.0,0.6666666666666666,True,below threshold
e6d708e8-083b-4a7d-a73c-be49b4af13a4,2026-06-01 00:30:00,30,6,4.0,0.6766161265339758,0.290963031102085,0.6492075540651889,0.0,0.3333333333333333,False,below threshold
e6d708e8-083b-4a7d-a73c-be49b4af13a4,2026-06-01 00:31:00,31,6,,0.6766161265339758,0.290963031102085,0.6492075540651889,,0.5,True,below threshold
e6d708e8-083b-4a7d-a73c-be49b4af13a4,2026-06-01 00:32:00,32,6,,0.6766161265339758,0.290963031102085,0.6492075540651889,,0.0,True,below threshold
e6d708e8-083b-4a7d-a73c-be49b4af13a4,2026-06-01 00:33:00,33,6,,0.6766161265339758,0.290963031102085,0.6492075540651889,,,True,below threshold
e6d708e8-083b-4a7d-a73c-be49b4af13a4,2026-06-01 00:34:00,34,6,4.0,0.6766161265339758,0.290963031102085,0.6492075540651889,,,True,below threshold
e93b8404-b043-4319-9dc1-f13ef2cc0a89,2026-06-01 00:00:00,0,0,3.0,0.3699632900268792,0.29696872441539757,0.1924517689262451,,,False,missing or insufficient EMA data
e93b8404-b043-4319-9dc1-f13ef2cc0a89,2026-06-01 00:01:00,1,0,3.0,0.3699632900268792,0.29696872441539757,0.1924517689262451,0.0,0.0,True,below threshold
e93b8404-b043-4319-9dc1-f13ef2cc0a89,2026-06-01 00:02:00,2,0,2.0,0.3699632900268792,0.29696872441539757,0.1924517689262451,1.0,0.5,True,below threshold
e93b8404-b043-4319-9dc1-f13ef2cc0a89,2026-06-01 00:03:00,3,0,3.0,0.3699632900268792,0.29696872441539757,0.1924517689262451,1.0,0.6666666666666666,True,below threshold
e93b8404-b043-4319-9dc1-f13ef2cc0a89,2026-06-01 00:04:00,4,0,3.0,0.3699632900268792,0.29696872441539757,0.1924517689262451,0.0,0.6666666666666666,True,below threshold
e93b8404-b043-4319-9dc1-f13ef2cc0a89,2026-06-01 00:05:00,5,1,2.0,0.3699632900268792,0.29696872441539757,0.1924517689262451,1.0,0.6666666666666666,True,below threshold
e93b8404-b043-4319-9dc1-f13ef2cc0a89,2026-06-01 00:06:00,6,1,3.0,0.3699632900268792,0.29696872441539757,0.1924517689262451,1.0,0.6666666666666666,True,below threshold
e93b8404-b043-4319-9dc1-f13ef2cc0a89,2026-06-01 00:07:00,7,1,2.0,0.3699632900268792,0.29696872441539757,0.1924517689262451,1.0,1.0,True,below threshold
e93b8404-b043-4319-9dc1-f13ef2cc0a89,2026-06-01 00:08:00,8,1,2.0,0.3699632900268792,0.29696872441539757,0.1924517689262451,0.0,0.6666666666666666,True,below threshold
e93b8404-b043-4319-9dc1-f13ef2cc0a89,2026-06-01 00:09:00,9,1,2.0,0.3699632900268792,0.29696872441539757,0.1924517689262451,0.0,0.3333333333333333,True,below threshold
e93b8404-b043-4319-9dc1-f13ef2cc0a89,2026-06-01 00:10:00,10,2,2.0,0.3699632900268792,0.29696872441539757,0.1924517689262451,0.0,0.0,True,prompt sent
e93b8404-b043-4319-9dc1-f13ef2cc0a89,2026-06-01 00:11:00,11,2,2.0,0.3699632900268792,0.29696872441539757,0.1924517689262451,0.0,0.0,True,cooldown active
e93b8404-b043-4319-9dc1-f13ef2cc0a89,2026-06-01 00:12:00,12,2,2.0,0.3699632900268792,0.29696872441539757,0.1924517689262451,0.0,0.0,True,cooldown active
e93b8404-b043-4319-9dc1-f13ef2cc0a89,2026-06-01 00:13:00,13,2,,0.3699632900268792,0.29696872441539757,0.1924517689262451,,0.0,True,cooldown active
e93b8404-b043-4319-9dc1-f13ef2cc0a89,2026-06-01 00:14:00,14,2,,0.3699632900268792,0.29696872441539757,0.1924517689262451,,0.0,True,cooldown active
e93b8404-b043-4319-9dc1-f13ef2cc0a89,2026-06-01 00:15:00,15,3,3.0,0.3699632900268792,0.29696872441539757,0.1924517689262451,,,True,below threshold
e93b8404-b043-4319-9dc1-f13ef2cc0a89,2026-06-01 00:16:00,16,3,3.0,0.3699632900268792,0.29696872441539757,0.1924517689262451,0.0,0.0,True,missing or insufficient EMA data
e93b8404-b043-4319-9dc1-f13ef2cc0a89,2026-06-01 00:17:00,17,3,3.0,0.3699632900268792,0.29696872441539757,0.1924517689262451,0.0,0.0,True,missing or insufficient EMA data
e93b8404-b043-4319-9dc1-f13ef2cc0a89,2026-06-01 00:18:00,18,3,2.0,0.3699632900268792,0.29696872441539757,0.1924517689262451,1.0,0.3333333333333333,True,missing or insufficient EMA data
e93b8404-b043-4319-9dc1-f13ef2cc0a89,2026-06-01 00:19:00,19,3,2.0,0.3699632900268792,0.29696872441539757,0.1924517689262451,0.0,0.3333333333333333,True,below threshold
e93b8404-b043-4319-9dc1-f13ef2cc0a89,2026-06-01 00:20:00,20,4,2.0,0.3699632900268792,0.29696872441539757,0.1924517689262451,0.0,0.3333333333333333,True,below threshold
e93b8404-b043-4319-9dc1-f13ef2cc0a89,2026-06-01 00:21:00,21,4,2.0,0.3699632900268792,0.29696872441539757,0.1924517689262451,0.0,0.0,True,prompt sent
e93b8404-b043-4319-9dc1-f13ef2cc0a89,2026-06-01 00:22:00,22,4,2.0,0.3699632900268792,0.29696872441539757,0.1924517689262451,0.0,0.0,True,cooldown active
e93b8404-b043-4319-9dc1-f13ef2cc0a89,2026-06-01 00:23:00,23,4,2.0,0.3699632900268792,0.29696872441539757,0.1924517689262451,0.0,0.0,True,cooldown active
e93b8404-b043-4319-9dc1-f13ef2cc0a89,2026-06-01 00:24:00,24,4,,0.3699632900268792,0.29696872441539757,0.1924517689262451,,0.0,True,below threshold
e93b8404-b043-4319-9dc1-f13ef2cc0a89,2026-06-01 00:25:00,25,5,,0.3699632900268792,0.29696872441539757,0.1924517689262451,,0.0,True,below threshold
e93b8404-b043-4319-9dc1-f13ef2cc0a89,2026-06-01 00:26:00,26,5,,0.3699632900268792,0.29696872441539757,0.1924517689262451,,,True,below threshold
e93b8404-b043-4319-9dc1-f13ef2cc0a89,2026-06-01 00:27:00,27,5,,0.3699632900268792,0.29696872441539757,0.1924517689262451,,,True,below threshold
e93b8404-b043-4319-9dc1-f13ef2cc0a89,2026-06-01 00:28:00,28,5,2.0,0.3699632900268792,0.29696872441539757,0.1924517689262451,,,True,below threshold
e93b8404-b043-4319-9dc1-f13ef2cc0a89,2026-06-01 00:29:00,29,5,3.0,0.3699632900268792,0.29696872441539757,0.1924517689262451,1.0,1.0,True,below threshold
e93b8404-b043-4319-9dc1-f13ef2cc0a89,2026-06-01 00:30:00,30,6,2.0,0.3699632900268792,0.29696872441539757,0.1924517689262451,1.0,1.0,False,below threshold
e93b8404-b043-4319-9dc1-f13ef2cc0a89,2026-06-01 00:31:00,31,6,2.0,0.3699632900268792,0.29696872441539757,0.1924517689262451,0.0,0.6666666666666666,True,below threshold
e93b8404-b043-4319-9dc1-f13ef2cc0a89,2026-06-01 00:32:00,32,6,2.0,0.3699632900268792,0.29696872441539757,0.1924517689262451,0.0,0.3333333333333333,True,below threshold
e93b8404-b043-4319-9dc1-f13ef2cc0a89,2026-06-01 00:33:00,33,6,2.0,0.3699632900268792,0.29696872441539757,0.1924517689262451,0.0,0.0,True,below threshold
e93b8404-b043-4319-9dc1-f13ef2cc0a89,2026-06-01 00:34:00,34,6,3.0,0.3699632900268792,0.29696872441539757,0.1924517689262451,1.0,0.3333333333333333,True,below threshold
ec178ae5-a43d-4a2d-b080-8d3a698e84a8,2026-06-01 00:00:00,0,0,,1.1912310800701027,0.11027799049204955,2.5250870907803473,,,False,missing or insufficient EMA data
ec178ae5-a43d-4a2d-b080-8d3a698e84a8,2026-06-01 00:01:00,1,0,1.0,1.1912310800701027,0.11027799049204955,2.5250870907803473,,,True,below threshold
ec178ae5-a43d-4a2d-b080-8d3a698e84a8,2026-06-01 00:02:00,2,0,4.0,1.1912310800701027,0.11027799049204955,2.5250870907803473,9.0,9.0,True,below threshold
ec178ae5-a43d-4a2d-b080-8d3a698e84a8,2026-06-01 00:03:00,3,0,4.0,1.1912310800701027,0.11027799049204955,2.5250870907803473,0.0,4.5,True,below threshold
ec178ae5-a43d-4a2d-b080-8d3a698e84a8,2026-06-01 00:04:00,4,0,2.0,1.1912310800701027,0.11027799049204955,2.5250870907803473,4.0,4.333333333333333,True,below threshold
ec178ae5-a43d-4a2d-b080-8d3a698e84a8,2026-06-01 00:05:00,5,1,1.0,1.1912310800701027,0.11027799049204955,2.5250870907803473,1.0,1.6666666666666667,True,below threshold
ec178ae5-a43d-4a2d-b080-8d3a698e84a8,2026-06-01 00:06:00,6,1,1.0,1.1912310800701027,0.11027799049204955,2.5250870907803473,0.0,1.6666666666666667,True,below threshold
ec178ae5-a43d-4a2d-b080-8d3a698e84a8,2026-06-01 00:07:00,7,1,2.0,1.1912310800701027,0.11027799049204955,2.5250870907803473,1.0,0.6666666666666666,True,below threshold
ec178ae5-a43d-4a2d-b080-8d3a698e84a8,2026-06-01 00:08:00,8,1,5.0,1.1912310800701027,0.11027799049204955,2.5250870907803473,9.0,3.3333333333333335,True,below threshold
ec178ae5-a43d-4a2d-b080-8d3a698e84a8,2026-06-01 00:09:00,9,1,3.0,1.1912310800701027,0.11027799049204955,2.5250870907803473,4.0,4.666666666666667,True,below threshold
ec178ae5-a43d-4a2d-b080-8d3a698e84a8,2026-06-01 00:10:00,10,2,2.0,1.1912310800701027,0.11027799049204955,2.5250870907803473,1.0,4.666666666666667,True,prompt sent
ec178ae5-a43d-4a2d-b080-8d3a698e84a8,2026-06-01 00:11:00,11,2,3.0,1.1912310800701027,0.11027799049204955,2.5250870907803473,1.0,2.0,True,cooldown active
ec178ae5-a43d-4a2d-b080-8d3a698e84a8,2026-06-01 00:12:00,12,2,1.0,1.1912310800701027,0.11027799049204955,2.5250870907803473,4.0,2.0,True,cooldown active
ec178ae5-a43d-4a2d-b080-8d3a698e84a8,2026-06-01 00:13:00,13,2,,1.1912310800701027,0.11027799049204955,2.5250870907803473,,2.5,True,cooldown active
ec178ae5-a43d-4a2d-b080-8d3a698e84a8,2026-06-01 00:14:00,14,2,,1.1912310800701027,0.11027799049204955,2.5250870907803473,,4.0,True,cooldown active
ec178ae5-a43d-4a2d-b080-8d3a698e84a8,2026-06-01 00:15:00,15,3,,1.1912310800701027,0.11027799049204955,2.5250870907803473,,,True,below threshold
ec178ae5-a43d-4a2d-b080-8d3a698e84a8,2026-06-01 00:16:00,16,3,,1.1912310800701027,0.11027799049204955,2.5250870907803473,,,True,missing or insufficient EMA data
ec178ae5-a43d-4a2d-b080-8d3a698e84a8,2026-06-01 00:17:00,17,3,,1.1912310800701027,0.11027799049204955,2.5250870907803473,,,True,missing or insufficient EMA data
ec178ae5-a43d-4a2d-b080-8d3a698e84a8,2026-06-01 00:18:00,18,3,,1.1912310800701027,0.11027799049204955,2.5250870907803473,,,True,missing or insufficient EMA data
ec178ae5-a43d-4a2d-b080-8d3a698e84a8,2026-06-01 00:19:00,19,3,,1.1912310800701027,0.11027799049204955,2.5250870907803473,,,True,below threshold
ec178ae5-a43d-4a2d-b080-8d3a698e84a8,2026-06-01 00:20:00,20,4,,1.1912310800701027,0.11027799049204955,2.5250870907803473,,,True,below threshold
ec178ae5-a43d-4a2d-b080-8d3a698e84a8,2026-06-01 00:21:00,21,4,,1.1912310800701027,0.11027799049204955,2.5250870907803473,,,True,prompt sent
ec178ae5-a43d-4a2d-b080-8d3a698e84a8,2026-06-01 00:22:00,22,4,,1.1912310800701027,0.11027799049204955,2.5250870907803473,,,True,cooldown active
ec178ae5-a43d-4a2d-b080-8d3a698e84a8,2026-06-01 00:23:00,23,4,,1.1912310800701027,0.11027799049204955,2.5250870907803473,,,True,cooldown active
ec178ae5-a43d-4a2d-b080-8d3a698e84a8,2026-06-01 00:24:00,24,4,,1.1912310800701027,0.11027799049204955,2.5250870907803473,,,True,below threshold
ec178ae5-a43d-4a2d-b080-8d3a698e84a8,2026-06-01 00:25:00,25,5,,1.1912310800701027,0.11027799049204955,2.5250870907803473,,,True,below threshold
ec178ae5-a43d-4a2d-b080-8d3a698e84a8,2026-06-01 00:26:00,26,5,,1.1912310800701027,0.11027799049204955,2.5250870907803473,,,True,below threshold
ec178ae5-a43d-4a2d-b080-8d3a698e84a8,2026-06-01 00:27:00,27,5,,1.1912310800701027,0.11027799049204955,2.5250870907803473,,,True,below threshold
ec178ae5-a43d-4a2d-b080-8d3a698e84a8,2026-06-01 00:28:00,28,5,4.0,1.1912310800701027,0.11027799049204955,2.5250870907803473,,,True,below threshold
ec178ae5-a43d-4a2d-b080-8d3a698e84a8,2026-06-01 00:29:00,29,5,3.0,1.1912310800701027,0.11027799049204955,2.5250870907803473,1.0,1.0,True,below threshold
ec178ae5-a43d-4a2d-b080-8d3a698e84a8,2026-06-01 00:30:00,30,6,3.0,1.1912310800701027,0.11027799049204955,2.5250870907803473,0.0,0.5,False,below threshold
ec178ae5-a43d-4a2d-b080-8d3a698e84a8,2026-06-01 00:31:00,31,6,5.0,1.1912310800701027,0.11027799049204955,2.5250870907803473,4.0,1.6666666666666667,True,below threshold
ec178ae5-a43d-4a2d-b080-8d3a698e84a8,2026-06-01 00:32:00,32,6,2.0,1.1912310800701027,0.11027799049204955,2.5250870907803473,9.0,4.333333333333333,True,below threshold
ec178ae5-a43d-4a2d-b080-8d3a698e84a8,2026-06-01 00:33:00,33,6,1.0,1.1912310800701027,0.11027799049204955,2.5250870907803473,1.0,4.666666666666667,True,below threshold
ec178ae5-a43d-4a2d-b080-8d3a698e84a8,2026-06-01 00:34:00,34,6,2.0,1.1912310800701027,0.11027799049204955,2.5250870907803473,1.0,3.6666666666666665,True,below threshold
edaadeec-eac9-48c9-b243-480e735288d9,2026-06-01 00:00:00,0,0,3.0,1.1948229505219816,0.2900957593808543,2.026921261448693,,,False,missing or insufficient EMA data
edaadeec-eac9-48c9-b243-480e735288d9,2026-06-01 00:01:00,1,0,4.0,1.1948229505219816,0.2900957593808543,2.026921261448693,1.0,1.0,True,below threshold
edaadeec-eac9-48c9-b243-480e735288d9,2026-06-01 00:02:00,2,0,5.0,1.1948229505219816,0.2900957593808543,2.026921261448693,1.0,1.0,True,below threshold
edaadeec-eac9-48c9-b243-480e735288d9,2026-06-01 00:03:00,3,0,2.0,1.1948229505219816,0.2900957593808543,2.026921261448693,9.0,3.6666666666666665,True,below threshold
edaadeec-eac9-48c9-b243-480e735288d9,2026-06-01 00:04:00,4,0,2.0,1.1948229505219816,0.2900957593808543,2.026921261448693,0.0,3.3333333333333335,True,below threshold
edaadeec-eac9-48c9-b243-480e735288d9,2026-06-01 00:05:00,5,1,3.0,1.1948229505219816,0.2900957593808543,2.026921261448693,1.0,3.3333333333333335,True,below threshold
edaadeec-eac9-48c9-b243-480e735288d9,2026-06-01 00:06:00,6,1,3.0,1.1948229505219816,0.2900957593808543,2.026921261448693,0.0,0.3333333333333333,True,below threshold
edaadeec-eac9-48c9-b243-480e735288d9,2026-06-01 00:07:00,7,1,3.0,1.1948229505219816,0.2900957593808543,2.026921261448693,0.0,0.3333333333333333,True,below threshold
edaadeec-eac9-48c9-b243-480e735288d9,2026-06-01 00:08:00,8,1,2.0,1.1948229505219816,0.2900957593808543,2.026921261448693,1.0,0.3333333333333333,True,below threshold
edaadeec-eac9-48c9-b243-480e735288d9,2026-06-01 00:09:00,9,1,5.0,1.1948229505219816,0.2900957593808543,2.026921261448693,9.0,3.3333333333333335,True,below threshold
edaadeec-eac9-48c9-b243-480e735288d9,2026-06-01 00:10:00,10,2,2.0,1.1948229505219816,0.2900957593808543,2.026921261448693,9.0,6.333333333333333,True,prompt sent
edaadeec-eac9-48c9-b243-480e735288d9,2026-06-01 00:11:00,11,2,3.0,1.1948229505219816,0.2900957593808543,2.026921261448693,1.0,6.333333333333333,True,cooldown active
edaadeec-eac9-48c9-b243-480e735288d9,2026-06-01 00:12:00,12,2,5.0,1.1948229505219816,0.2900957593808543,2.026921261448693,4.0,4.666666666666667,True,cooldown active
edaadeec-eac9-48c9-b243-480e735288d9,2026-06-01 00:13:00,13,2,4.0,1.1948229505219816,0.2900957593808543,2.026921261448693,1.0,2.0,True,cooldown active
edaadeec-eac9-48c9-b243-480e735288d9,2026-06-01 00:14:00,14,2,2.0,1.1948229505219816,0.2900957593808543,2.026921261448693,4.0,3.0,True,cooldown active
edaadeec-eac9-48c9-b243-480e735288d9,2026-06-01 00:15:00,15,3,2.0,1.1948229505219816,0.2900957593808543,2.026921261448693,0.0,1.6666666666666667,True,below threshold
edaadeec-eac9-48c9-b243-480e735288d9,2026-06-01 00:16:00,16,3,3.0,1.1948229505219816,0.2900957593808543,2.026921261448693,1.0,1.6666666666666667,True,missing or insufficient EMA data
edaadeec-eac9-48c9-b243-480e735288d9,2026-06-01 00:17:00,17,3,2.0,1.1948229505219816,0.2900957593808543,2.026921261448693,1.0,0.6666666666666666,True,missing or insufficient EMA data
edaadeec-eac9-48c9-b243-480e735288d9,2026-06-01 00:18:00,18,3,3.0,1.1948229505219816,0.2900957593808543,2.026921261448693,1.0,1.0,True,missing or insufficient EMA data
edaadeec-eac9-48c9-b243-480e735288d9,2026-06-01 00:19:00,19,3,2.0,1.1948229505219816,0.2900957593808543,2.026921261448693,1.0,1.0,True,below threshold
edaadeec-eac9-48c9-b243-480e735288d9,2026-06-01 00:20:00,20,4,4.0,1.1948229505219816,0.2900957593808543,2.026921261448693,4.0,2.0,True,below threshold
edaadeec-eac9-48c9-b243-480e735288d9,2026-06-01 00:21:00,21,4,4.0,1.1948229505219816,0.2900957593808543,2.026921261448693,0.0,1.6666666666666667,True,prompt sent
edaadeec-eac9-48c9-b243-480e735288d9,2026-06-01 00:22:00,22,4,4.0,1.1948229505219816,0.2900957593808543,2.026921261448693,0.0,1.3333333333333333,True,cooldown active
edaadeec-eac9-48c9-b243-480e735288d9,2026-06-01 00:23:00,23,4,5.0,1.1948229505219816,0.2900957593808543,2.026921261448693,1.0,0.3333333333333333,True,cooldown active
edaadeec-eac9-48c9-b243-480e735288d9,2026-06-01 00:24:00,24,4,4.0,1.1948229505219816,0.2900957593808543,2.026921261448693,1.0,0.6666666666666666,True,below threshold
edaadeec-eac9-48c9-b243-480e735288d9,2026-06-01 00:25:00,25,5,3.0,1.1948229505219816,0.2900957593808543,2.026921261448693,1.0,1.0,True,below threshold
edaadeec-eac9-48c9-b243-480e735288d9,2026-06-01 00:26:00,26,5,3.0,1.1948229505219816,0.2900957593808543,2.026921261448693,0.0,0.6666666666666666,True,below threshold
edaadeec-eac9-48c9-b243-480e735288d9,2026-06-01 00:27:00,27,5,3.0,1.1948229505219816,0.2900957593808543,2.026921261448693,0.0,0.3333333333333333,True,below threshold
edaadeec-eac9-48c9-b243-480e735288d9,2026-06-01 00:28:00,28,5,3.0,1.1948229505219816,0.2900957593808543,2.026921261448693,0.0,0.0,True,below threshold
edaadeec-eac9-48c9-b243-480e735288d9,2026-06-01 00:29:00,29,5,2.0,1.1948229505219816,0.2900957593808543,2.026921261448693,1.0,0.3333333333333333,True,below threshold
edaadeec-eac9-48c9-b243-480e735288d9,2026-06-01 00:30:00,30,6,1.0,1.1948229505219816,0.2900957593808543,2.026921261448693,1.0,0.6666666666666666,False,below threshold
edaadeec-eac9-48c9-b243-480e735288d9,2026-06-01 00:31:00,31,6,2.0,1.1948229505219816,0.2900957593808543,2.026921261448693,1.0,1.0,True,below threshold
edaadeec-eac9-48c9-b243-480e735288d9,2026-06-01 00:32:00,32,6,4.0,1.1948229505219816,0.2900957593808543,2.026921261448693,4.0,2.0,True,below threshold
edaadeec-eac9-48c9-b243-480e735288d9,2026-06-01 00:33:00,33,6,4.0,1.1948229505219816,0.2900957593808543,2.026921261448693,0.0,1.6666666666666667,True,below threshold
edaadeec-eac9-48c9-b243-480e735288d9,2026-06-01 00:34:00,34,6,5.0,1.1948229505219816,0.2900957593808543,2.026921261448693,1.0,1.6666666666666667,True,below threshold
ee90875e-3f17-4d14-ba5b-0d1f9a691875,2026-06-01 00:00:00,0,0,2.0,1.4129525502048321,0.41374512977981004,2.3408393771105267,,,False,missing or insufficient EMA data
ee90875e-3f17-4d14-ba5b-0d1f9a691875,2026-06-01 00:01:00,1,0,1.0,1.4129525502048321,0.41374512977981004,2.3408393771105267,1.0,1.0,True,below threshold
ee90875e-3f17-4d14-ba5b-0d1f9a691875,2026-06-01 00:02:00,2,0,1.0,1.4129525502048321,0.41374512977981004,2.3408393771105267,0.0,0.5,True,below threshold
ee90875e-3f17-4d14-ba5b-0d1f9a691875,2026-06-01 00:03:00,3,0,,1.4129525502048321,0.41374512977981004,2.3408393771105267,,0.5,True,below threshold
ee90875e-3f17-4d14-ba5b-0d1f9a691875,2026-06-01 00:04:00,4,0,,1.4129525502048321,0.41374512977981004,2.3408393771105267,,0.0,True,below threshold
ee90875e-3f17-4d14-ba5b-0d1f9a691875,2026-06-01 00:05:00,5,1,2.0,1.4129525502048321,0.41374512977981004,2.3408393771105267,,,True,below threshold
ee90875e-3f17-4d14-ba5b-0d1f9a691875,2026-06-01 00:06:00,6,1,1.0,1.4129525502048321,0.41374512977981004,2.3408393771105267,1.0,1.0,True,below threshold
ee90875e-3f17-4d14-ba5b-0d1f9a691875,2026-06-01 00:07:00,7,1,3.0,1.4129525502048321,0.41374512977981004,2.3408393771105267,4.0,2.5,True,below threshold
ee90875e-3f17-4d14-ba5b-0d1f9a691875,2026-06-01 00:08:00,8,1,4.0,1.4129525502048321,0.41374512977981004,2.3408393771105267,1.0,2.0,True,below threshold
ee90875e-3f17-4d14-ba5b-0d1f9a691875,2026-06-01 00:09:00,9,1,3.0,1.4129525502048321,0.41374512977981004,2.3408393771105267,1.0,2.0,True,below threshold
ee90875e-3f17-4d14-ba5b-0d1f9a691875,2026-06-01 00:10:00,10,2,3.0,1.4129525502048321,0.41374512977981004,2.3408393771105267,0.0,0.6666666666666666,True,prompt sent
ee90875e-3f17-4d14-ba5b-0d1f9a691875,2026-06-01 00:11:00,11,2,1.0,1.4129525502048321,0.41374512977981004,2.3408393771105267,4.0,1.6666666666666667,True,cooldown active
ee90875e-3f17-4d14-ba5b-0d1f9a691875,2026-06-01 00:12:00,12,2,1.0,1.4129525502048321,0.41374512977981004,2.3408393771105267,0.0,1.3333333333333333,True,cooldown active
ee90875e-3f17-4d14-ba5b-0d1f9a691875,2026-06-01 00:13:00,13,2,,1.4129525502048321,0.41374512977981004,2.3408393771105267,,2.0,True,cooldown active
ee90875e-3f17-4d14-ba5b-0d1f9a691875,2026-06-01 00:14:00,14,2,1.0,1.4129525502048321,0.41374512977981004,2.3408393771105267,,0.0,True,cooldown active
ee90875e-3f17-4d14-ba5b-0d1f9a691875,2026-06-01 00:15:00,15,3,2.0,1.4129525502048321,0.41374512977981004,2.3408393771105267,1.0,1.0,True,below threshold
ee90875e-3f17-4d14-ba5b-0d1f9a691875,2026-06-01 00:16:00,16,3,5.0,1.4129525502048321,0.41374512977981004,2.3408393771105267,9.0,5.0,True,missing or insufficient EMA data
ee90875e-3f17-4d14-ba5b-0d1f9a691875,2026-06-01 00:17:00,17,3,,1.4129525502048321,0.41374512977981004,2.3408393771105267,,5.0,True,missing or insufficient EMA data
ee90875e-3f17-4d14-ba5b-0d1f9a691875,2026-06-01 00:18:00,18,3,,1.4129525502048321,0.41374512977981004,2.3408393771105267,,9.0,True,missing or insufficient EMA data
ee90875e-3f17-4d14-ba5b-0d1f9a691875,2026-06-01 00:19:00,19,3,,1.4129525502048321,0.41374512977981004,2.3408393771105267,,,True,below threshold
ee90875e-3f17-4d14-ba5b-0d1f9a691875,2026-06-01 00:20:00,20,4,4.0,1.4129525502048321,0.41374512977981004,2.3408393771105267,,,True,below threshold
ee90875e-3f17-4d14-ba5b-0d1f9a691875,2026-06-01 00:21:00,21,4,1.0,1.4129525502048321,0.41374512977981004,2.3408393771105267,9.0,9.0,True,prompt sent
ee90875e-3f17-4d14-ba5b-0d1f9a691875,2026-06-01 00:22:00,22,4,2.0,1.4129525502048321,0.41374512977981004,2.3408393771105267,1.0,5.0,True,cooldown active
ee90875e-3f17-4d14-ba5b-0d1f9a691875,2026-06-01 00:23:00,23,4,4.0,1.4129525502048321,0.41374512977981004,2.3408393771105267,4.0,4.666666666666667,True,cooldown active
ee90875e-3f17-4d14-ba5b-0d1f9a691875,2026-06-01 00:24:00,24,4,1.0,1.4129525502048321,0.41374512977981004,2.3408393771105267,9.0,4.666666666666667,True,below threshold
ee90875e-3f17-4d14-ba5b-0d1f9a691875,2026-06-01 00:25:00,25,5,1.0,1.4129525502048321,0.41374512977981004,2.3408393771105267,0.0,4.333333333333333,True,below threshold
ee90875e-3f17-4d14-ba5b-0d1f9a691875,2026-06-01 00:26:00,26,5,1.0,1.4129525502048321,0.41374512977981004,2.3408393771105267,0.0,3.0,True,below threshold
ee90875e-3f17-4d14-ba5b-0d1f9a691875,2026-06-01 00:27:00,27,5,1.0,1.4129525502048321,0.41374512977981004,2.3408393771105267,0.0,0.0,True,below threshold
ee90875e-3f17-4d14-ba5b-0d1f9a691875,2026-06-01 00:28:00,28,5,3.0,1.4129525502048321,0.41374512977981004,2.3408393771105267,4.0,1.3333333333333333,True,below threshold
ee90875e-3f17-4d14-ba5b-0d1f9a691875,2026-06-01 00:29:00,29,5,3.0,1.4129525502048321,0.41374512977981004,2.3408393771105267,0.0,1.3333333333333333,True,below threshold
ee90875e-3f17-4d14-ba5b-0d1f9a691875,2026-06-01 00:30:00,30,6,1.0,1.4129525502048321,0.41374512977981004,2.3408393771105267,4.0,2.6666666666666665,False,below threshold
ee90875e-3f17-4d14-ba5b-0d1f9a691875,2026-06-01 00:31:00,31,6,2.0,1.4129525502048321,0.41374512977981004,2.3408393771105267,1.0,1.6666666666666667,True,below threshold
ee90875e-3f17-4d14-ba5b-0d1f9a691875,2026-06-01 00:32:00,32,6,1.0,1.4129525502048321,0.41374512977981004,2.3408393771105267,1.0,2.0,True,below threshold
ee90875e-3f17-4d14-ba5b-0d1f9a691875,2026-06-01 00:33:00,33,6,3.0,1.4129525502048321,0.41374512977981004,2.3408393771105267,4.0,2.0,True,below threshold
ee90875e-3f17-4d14-ba5b-0d1f9a691875,2026-06-01 00:34:00,34,6,2.0,1.4129525502048321,0.41374512977981004,2.3408393771105267,1.0,2.0,True,below threshold
f1320ec0-8f65-425c-ac5d-14b805b10932,2026-06-01 00:00:00,0,0,,1.402991878719974,0.3099474340795269,2.7165799122869334,,,False,missing or insufficient EMA data
f1320ec0-8f65-425c-ac5d-14b805b10932,2026-06-01 00:01:00,1,0,,1.402991878719974,0.3099474340795269,2.7165799122869334,,,True,below threshold
f1320ec0-8f65-425c-ac5d-14b805b10932,2026-06-01 00:02:00,2,0,4.0,1.402991878719974,0.3099474340795269,2.7165799122869334,,,True,below threshold
f1320ec0-8f65-425c-ac5d-14b805b10932,2026-06-01 00:03:00,3,0,5.0,1.402991878719974,0.3099474340795269,2.7165799122869334,1.0,1.0,True,below threshold
f1320ec0-8f65-425c-ac5d-14b805b10932,2026-06-01 00:04:00,4,0,4.0,1.402991878719974,0.3099474340795269,2.7165799122869334,1.0,1.0,True,below threshold
f1320ec0-8f65-425c-ac5d-14b805b10932,2026-06-01 00:05:00,5,1,4.0,1.402991878719974,0.3099474340795269,2.7165799122869334,0.0,0.6666666666666666,True,below threshold
f1320ec0-8f65-425c-ac5d-14b805b10932,2026-06-01 00:06:00,6,1,1.0,1.402991878719974,0.3099474340795269,2.7165799122869334,9.0,3.3333333333333335,True,below threshold
f1320ec0-8f65-425c-ac5d-14b805b10932,2026-06-01 00:07:00,7,1,4.0,1.402991878719974,0.3099474340795269,2.7165799122869334,9.0,6.0,True,below threshold
f1320ec0-8f65-425c-ac5d-14b805b10932,2026-06-01 00:08:00,8,1,4.0,1.402991878719974,0.3099474340795269,2.7165799122869334,0.0,6.0,True,below threshold
f1320ec0-8f65-425c-ac5d-14b805b10932,2026-06-01 00:09:00,9,1,4.0,1.402991878719974,0.3099474340795269,2.7165799122869334,0.0,3.0,True,below threshold
f1320ec0-8f65-425c-ac5d-14b805b10932,2026-06-01 00:10:00,10,2,4.0,1.402991878719974,0.3099474340795269,2.7165799122869334,0.0,0.0,True,prompt sent
f1320ec0-8f65-425c-ac5d-14b805b10932,2026-06-01 00:11:00,11,2,2.0,1.402991878719974,0.3099474340795269,2.7165799122869334,4.0,1.3333333333333333,True,cooldown active
f1320ec0-8f65-425c-ac5d-14b805b10932,2026-06-01 00:12:00,12,2,1.0,1.402991878719974,0.3099474340795269,2.7165799122869334,1.0,1.6666666666666667,True,cooldown active
f1320ec0-8f65-425c-ac5d-14b805b10932,2026-06-01 00:13:00,13,2,1.0,1.402991878719974,0.3099474340795269,2.7165799122869334,0.0,1.6666666666666667,True,cooldown active
f1320ec0-8f65-425c-ac5d-14b805b10932,2026-06-01 00:14:00,14,2,3.0,1.402991878719974,0.3099474340795269,2.7165799122869334,4.0,1.6666666666666667,True,cooldown active
f1320ec0-8f65-425c-ac5d-14b805b10932,2026-06-01 00:15:00,15,3,4.0,1.402991878719974,0.3099474340795269,2.7165799122869334,1.0,1.6666666666666667,True,below threshold
f1320ec0-8f65-425c-ac5d-14b805b10932,2026-06-01 00:16:00,16,3,2.0,1.402991878719974,0.3099474340795269,2.7165799122869334,4.0,3.0,True,missing or insufficient EMA data
f1320ec0-8f65-425c-ac5d-14b805b10932,2026-06-01 00:17:00,17,3,1.0,1.402991878719974,0.3099474340795269,2.7165799122869334,1.0,2.0,True,missing or insufficient EMA data
f1320ec0-8f65-425c-ac5d-14b805b10932,2026-06-01 00:18:00,18,3,2.0,1.402991878719974,0.3099474340795269,2.7165799122869334,1.0,2.0,True,missing or insufficient EMA data
f1320ec0-8f65-425c-ac5d-14b805b10932,2026-06-01 00:19:00,19,3,2.0,1.402991878719974,0.3099474340795269,2.7165799122869334,0.0,0.6666666666666666,True,below threshold
f1320ec0-8f65-425c-ac5d-14b805b10932,2026-06-01 00:20:00,20,4,,1.402991878719974,0.3099474340795269,2.7165799122869334,,0.5,True,below threshold
f1320ec0-8f65-425c-ac5d-14b805b10932,2026-06-01 00:21:00,21,4,,1.402991878719974,0.3099474340795269,2.7165799122869334,,0.0,True,prompt sent
f1320ec0-8f65-425c-ac5d-14b805b10932,2026-06-01 00:22:00,22,4,1.0,1.402991878719974,0.3099474340795269,2.7165799122869334,,,True,cooldown active
f1320ec0-8f65-425c-ac5d-14b805b10932,2026-06-01 00:23:00,23,4,3.0,1.402991878719974,0.3099474340795269,2.7165799122869334,4.0,4.0,True,cooldown active
f1320ec0-8f65-425c-ac5d-14b805b10932,2026-06-01 00:24:00,24,4,1.0,1.402991878719974,0.3099474340795269,2.7165799122869334,4.0,4.0,True,below threshold
f1320ec0-8f65-425c-ac5d-14b805b10932,2026-06-01 00:25:00,25,5,2.0,1.402991878719974,0.3099474340795269,2.7165799122869334,1.0,3.0,True,below threshold
f1320ec0-8f65-425c-ac5d-14b805b10932,2026-06-01 00:26:00,26,5,,1.402991878719974,0.3099474340795269,2.7165799122869334,,2.5,True,below threshold
f1320ec0-8f65-425c-ac5d-14b805b10932,2026-06-01 00:27:00,27,5,2.0,1.402991878719974,0.3099474340795269,2.7165799122869334,,1.0,True,below threshold
f1320ec0-8f65-425c-ac5d-14b805b10932,2026-06-01 00:28:00,28,5,,1.402991878719974,0.3099474340795269,2.7165799122869334,,,True,below threshold
f1320ec0-8f65-425c-ac5d-14b805b10932,2026-06-01 00:29:00,29,5,,1.402991878719974,0.3099474340795269,2.7165799122869334,,,True,below threshold
f1320ec0-8f65-425c-ac5d-14b805b10932,2026-06-01 00:30:00,30,6,3.0,1.402991878719974,0.3099474340795269,2.7165799122869334,,,False,below threshold
f1320ec0-8f65-425c-ac5d-14b805b10932,2026-06-01 00:31:00,31,6,2.0,1.402991878719974,0.3099474340795269,2.7165799122869334,1.0,1.0,True,below threshold
f1320ec0-8f65-425c-ac5d-14b805b10932,2026-06-01 00:32:00,32,6,4.0,1.402991878719974,0.3099474340795269,2.7165799122869334,4.0,2.5,True,below threshold
f1320ec0-8f65-425c-ac5d-14b805b10932,2026-06-01 00:33:00,33,6,3.0,1.402991878719974,0.3099474340795269,2.7165799122869334,1.0,2.0,True,below threshold
f1320ec0-8f65-425c-ac5d-14b805b10932,2026-06-01 00:34:00,34,6,5.0,1.402991878719974,0.3099474340795269,2.7165799122869334,4.0,3.0,True,below threshold
f67170b4-01bd-417c-9067-4aa53c1ce1e9,2026-06-01 00:00:00,0,0,,0.6246419290922108,0.3549344124404379,0.5033802076434837,,,False,missing or insufficient EMA data
f67170b4-01bd-417c-9067-4aa53c1ce1e9,2026-06-01 00:01:00,1,0,,0.6246419290922108,0.3549344124404379,0.5033802076434837,,,True,below threshold
f67170b4-01bd-417c-9067-4aa53c1ce1e9,2026-06-01 00:02:00,2,0,,0.6246419290922108,0.3549344124404379,0.5033802076434837,,,True,below threshold
f67170b4-01bd-417c-9067-4aa53c1ce1e9,2026-06-01 00:03:00,3,0,,0.6246419290922108,0.3549344124404379,0.5033802076434837,,,True,below threshold
f67170b4-01bd-417c-9067-4aa53c1ce1e9,2026-06-01 00:04:00,4,0,3.0,0.6246419290922108,0.3549344124404379,0.5033802076434837,,,True,below threshold
f67170b4-01bd-417c-9067-4aa53c1ce1e9,2026-06-01 00:05:00,5,1,3.0,0.6246419290922108,0.3549344124404379,0.5033802076434837,0.0,0.0,True,below threshold
f67170b4-01bd-417c-9067-4aa53c1ce1e9,2026-06-01 00:06:00,6,1,,0.6246419290922108,0.3549344124404379,0.5033802076434837,,0.0,True,below threshold
f67170b4-01bd-417c-9067-4aa53c1ce1e9,2026-06-01 00:07:00,7,1,3.0,0.6246419290922108,0.3549344124404379,0.5033802076434837,,0.0,True,below threshold
f67170b4-01bd-417c-9067-4aa53c1ce1e9,2026-06-01 00:08:00,8,1,3.0,0.6246419290922108,0.3549344124404379,0.5033802076434837,0.0,0.0,True,below threshold
f67170b4-01bd-417c-9067-4aa53c1ce1e9,2026-06-01 00:09:00,9,1,3.0,0.6246419290922108,0.3549344124404379,0.5033802076434837,0.0,0.0,True,below threshold
f67170b4-01bd-417c-9067-4aa53c1ce1e9,2026-06-01 00:10:00,10,2,4.0,0.6246419290922108,0.3549344124404379,0.5033802076434837,1.0,0.3333333333333333,True,prompt sent
f67170b4-01bd-417c-9067-4aa53c1ce1e9,2026-06-01 00:11:00,11,2,4.0,0.6246419290922108,0.3549344124404379,0.5033802076434837,0.0,0.3333333333333333,True,cooldown active
f67170b4-01bd-417c-9067-4aa53c1ce1e9,2026-06-01 00:12:00,12,2,4.0,0.6246419290922108,0.3549344124404379,0.5033802076434837,0.0,0.3333333333333333,True,cooldown active
f67170b4-01bd-417c-9067-4aa53c1ce1e9,2026-06-01 00:13:00,13,2,,0.6246419290922108,0.3549344124404379,0.5033802076434837,,0.0,True,cooldown active
f67170b4-01bd-417c-9067-4aa53c1ce1e9,2026-06-01 00:14:00,14,2,4.0,0.6246419290922108,0.3549344124404379,0.5033802076434837,,0.0,True,cooldown active
f67170b4-01bd-417c-9067-4aa53c1ce1e9,2026-06-01 00:15:00,15,3,,0.6246419290922108,0.3549344124404379,0.5033802076434837,,,True,below threshold
f67170b4-01bd-417c-9067-4aa53c1ce1e9,2026-06-01 00:16:00,16,3,,0.6246419290922108,0.3549344124404379,0.5033802076434837,,,True,missing or insufficient EMA data
f67170b4-01bd-417c-9067-4aa53c1ce1e9,2026-06-01 00:17:00,17,3,,0.6246419290922108,0.3549344124404379,0.5033802076434837,,,True,missing or insufficient EMA data
f67170b4-01bd-417c-9067-4aa53c1ce1e9,2026-06-01 00:18:00,18,3,3.0,0.6246419290922108,0.3549344124404379,0.5033802076434837,,,True,missing or insufficient EMA data
f67170b4-01bd-417c-9067-4aa53c1ce1e9,2026-06-01 00:19:00,19,3,4.0,0.6246419290922108,0.3549344124404379,0.5033802076434837,1.0,1.0,True,below threshold
f67170b4-01bd-417c-9067-4aa53c1ce1e9,2026-06-01 00:20:00,20,4,,0.6246419290922108,0.3549344124404379,0.5033802076434837,,1.0,True,below threshold
f67170b4-01bd-417c-9067-4aa53c1ce1e9,2026-06-01 00:21:00,21,4,,0.6246419290922108,0.3549344124404379,0.5033802076434837,,1.0,True,prompt sent
f67170b4-01bd-417c-9067-4aa53c1ce1e9,2026-06-01 00:22:00,22,4,,0.6246419290922108,0.3549344124404379,0.5033802076434837,,,True,cooldown active
f67170b4-01bd-417c-9067-4aa53c1ce1e9,2026-06-01 00:23:00,23,4,,0.6246419290922108,0.3549344124404379,0.5033802076434837,,,True,cooldown active
f67170b4-01bd-417c-9067-4aa53c1ce1e9,2026-06-01 00:24:00,24,4,,0.6246419290922108,0.3549344124404379,0.5033802076434837,,,True,below threshold
f67170b4-01bd-417c-9067-4aa53c1ce1e9,2026-06-01 00:25:00,25,5,,0.6246419290922108,0.3549344124404379,0.5033802076434837,,,True,below threshold
f67170b4-01bd-417c-9067-4aa53c1ce1e9,2026-06-01 00:26:00,26,5,3.0,0.6246419290922108,0.3549344124404379,0.5033802076434837,,,True,below threshold
f67170b4-01bd-417c-9067-4aa53c1ce1e9,2026-06-01 00:27:00,27,5,3.0,0.6246419290922108,0.3549344124404379,0.5033802076434837,0.0,0.0,True,below threshold
f67170b4-01bd-417c-9067-4aa53c1ce1e9,2026-06-01 00:28:00,28,5,4.0,0.6246419290922108,0.3549344124404379,0.5033802076434837,1.0,0.5,True,below threshold
f67170b4-01bd-417c-9067-4aa53c1ce1e9,2026-06-01 00:29:00,29,5,4.0,0.6246419290922108,0.3549344124404379,0.5033802076434837,0.0,0.3333333333333333,True,below threshold
f67170b4-01bd-417c-9067-4aa53c1ce1e9,2026-06-01 00:30:00,30,6,3.0,0.6246419290922108,0.3549344124404379,0.5033802076434837,1.0,0.6666666666666666,False,below threshold
f67170b4-01bd-417c-9067-4aa53c1ce1e9,2026-06-01 00:31:00,31,6,2.0,0.6246419290922108,0.3549344124404379,0.5033802076434837,1.0,0.6666666666666666,True,below threshold
f67170b4-01bd-417c-9067-4aa53c1ce1e9,2026-06-01 00:32:00,32,6,3.0,0.6246419290922108,0.3549344124404379,0.5033802076434837,1.0,1.0,True,below threshold
f67170b4-01bd-417c-9067-4aa53c1ce1e9,2026-06-01 00:33:00,33,6,3.0,0.6246419290922108,0.3549344124404379,0.5033802076434837,0.0,0.6666666666666666,True,below threshold
f67170b4-01bd-417c-9067-4aa53c1ce1e9,2026-06-01 00:34:00,34,6,4.0,0.6246419290922108,0.3549344124404379,0.5033802076434837,1.0,0.6666666666666666,True,below threshold
f7644e16-c0d2-419a-8325-decc26dbaf3f,2026-06-01 00:00:00,0,0,3.0,1.4889717186613465,0.7499683225401303,1.1086588496738528,,,False,missing or insufficient EMA data
f7644e16-c0d2-419a-8325-decc26dbaf3f,2026-06-01 00:01:00,1,0,3.0,1.4889717186613465,0.7499683225401303,1.1086588496738528,0.0,0.0,True,below threshold
f7644e16-c0d2-419a-8325-decc26dbaf3f,2026-06-01 00:02:00,2,0,2.0,1.4889717186613465,0.7499683225401303,1.1086588496738528,1.0,0.5,True,below threshold
f7644e16-c0d2-419a-8325-decc26dbaf3f,2026-06-01 00:03:00,3,0,3.0,1.4889717186613465,0.7499683225401303,1.1086588496738528,1.0,0.6666666666666666,True,below threshold
f7644e16-c0d2-419a-8325-decc26dbaf3f,2026-06-01 00:04:00,4,0,3.0,1.4889717186613465,0.7499683225401303,1.1086588496738528,0.0,0.6666666666666666,True,below threshold
f7644e16-c0d2-419a-8325-decc26dbaf3f,2026-06-01 00:05:00,5,1,4.0,1.4889717186613465,0.7499683225401303,1.1086588496738528,1.0,0.6666666666666666,True,below threshold
f7644e16-c0d2-419a-8325-decc26dbaf3f,2026-06-01 00:06:00,6,1,4.0,1.4889717186613465,0.7499683225401303,1.1086588496738528,0.0,0.3333333333333333,True,below threshold
f7644e16-c0d2-419a-8325-decc26dbaf3f,2026-06-01 00:07:00,7,1,5.0,1.4889717186613465,0.7499683225401303,1.1086588496738528,1.0,0.6666666666666666,True,below threshold
f7644e16-c0d2-419a-8325-decc26dbaf3f,2026-06-01 00:08:00,8,1,5.0,1.4889717186613465,0.7499683225401303,1.1086588496738528,0.0,0.3333333333333333,True,below threshold
f7644e16-c0d2-419a-8325-decc26dbaf3f,2026-06-01 00:09:00,9,1,5.0,1.4889717186613465,0.7499683225401303,1.1086588496738528,0.0,0.3333333333333333,True,below threshold
f7644e16-c0d2-419a-8325-decc26dbaf3f,2026-06-01 00:10:00,10,2,5.0,1.4889717186613465,0.7499683225401303,1.1086588496738528,0.0,0.0,True,prompt sent
f7644e16-c0d2-419a-8325-decc26dbaf3f,2026-06-01 00:11:00,11,2,4.0,1.4889717186613465,0.7499683225401303,1.1086588496738528,1.0,0.3333333333333333,True,cooldown active
f7644e16-c0d2-419a-8325-decc26dbaf3f,2026-06-01 00:12:00,12,2,2.0,1.4889717186613465,0.7499683225401303,1.1086588496738528,4.0,1.6666666666666667,True,cooldown active
f7644e16-c0d2-419a-8325-decc26dbaf3f,2026-06-01 00:13:00,13,2,4.0,1.4889717186613465,0.7499683225401303,1.1086588496738528,4.0,3.0,True,cooldown active
f7644e16-c0d2-419a-8325-decc26dbaf3f,2026-06-01 00:14:00,14,2,4.0,1.4889717186613465,0.7499683225401303,1.1086588496738528,0.0,2.6666666666666665,True,cooldown active
f7644e16-c0d2-419a-8325-decc26dbaf3f,2026-06-01 00:15:00,15,3,2.0,1.4889717186613465,0.7499683225401303,1.1086588496738528,4.0,2.6666666666666665,True,below threshold
f7644e16-c0d2-419a-8325-decc26dbaf3f,2026-06-01 00:16:00,16,3,2.0,1.4889717186613465,0.7499683225401303,1.1086588496738528,0.0,1.3333333333333333,True,missing or insufficient EMA data
f7644e16-c0d2-419a-8325-decc26dbaf3f,2026-06-01 00:17:00,17,3,3.0,1.4889717186613465,0.7499683225401303,1.1086588496738528,1.0,1.6666666666666667,True,missing or insufficient EMA data
f7644e16-c0d2-419a-8325-decc26dbaf3f,2026-06-01 00:18:00,18,3,3.0,1.4889717186613465,0.7499683225401303,1.1086588496738528,0.0,0.3333333333333333,True,missing or insufficient EMA data
f7644e16-c0d2-419a-8325-decc26dbaf3f,2026-06-01 00:19:00,19,3,3.0,1.4889717186613465,0.7499683225401303,1.1086588496738528,0.0,0.3333333333333333,True,below threshold
f7644e16-c0d2-419a-8325-decc26dbaf3f,2026-06-01 00:20:00,20,4,4.0,1.4889717186613465,0.7499683225401303,1.1086588496738528,1.0,0.3333333333333333,True,below threshold
f7644e16-c0d2-419a-8325-decc26dbaf3f,2026-06-01 00:21:00,21,4,3.0,1.4889717186613465,0.7499683225401303,1.1086588496738528,1.0,0.6666666666666666,True,prompt sent
f7644e16-c0d2-419a-8325-decc26dbaf3f,2026-06-01 00:22:00,22,4,2.0,1.4889717186613465,0.7499683225401303,1.1086588496738528,1.0,1.0,True,cooldown active
f7644e16-c0d2-419a-8325-decc26dbaf3f,2026-06-01 00:23:00,23,4,3.0,1.4889717186613465,0.7499683225401303,1.1086588496738528,1.0,1.0,True,cooldown active
f7644e16-c0d2-419a-8325-decc26dbaf3f,2026-06-01 00:24:00,24,4,,1.4889717186613465,0.7499683225401303,1.1086588496738528,,1.0,True,below threshold
f7644e16-c0d2-419a-8325-decc26dbaf3f,2026-06-01 00:25:00,25,5,,1.4889717186613465,0.7499683225401303,1.1086588496738528,,1.0,True,below threshold
f7644e16-c0d2-419a-8325-decc26dbaf3f,2026-06-01 00:26:00,26,5,,1.4889717186613465,0.7499683225401303,1.1086588496738528,,,True,below threshold
f7644e16-c0d2-419a-8325-decc26dbaf3f,2026-06-01 00:27:00,27,5,5.0,1.4889717186613465,0.7499683225401303,1.1086588496738528,,,True,below threshold
f7644e16-c0d2-419a-8325-decc26dbaf3f,2026-06-01 00:28:00,28,5,5.0,1.4889717186613465,0.7499683225401303,1.1086588496738528,0.0,0.0,True,below threshold
f7644e16-c0d2-419a-8325-decc26dbaf3f,2026-06-01 00:29:00,29,5,4.0,1.4889717186613465,0.7499683225401303,1.1086588496738528,1.0,0.5,True,below threshold
f7644e16-c0d2-419a-8325-decc26dbaf3f,2026-06-01 00:30:00,30,6,4.0,1.4889717186613465,0.7499683225401303,1.1086588496738528,0.0,0.3333333333333333,False,below threshold
f7644e16-c0d2-419a-8325-decc26dbaf3f,2026-06-01 00:31:00,31,6,4.0,1.4889717186613465,0.7499683225401303,1.1086588496738528,0.0,0.3333333333333333,True,below threshold
f7644e16-c0d2-419a-8325-decc26dbaf3f,2026-06-01 00:32:00,32,6,4.0,1.4889717186613465,0.7499683225401303,1.1086588496738528,0.0,0.0,True,below threshold
f7644e16-c0d2-419a-8325-decc26dbaf3f,2026-06-01 00:33:00,33,6,5.0,1.4889717186613465,0.7499683225401303,1.1086588496738528,1.0,0.3333333333333333,True,below threshold
f7644e16-c0d2-419a-8325-decc26dbaf3f,2026-06-01 00:34:00,34,6,5.0,1.4889717186613465,0.7499683225401303,1.1086588496738528,0.0,0.3333333333333333,True,below threshold
f99fe49d-a082-41d7-afd4-ed5252eba865,2026-06-01 00:00:00,0,0,2.0,0.8042669748389257,0.23167295968494592,0.9939775724553418,,,False,missing or insufficient EMA data
f99fe49d-a082-41d7-afd4-ed5252eba865,2026-06-01 00:01:00,1,0,4.0,0.8042669748389257,0.23167295968494592,0.9939775724553418,4.0,4.0,True,below threshold
f99fe49d-a082-41d7-afd4-ed5252eba865,2026-06-01 00:02:00,2,0,3.0,0.8042669748389257,0.23167295968494592,0.9939775724553418,1.0,2.5,True,below threshold
f99fe49d-a082-41d7-afd4-ed5252eba865,2026-06-01 00:03:00,3,0,,0.8042669748389257,0.23167295968494592,0.9939775724553418,,2.5,True,below threshold
f99fe49d-a082-41d7-afd4-ed5252eba865,2026-06-01 00:04:00,4,0,3.0,0.8042669748389257,0.23167295968494592,0.9939775724553418,,1.0,True,below threshold
f99fe49d-a082-41d7-afd4-ed5252eba865,2026-06-01 00:05:00,5,1,3.0,0.8042669748389257,0.23167295968494592,0.9939775724553418,0.0,0.0,True,below threshold
f99fe49d-a082-41d7-afd4-ed5252eba865,2026-06-01 00:06:00,6,1,,0.8042669748389257,0.23167295968494592,0.9939775724553418,,0.0,True,below threshold
f99fe49d-a082-41d7-afd4-ed5252eba865,2026-06-01 00:07:00,7,1,3.0,0.8042669748389257,0.23167295968494592,0.9939775724553418,,0.0,True,below threshold
f99fe49d-a082-41d7-afd4-ed5252eba865,2026-06-01 00:08:00,8,1,4.0,0.8042669748389257,0.23167295968494592,0.9939775724553418,1.0,1.0,True,below threshold
f99fe49d-a082-41d7-afd4-ed5252eba865,2026-06-01 00:09:00,9,1,3.0,0.8042669748389257,0.23167295968494592,0.9939775724553418,1.0,1.0,True,below threshold
f99fe49d-a082-41d7-afd4-ed5252eba865,2026-06-01 00:10:00,10,2,2.0,0.8042669748389257,0.23167295968494592,0.9939775724553418,1.0,1.0,True,prompt sent
f99fe49d-a082-41d7-afd4-ed5252eba865,2026-06-01 00:11:00,11,2,4.0,0.8042669748389257,0.23167295968494592,0.9939775724553418,4.0,2.0,True,cooldown active
f99fe49d-a082-41d7-afd4-ed5252eba865,2026-06-01 00:12:00,12,2,4.0,0.8042669748389257,0.23167295968494592,0.9939775724553418,0.0,1.6666666666666667,True,cooldown active
f99fe49d-a082-41d7-afd4-ed5252eba865,2026-06-01 00:13:00,13,2,3.0,0.8042669748389257,0.23167295968494592,0.9939775724553418,1.0,1.6666666666666667,True,cooldown active
f99fe49d-a082-41d7-afd4-ed5252eba865,2026-06-01 00:14:00,14,2,2.0,0.8042669748389257,0.23167295968494592,0.9939775724553418,1.0,0.6666666666666666,True,cooldown active
f99fe49d-a082-41d7-afd4-ed5252eba865,2026-06-01 00:15:00,15,3,2.0,0.8042669748389257,0.23167295968494592,0.9939775724553418,0.0,0.6666666666666666,True,below threshold
f99fe49d-a082-41d7-afd4-ed5252eba865,2026-06-01 00:16:00,16,3,3.0,0.8042669748389257,0.23167295968494592,0.9939775724553418,1.0,0.6666666666666666,True,missing or insufficient EMA data
f99fe49d-a082-41d7-afd4-ed5252eba865,2026-06-01 00:17:00,17,3,4.0,0.8042669748389257,0.23167295968494592,0.9939775724553418,1.0,0.6666666666666666,True,missing or insufficient EMA data
f99fe49d-a082-41d7-afd4-ed5252eba865,2026-06-01 00:18:00,18,3,3.0,0.8042669748389257,0.23167295968494592,0.9939775724553418,1.0,1.0,True,missing or insufficient EMA data
f99fe49d-a082-41d7-afd4-ed5252eba865,2026-06-01 00:19:00,19,3,3.0,0.8042669748389257,0.23167295968494592,0.9939775724553418,0.0,0.6666666666666666,True,below threshold
f99fe49d-a082-41d7-afd4-ed5252eba865,2026-06-01 00:20:00,20,4,4.0,0.8042669748389257,0.23167295968494592,0.9939775724553418,1.0,0.6666666666666666,True,below threshold
f99fe49d-a082-41d7-afd4-ed5252eba865,2026-06-01 00:21:00,21,4,2.0,0.8042669748389257,0.23167295968494592,0.9939775724553418,4.0,1.6666666666666667,True,prompt sent
f99fe49d-a082-41d7-afd4-ed5252eba865,2026-06-01 00:22:00,22,4,,0.8042669748389257,0.23167295968494592,0.9939775724553418,,2.5,True,cooldown active
f99fe49d-a082-41d7-afd4-ed5252eba865,2026-06-01 00:23:00,23,4,2.0,0.8042669748389257,0.23167295968494592,0.9939775724553418,,4.0,True,cooldown active
f99fe49d-a082-41d7-afd4-ed5252eba865,2026-06-01 00:24:00,24,4,,0.8042669748389257,0.23167295968494592,0.9939775724553418,,,True,below threshold
f99fe49d-a082-41d7-afd4-ed5252eba865,2026-06-01 00:25:00,25,5,,0.8042669748389257,0.23167295968494592,0.9939775724553418,,,True,below threshold
f99fe49d-a082-41d7-afd4-ed5252eba865,2026-06-01 00:26:00,26,5,4.0,0.8042669748389257,0.23167295968494592,0.9939775724553418,,,True,below threshold
f99fe49d-a082-41d7-afd4-ed5252eba865,2026-06-01 00:27:00,27,5,4.0,0.8042669748389257,0.23167295968494592,0.9939775724553418,0.0,0.0,True,below threshold
f99fe49d-a082-41d7-afd4-ed5252eba865,2026-06-01 00:28:00,28,5,,0.8042669748389257,0.23167295968494592,0.9939775724553418,,0.0,True,below threshold
f99fe49d-a082-41d7-afd4-ed5252eba865,2026-06-01 00:29:00,29,5,,0.8042669748389257,0.23167295968494592,0.9939775724553418,,0.0,True,below threshold
f99fe49d-a082-41d7-afd4-ed5252eba865,2026-06-01 00:30:00,30,6,,0.8042669748389257,0.23167295968494592,0.9939775724553418,,,False,below threshold
f99fe49d-a082-41d7-afd4-ed5252eba865,2026-06-01 00:31:00,31,6,3.0,0.8042669748389257,0.23167295968494592,0.9939775724553418,,,True,below threshold
f99fe49d-a082-41d7-afd4-ed5252eba865,2026-06-01 00:32:00,32,6,,0.8042669748389257,0.23167295968494592,0.9939775724553418,,,True,below threshold
f99fe49d-a082-41d7-afd4-ed5252eba865,2026-06-01 00:33:00,33,6,4.0,0.8042669748389257,0.23167295968494592,0.9939775724553418,,,True,below threshold
f99fe49d-a082-41d7-afd4-ed5252eba865,2026-06-01 00:34:00,34,6,4.0,0.8042669748389257,0.23167295968494592,0.9939775724553418,0.0,0.0,True,below threshold
fc7ffe85-722c-4f06-98cc-7177bf08b797,2026-06-01 00:00:00,0,0,4.0,0.6437726176727758,0.534604595309091,0.3857599059942466,,,False,missing or insufficient EMA data
fc7ffe85-722c-4f06-98cc-7177bf08b797,2026-06-01 00:01:00,1,0,4.0,0.6437726176727758,0.534604595309091,0.3857599059942466,0.0,0.0,True,below threshold
fc7ffe85-722c-4f06-98cc-7177bf08b797,2026-06-01 00:02:00,2,0,3.0,0.6437726176727758,0.534604595309091,0.3857599059942466,1.0,0.5,True,below threshold
fc7ffe85-722c-4f06-98cc-7177bf08b797,2026-06-01 00:03:00,3,0,3.0,0.6437726176727758,0.534604595309091,0.3857599059942466,0.0,0.3333333333333333,True,below threshold
fc7ffe85-722c-4f06-98cc-7177bf08b797,2026-06-01 00:04:00,4,0,2.0,0.6437726176727758,0.534604595309091,0.3857599059942466,1.0,0.6666666666666666,True,below threshold
fc7ffe85-722c-4f06-98cc-7177bf08b797,2026-06-01 00:05:00,5,1,3.0,0.6437726176727758,0.534604595309091,0.3857599059942466,1.0,0.6666666666666666,True,below threshold
fc7ffe85-722c-4f06-98cc-7177bf08b797,2026-06-01 00:06:00,6,1,,0.6437726176727758,0.534604595309091,0.3857599059942466,,1.0,True,below threshold
fc7ffe85-722c-4f06-98cc-7177bf08b797,2026-06-01 00:07:00,7,1,,0.6437726176727758,0.534604595309091,0.3857599059942466,,1.0,True,below threshold
fc7ffe85-722c-4f06-98cc-7177bf08b797,2026-06-01 00:08:00,8,1,3.0,0.6437726176727758,0.534604595309091,0.3857599059942466,,,True,below threshold
fc7ffe85-722c-4f06-98cc-7177bf08b797,2026-06-01 00:09:00,9,1,,0.6437726176727758,0.534604595309091,0.3857599059942466,,,True,below threshold
fc7ffe85-722c-4f06-98cc-7177bf08b797,2026-06-01 00:10:00,10,2,3.0,0.6437726176727758,0.534604595309091,0.3857599059942466,,,True,prompt sent
fc7ffe85-722c-4f06-98cc-7177bf08b797,2026-06-01 00:11:00,11,2,3.0,0.6437726176727758,0.534604595309091,0.3857599059942466,0.0,0.0,True,cooldown active
fc7ffe85-722c-4f06-98cc-7177bf08b797,2026-06-01 00:12:00,12,2,4.0,0.6437726176727758,0.534604595309091,0.3857599059942466,1.0,0.5,True,cooldown active
fc7ffe85-722c-4f06-98cc-7177bf08b797,2026-06-01 00:13:00,13,2,4.0,0.6437726176727758,0.534604595309091,0.3857599059942466,0.0,0.3333333333333333,True,cooldown active
fc7ffe85-722c-4f06-98cc-7177bf08b797,2026-06-01 00:14:00,14,2,4.0,0.6437726176727758,0.534604595309091,0.3857599059942466,0.0,0.3333333333333333,True,cooldown active
fc7ffe85-722c-4f06-98cc-7177bf08b797,2026-06-01 00:15:00,15,3,5.0,0.6437726176727758,0.534604595309091,0.3857599059942466,1.0,0.3333333333333333,True,below threshold
fc7ffe85-722c-4f06-98cc-7177bf08b797,2026-06-01 00:16:00,16,3,5.0,0.6437726176727758,0.534604595309091,0.3857599059942466,0.0,0.3333333333333333,True,missing or insufficient EMA data
fc7ffe85-722c-4f06-98cc-7177bf08b797,2026-06-01 00:17:00,17,3,5.0,0.6437726176727758,0.534604595309091,0.3857599059942466,0.0,0.3333333333333333,True,missing or insufficient EMA data
fc7ffe85-722c-4f06-98cc-7177bf08b797,2026-06-01 00:18:00,18,3,4.0,0.6437726176727758,0.534604595309091,0.3857599059942466,1.0,0.3333333333333333,True,missing or insufficient EMA data
fc7ffe85-722c-4f06-98cc-7177bf08b797,2026-06-01 00:19:00,19,3,4.0,0.6437726176727758,0.534604595309091,0.3857599059942466,0.0,0.3333333333333333,True,below threshold
fc7ffe85-722c-4f06-98cc-7177bf08b797,2026-06-01 00:20:00,20,4,5.0,0.6437726176727758,0.534604595309091,0.3857599059942466,1.0,0.6666666666666666,True,below threshold
fc7ffe85-722c-4f06-98cc-7177bf08b797,2026-06-01 00:21:00,21,4,4.0,0.6437726176727758,0.534604595309091,0.3857599059942466,1.0,0.6666666666666666,True,prompt sent
fc7ffe85-722c-4f06-98cc-7177bf08b797,2026-06-01 00:22:00,22,4,3.0,0.6437726176727758,0.534604595309091,0.3857599059942466,1.0,1.0,True,cooldown active
fc7ffe85-722c-4f06-98cc-7177bf08b797,2026-06-01 00:23:00,23,4,3.0,0.6437726176727758,0.534604595309091,0.3857599059942466,0.0,0.6666666666666666,True,cooldown active
fc7ffe85-722c-4f06-98cc-7177bf08b797,2026-06-01 00:24:00,24,4,3.0,0.6437726176727758,0.534604595309091,0.3857599059942466,0.0,0.3333333333333333,True,below threshold
fc7ffe85-722c-4f06-98cc-7177bf08b797,2026-06-01 00:25:00,25,5,4.0,0.6437726176727758,0.534604595309091,0.3857599059942466,1.0,0.3333333333333333,True,below threshold
fc7ffe85-722c-4f06-98cc-7177bf08b797,2026-06-01 00:26:00,26,5,4.0,0.6437726176727758,0.534604595309091,0.3857599059942466,0.0,0.3333333333333333,True,below threshold
fc7ffe85-722c-4f06-98cc-7177bf08b797,2026-06-01 00:27:00,27,5,,0.6437726176727758,0.534604595309091,0.3857599059942466,,0.5,True,below threshold
fc7ffe85-722c-4f06-98cc-7177bf08b797,2026-06-01 00:28:00,28,5,,0.6437726176727758,0.534604595309091,0.3857599059942466,,0.0,True,below threshold
fc7ffe85-722c-4f06-98cc-7177bf08b797,2026-06-01 00:29:00,29,5,,0.6437726176727758,0.534604595309091,0.3857599059942466,,,True,below threshold
fc7ffe85-722c-4f06-98cc-7177bf08b797,2026-06-01 00:30:00,30,6,,0.6437726176727758,0.534604595309091,0.3857599059942466,,,False,below threshold
fc7ffe85-722c-4f06-98cc-7177bf08b797,2026-06-01 00:31:00,31,6,4.0,0.6437726176727758,0.534604595309091,0.3857599059942466,,,True,below threshold
fc7ffe85-722c-4f06-98cc-7177bf08b797,2026-06-01 00:32:00,32,6,4.0,0.6437726176727758,0.534604595309091,0.3857599059942466,0.0,0.0,True,below threshold
fc7ffe85-722c-4f06-98cc-7177bf08b797,2026-06-01 00:33:00,33,6,3.0,0.6437726176727758,0.534604595309091,0.3857599059942466,1.0,0.5,True,below threshold
fc7ffe85-722c-4f06-98cc-7177bf08b797,2026-06-01 00:34:00,34,6,3.0,0.6437726176727758,0.534604595309091,0.3857599059942466,0.0,0.3333333333333333,True,below threshold
fd1797eb-0ba4-4978-9f6b-5a24c23e1823,2026-06-01 00:00:00,0,0,3.0,0.6244101458391931,0.2124118188094431,0.6141424091887814,,,False,missing or insufficient EMA data
fd1797eb-0ba4-4978-9f6b-5a24c23e1823,2026-06-01 00:01:00,1,0,2.0,0.6244101458391931,0.2124118188094431,0.6141424091887814,1.0,1.0,True,below threshold
fd1797eb-0ba4-4978-9f6b-5a24c23e1823,2026-06-01 00:02:00,2,0,3.0,0.6244101458391931,0.2124118188094431,0.6141424091887814,1.0,1.0,True,below threshold
fd1797eb-0ba4-4978-9f6b-5a24c23e1823,2026-06-01 00:03:00,3,0,4.0,0.6244101458391931,0.2124118188094431,0.6141424091887814,1.0,1.0,True,below threshold
fd1797eb-0ba4-4978-9f6b-5a24c23e1823,2026-06-01 00:04:00,4,0,2.0,0.6244101458391931,0.2124118188094431,0.6141424091887814,4.0,2.0,True,below threshold
fd1797eb-0ba4-4978-9f6b-5a24c23e1823,2026-06-01 00:05:00,5,1,3.0,0.6244101458391931,0.2124118188094431,0.6141424091887814,1.0,2.0,True,below threshold
fd1797eb-0ba4-4978-9f6b-5a24c23e1823,2026-06-01 00:06:00,6,1,2.0,0.6244101458391931,0.2124118188094431,0.6141424091887814,1.0,2.0,True,below threshold
fd1797eb-0ba4-4978-9f6b-5a24c23e1823,2026-06-01 00:07:00,7,1,2.0,0.6244101458391931,0.2124118188094431,0.6141424091887814,0.0,0.6666666666666666,True,below threshold
fd1797eb-0ba4-4978-9f6b-5a24c23e1823,2026-06-01 00:08:00,8,1,3.0,0.6244101458391931,0.2124118188094431,0.6141424091887814,1.0,0.6666666666666666,True,below threshold
fd1797eb-0ba4-4978-9f6b-5a24c23e1823,2026-06-01 00:09:00,9,1,,0.6244101458391931,0.2124118188094431,0.6141424091887814,,0.5,True,below threshold
fd1797eb-0ba4-4978-9f6b-5a24c23e1823,2026-06-01 00:10:00,10,2,,0.6244101458391931,0.2124118188094431,0.6141424091887814,,1.0,True,prompt sent
fd1797eb-0ba4-4978-9f6b-5a24c23e1823,2026-06-01 00:11:00,11,2,,0.6244101458391931,0.2124118188094431,0.6141424091887814,,,True,cooldown active
fd1797eb-0ba4-4978-9f6b-5a24c23e1823,2026-06-01 00:12:00,12,2,,0.6244101458391931,0.2124118188094431,0.6141424091887814,,,True,cooldown active
fd1797eb-0ba4-4978-9f6b-5a24c23e1823,2026-06-01 00:13:00,13,2,,0.6244101458391931,0.2124118188094431,0.6141424091887814,,,True,cooldown active
fd1797eb-0ba4-4978-9f6b-5a24c23e1823,2026-06-01 00:14:00,14,2,,0.6244101458391931,0.2124118188094431,0.6141424091887814,,,True,cooldown active
fd1797eb-0ba4-4978-9f6b-5a24c23e1823,2026-06-01 00:15:00,15,3,4.0,0.6244101458391931,0.2124118188094431,0.6141424091887814,,,True,below threshold
fd1797eb-0ba4-4978-9f6b-5a24c23e1823,2026-06-01 00:16:00,16,3,2.0,0.6244101458391931,0.2124118188094431,0.6141424091887814,4.0,4.0,True,missing or insufficient EMA data
fd1797eb-0ba4-4978-9f6b-5a24c23e1823,2026-06-01 00:17:00,17,3,3.0,0.6244101458391931,0.2124118188094431,0.6141424091887814,1.0,2.5,True,missing or insufficient EMA data
fd1797eb-0ba4-4978-9f6b-5a24c23e1823,2026-06-01 00:18:00,18,3,2.0,0.6244101458391931,0.2124118188094431,0.6141424091887814,1.0,2.0,True,missing or insufficient EMA data
fd1797eb-0ba4-4978-9f6b-5a24c23e1823,2026-06-01 00:19:00,19,3,,0.6244101458391931,0.2124118188094431,0.6141424091887814,,1.0,True,below threshold
fd1797eb-0ba4-4978-9f6b-5a24c23e1823,2026-06-01 00:20:00,20,4,,0.6244101458391931,0.2124118188094431,0.6141424091887814,,1.0,True,below threshold
fd1797eb-0ba4-4978-9f6b-5a24c23e1823,2026-06-01 00:21:00,21,4,3.0,0.6244101458391931,0.2124118188094431,0.6141424091887814,,,True,prompt sent
fd1797eb-0ba4-4978-9f6b-5a24c23e1823,2026-06-01 00:22:00,22,4,4.0,0.6244101458391931,0.2124118188094431,0.6141424091887814,1.0,1.0,True,cooldown active
fd1797eb-0ba4-4978-9f6b-5a24c23e1823,2026-06-01 00:23:00,23,4,,0.6244101458391931,0.2124118188094431,0.6141424091887814,,1.0,True,cooldown active
fd1797eb-0ba4-4978-9f6b-5a24c23e1823,2026-06-01 00:24:00,24,4,,0.6244101458391931,0.2124118188094431,0.6141424091887814,,1.0,True,below threshold
fd1797eb-0ba4-4978-9f6b-5a24c23e1823,2026-06-01 00:25:00,25,5,,0.6244101458391931,0.2124118188094431,0.6141424091887814,,,True,below threshold
fd1797eb-0ba4-4978-9f6b-5a24c23e1823,2026-06-01 00:26:00,26,5,2.0,0.6244101458391931,0.2124118188094431,0.6141424091887814,,,True,below threshold
fd1797eb-0ba4-4978-9f6b-5a24c23e1823,2026-06-01 00:27:00,27,5,,0.6244101458391931,0.2124118188094431,0.6141424091887814,,,True,below threshold
fd1797eb-0ba4-4978-9f6b-5a24c23e1823,2026-06-01 00:28:00,28,5,,0.6244101458391931,0.2124118188094431,0.6141424091887814,,,True,below threshold
fd1797eb-0ba4-4978-9f6b-5a24c23e1823,2026-06-01 00:29:00,29,5,3.0,0.6244101458391931,0.2124118188094431,0.6141424091887814,,,True,below threshold
fd1797eb-0ba4-4978-9f6b-5a24c23e1823,2026-06-01 00:30:00,30,6,3.0,0.6244101458391931,0.2124118188094431,0.6141424091887814,0.0,0.0,False,below threshold
fd1797eb-0ba4-4978-9f6b-5a24c23e1823,2026-06-01 00:31:00,31,6,2.0,0.6244101458391931,0.2124118188094431,0.6141424091887814,1.0,0.5,True,below threshold
fd1797eb-0ba4-4978-9f6b-5a24c23e1823,2026-06-01 00:32:00,32,6,3.0,0.6244101458391931,0.2124118188094431,0.6141424091887814,1.0,0.6666666666666666,True,below threshold
fd1797eb-0ba4-4978-9f6b-5a24c23e1823,2026-06-01 00:33:00,33,6,4.0,0.6244101458391931,0.2124118188094431,0.6141424091887814,1.0,1.0,True,below threshold
fd1797eb-0ba4-4978-9f6b-5a24c23e1823,2026-06-01 00:34:00,34,6,3.0,0.6244101458391931,0.2124118188094431,0.6141424091887814,1.0,1.0,True,below threshold
fdf26028-1642-4722-8e63-99d244b795c6,2026-06-01 00:00:00,0,0,3.0,0.4048077780861401,0.408713036732988,0.19378760552999397,,,False,missing or insufficient EMA data
fdf26028-1642-4722-8e63-99d244b795c6,2026-06-01 00:01:00,1,0,3.0,0.4048077780861401,0.408713036732988,0.19378760552999397,0.0,0.0,True,below threshold
fdf26028-1642-4722-8e63-99d244b795c6,2026-06-01 00:02:00,2,0,2.0,0.4048077780861401,0.408713036732988,0.19378760552999397,1.0,0.5,True,below threshold
fdf26028-1642-4722-8e63-99d244b795c6,2026-06-01 00:03:00,3,0,2.0,0.4048077780861401,0.408713036732988,0.19378760552999397,0.0,0.3333333333333333,True,below threshold
fdf26028-1642-4722-8e63-99d244b795c6,2026-06-01 00:04:00,4,0,3.0,0.4048077780861401,0.408713036732988,0.19378760552999397,1.0,0.6666666666666666,True,below threshold
fdf26028-1642-4722-8e63-99d244b795c6,2026-06-01 00:05:00,5,1,3.0,0.4048077780861401,0.408713036732988,0.19378760552999397,0.0,0.3333333333333333,True,below threshold
fdf26028-1642-4722-8e63-99d244b795c6,2026-06-01 00:06:00,6,1,3.0,0.4048077780861401,0.408713036732988,0.19378760552999397,0.0,0.3333333333333333,True,below threshold
fdf26028-1642-4722-8e63-99d244b795c6,2026-06-01 00:07:00,7,1,4.0,0.4048077780861401,0.408713036732988,0.19378760552999397,1.0,0.3333333333333333,True,below threshold
fdf26028-1642-4722-8e63-99d244b795c6,2026-06-01 00:08:00,8,1,3.0,0.4048077780861401,0.408713036732988,0.19378760552999397,1.0,0.6666666666666666,True,below threshold
fdf26028-1642-4722-8e63-99d244b795c6,2026-06-01 00:09:00,9,1,3.0,0.4048077780861401,0.408713036732988,0.19378760552999397,0.0,0.6666666666666666,True,below threshold
fdf26028-1642-4722-8e63-99d244b795c6,2026-06-01 00:10:00,10,2,4.0,0.4048077780861401,0.408713036732988,0.19378760552999397,1.0,0.6666666666666666,True,prompt sent
fdf26028-1642-4722-8e63-99d244b795c6,2026-06-01 00:11:00,11,2,4.0,0.4048077780861401,0.408713036732988,0.19378760552999397,0.0,0.3333333333333333,True,cooldown active
fdf26028-1642-4722-8e63-99d244b795c6,2026-06-01 00:12:00,12,2,3.0,0.4048077780861401,0.408713036732988,0.19378760552999397,1.0,0.6666666666666666,True,cooldown active
fdf26028-1642-4722-8e63-99d244b795c6,2026-06-01 00:13:00,13,2,3.0,0.4048077780861401,0.408713036732988,0.19378760552999397,0.0,0.3333333333333333,True,cooldown active
fdf26028-1642-4722-8e63-99d244b795c6,2026-06-01 00:14:00,14,2,3.0,0.4048077780861401,0.408713036732988,0.19378760552999397,0.0,0.3333333333333333,True,cooldown active
fdf26028-1642-4722-8e63-99d244b795c6,2026-06-01 00:15:00,15,3,4.0,0.4048077780861401,0.408713036732988,0.19378760552999397,1.0,0.3333333333333333,True,below threshold
fdf26028-1642-4722-8e63-99d244b795c6,2026-06-01 00:16:00,16,3,3.0,0.4048077780861401,0.408713036732988,0.19378760552999397,1.0,0.6666666666666666,True,missing or insufficient EMA data
fdf26028-1642-4722-8e63-99d244b795c6,2026-06-01 00:17:00,17,3,3.0,0.4048077780861401,0.408713036732988,0.19378760552999397,0.0,0.6666666666666666,True,missing or insufficient EMA data
fdf26028-1642-4722-8e63-99d244b795c6,2026-06-01 00:18:00,18,3,3.0,0.4048077780861401,0.408713036732988,0.19378760552999397,0.0,0.3333333333333333,True,missing or insufficient EMA data
fdf26028-1642-4722-8e63-99d244b795c6,2026-06-01 00:19:00,19,3,3.0,0.4048077780861401,0.408713036732988,0.19378760552999397,0.0,0.0,True,below threshold
fdf26028-1642-4722-8e63-99d244b795c6,2026-06-01 00:20:00,20,4,3.0,0.4048077780861401,0.408713036732988,0.19378760552999397,0.0,0.0,True,below threshold
fdf26028-1642-4722-8e63-99d244b795c6,2026-06-01 00:21:00,21,4,4.0,0.4048077780861401,0.408713036732988,0.19378760552999397,1.0,0.3333333333333333,True,prompt sent
fdf26028-1642-4722-8e63-99d244b795c6,2026-06-01 00:22:00,22,4,4.0,0.4048077780861401,0.408713036732988,0.19378760552999397,0.0,0.3333333333333333,True,cooldown active
fdf26028-1642-4722-8e63-99d244b795c6,2026-06-01 00:23:00,23,4,3.0,0.4048077780861401,0.408713036732988,0.19378760552999397,1.0,0.6666666666666666,True,cooldown active
fdf26028-1642-4722-8e63-99d244b795c6,2026-06-01 00:24:00,24,4,2.0,0.4048077780861401,0.408713036732988,0.19378760552999397,1.0,0.6666666666666666,True,below threshold
fdf26028-1642-4722-8e63-99d244b795c6,2026-06-01 00:25:00,25,5,3.0,0.4048077780861401,0.408713036732988,0.19378760552999397,1.0,1.0,True,below threshold
fdf26028-1642-4722-8e63-99d244b795c6,2026-06-01 00:26:00,26,5,3.0,0.4048077780861401,0.408713036732988,0.19378760552999397,0.0,0.6666666666666666,True,below threshold
fdf26028-1642-4722-8e63-99d244b795c6,2026-06-01 00:27:00,27,5,3.0,0.4048077780861401,0.408713036732988,0.19378760552999397,0.0,0.3333333333333333,True,below threshold
fdf26028-1642-4722-8e63-99d244b795c6,2026-06-01 00:28:00,28,5,3.0,0.4048077780861401,0.408713036732988,0.19378760552999397,0.0,0.0,True,below threshold
fdf26028-1642-4722-8e63-99d244b795c6,2026-06-01 00:29:00,29,5,3.0,0.4048077780861401,0.408713036732988,0.19378760552999397,0.0,0.0,True,below threshold
fdf26028-1642-4722-8e63-99d244b795c6,2026-06-01 00:30:00,30,6,3.0,0.4048077780861401,0.408713036732988,0.19378760552999397,0.0,0.0,False,below threshold
fdf26028-1642-4722-8e63-99d244b795c6,2026-06-01 00:31:00,31,6,3.0,0.4048077780861401,0.408713036732988,0.19378760552999397,0.0,0.0,True,below threshold
fdf26028-1642-4722-8e63-99d244b795c6,2026-06-01 00:32:00,32,6,3.0,0.4048077780861401,0.408713036732988,0.19378760552999397,0.0,0.0,True,below threshold
fdf26028-1642-4722-8e63-99d244b795c6,2026-06-01 00:33:00,33,6,3.0,0.4048077780861401,0.408713036732988,0.19378760552999397,0.0,0.0,True,below threshold
fdf26028-1642-4722-8e63-99d244b795c6,2026-06-01 00:34:00,34,6,3.0,0.4048077780861401,0.408713036732988,0.19378760552999397,0.0,0.0,True,below threshold
fe70f25c-b0e0-46d0-baf8-b94860b1cc48,2026-06-01 00:00:00,0,0,2.0,0.9225246998595706,0.4354913676073746,0.9608522000967104,,,False,missing or insufficient EMA data
fe70f25c-b0e0-46d0-baf8-b94860b1cc48,2026-06-01 00:01:00,1,0,,0.9225246998595706,0.4354913676073746,0.9608522000967104,,,True,below threshold
fe70f25c-b0e0-46d0-baf8-b94860b1cc48,2026-06-01 00:02:00,2,0,,0.9225246998595706,0.4354913676073746,0.9608522000967104,,,True,below threshold
fe70f25c-b0e0-46d0-baf8-b94860b1cc48,2026-06-01 00:03:00,3,0,,0.9225246998595706,0.4354913676073746,0.9608522000967104,,,True,below threshold
fe70f25c-b0e0-46d0-baf8-b94860b1cc48,2026-06-01 00:04:00,4,0,,0.9225246998595706,0.4354913676073746,0.9608522000967104,,,True,below threshold
fe70f25c-b0e0-46d0-baf8-b94860b1cc48,2026-06-01 00:05:00,5,1,,0.9225246998595706,0.4354913676073746,0.9608522000967104,,,True,below threshold
fe70f25c-b0e0-46d0-baf8-b94860b1cc48,2026-06-01 00:06:00,6,1,,0.9225246998595706,0.4354913676073746,0.9608522000967104,,,True,below threshold
fe70f25c-b0e0-46d0-baf8-b94860b1cc48,2026-06-01 00:07:00,7,1,,0.9225246998595706,0.4354913676073746,0.9608522000967104,,,True,below threshold
fe70f25c-b0e0-46d0-baf8-b94860b1cc48,2026-06-01 00:08:00,8,1,2.0,0.9225246998595706,0.4354913676073746,0.9608522000967104,,,True,below threshold
fe70f25c-b0e0-46d0-baf8-b94860b1cc48,2026-06-01 00:09:00,9,1,1.0,0.9225246998595706,0.4354913676073746,0.9608522000967104,1.0,1.0,True,below threshold
fe70f25c-b0e0-46d0-baf8-b94860b1cc48,2026-06-01 00:10:00,10,2,1.0,0.9225246998595706,0.4354913676073746,0.9608522000967104,0.0,0.5,True,prompt sent
fe70f25c-b0e0-46d0-baf8-b94860b1cc48,2026-06-01 00:11:00,11,2,2.0,0.9225246998595706,0.4354913676073746,0.9608522000967104,1.0,0.6666666666666666,True,cooldown active
fe70f25c-b0e0-46d0-baf8-b94860b1cc48,2026-06-01 00:12:00,12,2,2.0,0.9225246998595706,0.4354913676073746,0.9608522000967104,0.0,0.3333333333333333,True,cooldown active
fe70f25c-b0e0-46d0-baf8-b94860b1cc48,2026-06-01 00:13:00,13,2,2.0,0.9225246998595706,0.4354913676073746,0.9608522000967104,0.0,0.3333333333333333,True,cooldown active
fe70f25c-b0e0-46d0-baf8-b94860b1cc48,2026-06-01 00:14:00,14,2,2.0,0.9225246998595706,0.4354913676073746,0.9608522000967104,0.0,0.0,True,cooldown active
fe70f25c-b0e0-46d0-baf8-b94860b1cc48,2026-06-01 00:15:00,15,3,2.0,0.9225246998595706,0.4354913676073746,0.9608522000967104,0.0,0.0,True,below threshold
fe70f25c-b0e0-46d0-baf8-b94860b1cc48,2026-06-01 00:16:00,16,3,3.0,0.9225246998595706,0.4354913676073746,0.9608522000967104,1.0,0.3333333333333333,True,missing or insufficient EMA data
fe70f25c-b0e0-46d0-baf8-b94860b1cc48,2026-06-01 00:17:00,17,3,3.0,0.9225246998595706,0.4354913676073746,0.9608522000967104,0.0,0.3333333333333333,True,missing or insufficient EMA data
fe70f25c-b0e0-46d0-baf8-b94860b1cc48,2026-06-01 00:18:00,18,3,3.0,0.9225246998595706,0.4354913676073746,0.9608522000967104,0.0,0.3333333333333333,True,missing or insufficient EMA data
fe70f25c-b0e0-46d0-baf8-b94860b1cc48,2026-06-01 00:19:00,19,3,2.0,0.9225246998595706,0.4354913676073746,0.9608522000967104,1.0,0.3333333333333333,True,below threshold
fe70f25c-b0e0-46d0-baf8-b94860b1cc48,2026-06-01 00:20:00,20,4,3.0,0.9225246998595706,0.4354913676073746,0.9608522000967104,1.0,0.6666666666666666,True,below threshold
fe70f25c-b0e0-46d0-baf8-b94860b1cc48,2026-06-01 00:21:00,21,4,3.0,0.9225246998595706,0.4354913676073746,0.9608522000967104,0.0,0.6666666666666666,True,prompt sent
fe70f25c-b0e0-46d0-baf8-b94860b1cc48,2026-06-01 00:22:00,22,4,3.0,0.9225246998595706,0.4354913676073746,0.9608522000967104,0.0,0.3333333333333333,True,cooldown active
fe70f25c-b0e0-46d0-baf8-b94860b1cc48,2026-06-01 00:23:00,23,4,,0.9225246998595706,0.4354913676073746,0.9608522000967104,,0.0,True,cooldown active
fe70f25c-b0e0-46d0-baf8-b94860b1cc48,2026-06-01 00:24:00,24,4,,0.9225246998595706,0.4354913676073746,0.9608522000967104,,0.0,True,below threshold
fe70f25c-b0e0-46d0-baf8-b94860b1cc48,2026-06-01 00:25:00,25,5,3.0,0.9225246998595706,0.4354913676073746,0.9608522000967104,,,True,below threshold
fe70f25c-b0e0-46d0-baf8-b94860b1cc48,2026-06-01 00:26:00,26,5,3.0,0.9225246998595706,0.4354913676073746,0.9608522000967104,0.0,0.0,True,below threshold
fe70f25c-b0e0-46d0-baf8-b94860b1cc48,2026-06-01 00:27:00,27,5,3.0,0.9225246998595706,0.4354913676073746,0.9608522000967104,0.0,0.0,True,below threshold
fe70f25c-b0e0-46d0-baf8-b94860b1cc48,2026-06-01 00:28:00,28,5,2.0,0.9225246998595706,0.4354913676073746,0.9608522000967104,1.0,0.3333333333333333,True,below threshold
fe70f25c-b0e0-46d0-baf8-b94860b1cc48,2026-06-01 00:29:00,29,5,2.0,0.9225246998595706,0.4354913676073746,0.9608522000967104,0.0,0.3333333333333333,True,below threshold
fe70f25c-b0e0-46d0-baf8-b94860b1cc48,2026-06-01 00:30:00,30,6,2.0,0.9225246998595706,0.4354913676073746,0.9608522000967104,0.0,0.3333333333333333,False,below threshold
fe70f25c-b0e0-46d0-baf8-b94860b1cc48,2026-06-01 00:31:00,31,6,3.0,0.9225246998595706,0.4354913676073746,0.9608522000967104,1.0,0.3333333333333333,True,below threshold
fe70f25c-b0e0-46d0-baf8-b94860b1cc48,2026-06-01 00:32:00,32,6,2.0,0.9225246998595706,0.4354913676073746,0.9608522000967104,1.0,0.6666666666666666,True,below threshold
fe70f25c-b0e0-46d0-baf8-b94860b1cc48,2026-06-01 00:33:00,33,6,2.0,0.9225246998595706,0.4354913676073746,0.9608522000967104,0.0,0.6666666666666666,True,below threshold
fe70f25c-b0e0-46d0-baf8-b94860b1cc48,2026-06-01 00:34:00,34,6,2.0,0.9225246998595706,0.4354913676073746,0.9608522000967104,0.0,0.3333333333333333,True,below threshold
fee2f5a9-5b46-4d50-a0f5-dbd0ede8925c,2026-06-01 00:00:00,0,0,2.0,1.0363127252593332,0.259905530202199,1.589640126068203,,,False,missing or insufficient EMA data
fee2f5a9-5b46-4d50-a0f5-dbd0ede8925c,2026-06-01 00:01:00,1,0,2.0,1.0363127252593332,0.259905530202199,1.589640126068203,0.0,0.0,True,below threshold
fee2f5a9-5b46-4d50-a0f5-dbd0ede8925c,2026-06-01 00:02:00,2,0,1.0,1.0363127252593332,0.259905530202199,1.589640126068203,1.0,0.5,True,below threshold
fee2f5a9-5b46-4d50-a0f5-dbd0ede8925c,2026-06-01 00:03:00,3,0,2.0,1.0363127252593332,0.259905530202199,1.589640126068203,1.0,0.6666666666666666,True,below threshold
fee2f5a9-5b46-4d50-a0f5-dbd0ede8925c,2026-06-01 00:04:00,4,0,1.0,1.0363127252593332,0.259905530202199,1.589640126068203,1.0,1.0,True,below threshold
fee2f5a9-5b46-4d50-a0f5-dbd0ede8925c,2026-06-01 00:05:00,5,1,2.0,1.0363127252593332,0.259905530202199,1.589640126068203,1.0,1.0,True,below threshold
fee2f5a9-5b46-4d50-a0f5-dbd0ede8925c,2026-06-01 00:06:00,6,1,3.0,1.0363127252593332,0.259905530202199,1.589640126068203,1.0,1.0,True,below threshold
fee2f5a9-5b46-4d50-a0f5-dbd0ede8925c,2026-06-01 00:07:00,7,1,3.0,1.0363127252593332,0.259905530202199,1.589640126068203,0.0,0.6666666666666666,True,below threshold
fee2f5a9-5b46-4d50-a0f5-dbd0ede8925c,2026-06-01 00:08:00,8,1,3.0,1.0363127252593332,0.259905530202199,1.589640126068203,0.0,0.3333333333333333,True,below threshold
fee2f5a9-5b46-4d50-a0f5-dbd0ede8925c,2026-06-01 00:09:00,9,1,1.0,1.0363127252593332,0.259905530202199,1.589640126068203,4.0,1.3333333333333333,True,below threshold
fee2f5a9-5b46-4d50-a0f5-dbd0ede8925c,2026-06-01 00:10:00,10,2,4.0,1.0363127252593332,0.259905530202199,1.589640126068203,9.0,4.333333333333333,True,prompt sent
fee2f5a9-5b46-4d50-a0f5-dbd0ede8925c,2026-06-01 00:11:00,11,2,2.0,1.0363127252593332,0.259905530202199,1.589640126068203,4.0,5.666666666666667,True,cooldown active
fee2f5a9-5b46-4d50-a0f5-dbd0ede8925c,2026-06-01 00:12:00,12,2,4.0,1.0363127252593332,0.259905530202199,1.589640126068203,4.0,5.666666666666667,True,cooldown active
fee2f5a9-5b46-4d50-a0f5-dbd0ede8925c,2026-06-01 00:13:00,13,2,4.0,1.0363127252593332,0.259905530202199,1.589640126068203,0.0,2.6666666666666665,True,cooldown active
fee2f5a9-5b46-4d50-a0f5-dbd0ede8925c,2026-06-01 00:14:00,14,2,,1.0363127252593332,0.259905530202199,1.589640126068203,,2.0,True,cooldown active
fee2f5a9-5b46-4d50-a0f5-dbd0ede8925c,2026-06-01 00:15:00,15,3,,1.0363127252593332,0.259905530202199,1.589640126068203,,0.0,True,below threshold
fee2f5a9-5b46-4d50-a0f5-dbd0ede8925c,2026-06-01 00:16:00,16,3,,1.0363127252593332,0.259905530202199,1.589640126068203,,,True,missing or insufficient EMA data
fee2f5a9-5b46-4d50-a0f5-dbd0ede8925c,2026-06-01 00:17:00,17,3,,1.0363127252593332,0.259905530202199,1.589640126068203,,,True,missing or insufficient EMA data
fee2f5a9-5b46-4d50-a0f5-dbd0ede8925c,2026-06-01 00:18:00,18,3,2.0,1.0363127252593332,0.259905530202199,1.589640126068203,,,True,missing or insufficient EMA data
fee2f5a9-5b46-4d50-a0f5-dbd0ede8925c,2026-06-01 00:19:00,19,3,2.0,1.0363127252593332,0.259905530202199,1.589640126068203,0.0,0.0,True,below threshold
fee2f5a9-5b46-4d50-a0f5-dbd0ede8925c,2026-06-01 00:20:00,20,4,1.0,1.0363127252593332,0.259905530202199,1.589640126068203,1.0,0.5,True,below threshold
fee2f5a9-5b46-4d50-a0f5-dbd0ede8925c,2026-06-01 00:21:00,21,4,3.0,1.0363127252593332,0.259905530202199,1.589640126068203,4.0,1.6666666666666667,True,prompt sent
fee2f5a9-5b46-4d50-a0f5-dbd0ede8925c,2026-06-01 00:22:00,22,4,2.0,1.0363127252593332,0.259905530202199,1.589640126068203,1.0,2.0,True,cooldown active
fee2f5a9-5b46-4d50-a0f5-dbd0ede8925c,2026-06-01 00:23:00,23,4,2.0,1.0363127252593332,0.259905530202199,1.589640126068203,0.0,1.6666666666666667,True,cooldown active
fee2f5a9-5b46-4d50-a0f5-dbd0ede8925c,2026-06-01 00:24:00,24,4,2.0,1.0363127252593332,0.259905530202199,1.589640126068203,0.0,0.3333333333333333,True,below threshold
fee2f5a9-5b46-4d50-a0f5-dbd0ede8925c,2026-06-01 00:25:00,25,5,3.0,1.0363127252593332,0.259905530202199,1.589640126068203,1.0,0.3333333333333333,True,below threshold
fee2f5a9-5b46-4d50-a0f5-dbd0ede8925c,2026-06-01 00:26:00,26,5,2.0,1.0363127252593332,0.259905530202199,1.589640126068203,1.0,0.6666666666666666,True,below threshold
fee2f5a9-5b46-4d50-a0f5-dbd0ede8925c,2026-06-01 00:27:00,27,5,1.0,1.0363127252593332,0.259905530202199,1.589640126068203,1.0,1.0,True,below threshold
fee2f5a9-5b46-4d50-a0f5-dbd0ede8925c,2026-06-01 00:28:00,28,5,2.0,1.0363127252593332,0.259905530202199,1.589640126068203,1.0,1.0,True,below threshold
fee2f5a9-5b46-4d50-a0f5-dbd0ede8925c,2026-06-01 00:29:00,29,5,3.0,1.0363127252593332,0.259905530202199,1.589640126068203,1.0,1.0,True,below threshold
fee2f5a9-5b46-4d50-a0f5-dbd0ede8925c,2026-06-01 00:30:00,30,6,2.0,1.0363127252593332,0.259905530202199,1.589640126068203,1.0,1.0,False,below threshold
fee2f5a9-5b46-4d50-a0f5-dbd0ede8925c,2026-06-01 00:31:00,31,6,1.0,1.0363127252593332,0.259905530202199,1.589640126068203,1.0,1.0,True,below threshold
fee2f5a9-5b46-4d50-a0f5-dbd0ede8925c,2026-06-01 00:32:00,32,6,2.0,1.0363127252593332,0.259905530202199,1.589640126068203,1.0,1.0,True,below threshold
fee2f5a9-5b46-4d50-a0f5-dbd0ede8925c,2026-06-01 00:33:00,33,6,1.0,1.0363127252593332,0.259905530202199,1.589640126068203,1.0,1.0,True,below threshold
fee2f5a9-5b46-4d50-a0f5-dbd0ede8925c,2026-06-01 00:34:00,34,6,1.0,1.0363127252593332,0.259905530202199,1.589640126068203,0.0,0.6666666666666666,True,below threshold
